1	Strength Other I	NULL	NULL	NULL	NULL	NULL	NULL	NULL	NULL
2	Strength Self I	NULL	NULL	NULL	NULL	NULL	NULL	NULL	NULL
3	Weakness Other I	NULL	NULL	NULL	NULL	NULL	NULL	NULL	NULL
4	Weakness Self I	NULL	NULL	NULL	NULL	NULL	NULL	NULL	NULL
5	Heal Other I	NULL	128	NULL	NULL	10	NULL	NULL	NULL
6	Heal Self I	NULL	128	NULL	NULL	10	NULL	NULL	NULL
7	Harm Other I	NULL	128	NULL	NULL	-4	NULL	NULL	NULL
8	Harm Self I	NULL	128	NULL	NULL	-4	NULL	NULL	NULL
9	Infuse Mana Other I	NULL	NULL	NULL	NULL	NULL	NULL	NULL	NULL
15	Vulnerability Other I	NULL	NULL	NULL	NULL	NULL	NULL	NULL	NULL
16	Vulnerability Self I	NULL	NULL	NULL	NULL	NULL	NULL	NULL	NULL
17	Invulnerability Other I	NULL	NULL	NULL	NULL	NULL	NULL	NULL	NULL
18	Invulnerability Self I	NULL	NULL	NULL	NULL	NULL	NULL	NULL	NULL
19	Fire Protection Other I	NULL	NULL	NULL	NULL	NULL	NULL	NULL	NULL
20	Fire Protection Self I	NULL	NULL	NULL	NULL	NULL	NULL	NULL	NULL
21	Fire Vulnerability Other I	NULL	NULL	NULL	NULL	NULL	NULL	NULL	NULL
22	Fire Vulnerability Self I	NULL	NULL	NULL	NULL	NULL	NULL	NULL	NULL
23	Armor Other I	NULL	NULL	NULL	NULL	NULL	NULL	NULL	NULL
24	Armor Self I	NULL	NULL	NULL	NULL	NULL	NULL	NULL	NULL
25	Imperil Other I	NULL	NULL	NULL	NULL	NULL	NULL	NULL	NULL
26	Imperil Self I	NULL	NULL	NULL	NULL	NULL	NULL	NULL	NULL
27	Flame Bolt I	16	NULL	NULL	NULL	NULL	NULL	NULL	NULL
28	Frost Bolt I	8	NULL	NULL	NULL	NULL	NULL	NULL	NULL
35	Aura of Blood Drinker Self I	NULL	NULL	NULL	NULL	NULL	NULL	NULL	NULL
36	Blood Loather I	NULL	NULL	NULL	NULL	NULL	NULL	NULL	NULL
37	Blade Bane I	NULL	NULL	NULL	NULL	NULL	NULL	NULL	NULL
38	Blade Lure I	NULL	NULL	NULL	NULL	NULL	NULL	NULL	NULL
47	Primary Portal Tie	NULL	NULL	NULL	NULL	NULL	NULL	NULL	NULL
48	Primary Portal Recall	NULL	NULL	NULL	NULL	NULL	NULL	NULL	NULL
49	Aura of Swift Killer Self I	NULL	NULL	NULL	NULL	NULL	NULL	NULL	NULL
50	Leaden Weapon I	NULL	NULL	NULL	NULL	NULL	NULL	NULL	NULL
51	Impenetrability I	NULL	NULL	NULL	NULL	NULL	NULL	NULL	NULL
53	Rejuvenation Other I	NULL	NULL	NULL	NULL	NULL	NULL	NULL	NULL
54	Rejuvenation Self I	NULL	NULL	NULL	NULL	NULL	NULL	NULL	NULL
57	Magic Bolt	2	NULL	NULL	NULL	NULL	NULL	NULL	NULL
58	Acid Stream I	32	NULL	NULL	NULL	NULL	NULL	NULL	NULL
59	Acid Stream II	32	NULL	NULL	NULL	NULL	NULL	NULL	NULL
60	Acid Stream III	32	NULL	NULL	NULL	NULL	NULL	NULL	NULL
61	Acid Stream IV	32	NULL	NULL	NULL	NULL	NULL	NULL	NULL
62	Acid Stream V	32	NULL	NULL	NULL	NULL	NULL	NULL	NULL
63	Acid Stream VI	32	NULL	NULL	NULL	NULL	NULL	NULL	NULL
64	Shock Wave I	4	NULL	NULL	NULL	NULL	NULL	NULL	NULL
65	Shock Wave II	4	NULL	NULL	NULL	NULL	NULL	NULL	NULL
66	Shock Wave III	4	NULL	NULL	NULL	NULL	NULL	NULL	NULL
67	Shock Wave IV	4	NULL	NULL	NULL	NULL	NULL	NULL	NULL
68	Shock Wave V	4	NULL	NULL	NULL	NULL	NULL	NULL	NULL
69	Shock Wave VI	4	NULL	NULL	NULL	NULL	NULL	NULL	NULL
70	Frost Bolt II	8	NULL	NULL	NULL	NULL	NULL	NULL	NULL
71	Frost Bolt III	8	NULL	NULL	NULL	NULL	NULL	NULL	NULL
72	Frost Bolt IV	8	NULL	NULL	NULL	NULL	NULL	NULL	NULL
73	Frost Bolt V	8	NULL	NULL	NULL	NULL	NULL	NULL	NULL
74	Frost Bolt VI	8	NULL	NULL	NULL	NULL	NULL	NULL	NULL
75	Lightning Bolt I	64	NULL	NULL	NULL	NULL	NULL	NULL	NULL
76	Lightning Bolt II	64	NULL	NULL	NULL	NULL	NULL	NULL	NULL
77	Lightning Bolt III	64	NULL	NULL	NULL	NULL	NULL	NULL	NULL
78	Lightning Bolt IV	64	NULL	NULL	NULL	NULL	NULL	NULL	NULL
79	Lightning Bolt V	64	NULL	NULL	NULL	NULL	NULL	NULL	NULL
80	Lightning Bolt VI	64	NULL	NULL	NULL	NULL	NULL	NULL	NULL
81	Flame Bolt II	16	NULL	NULL	NULL	NULL	NULL	NULL	NULL
82	Flame Bolt III	16	NULL	NULL	NULL	NULL	NULL	NULL	NULL
83	Flame Bolt IV	16	NULL	NULL	NULL	NULL	NULL	NULL	NULL
84	Flame Bolt V	16	NULL	NULL	NULL	NULL	NULL	NULL	NULL
85	Flame Bolt VI	16	NULL	NULL	NULL	NULL	NULL	NULL	NULL
86	Force Bolt I	2	NULL	NULL	NULL	NULL	NULL	NULL	NULL
87	Force Bolt II	2	NULL	NULL	NULL	NULL	NULL	NULL	NULL
88	Force Bolt III	2	NULL	NULL	NULL	NULL	NULL	NULL	NULL
89	Force Bolt IV	2	NULL	NULL	NULL	NULL	NULL	NULL	NULL
90	Force Bolt V	2	NULL	NULL	NULL	NULL	NULL	NULL	NULL
91	Force Bolt VI	2	NULL	NULL	NULL	NULL	NULL	NULL	NULL
92	Whirling Blade I	1	NULL	NULL	NULL	NULL	NULL	NULL	NULL
93	Whirling Blade II	1	NULL	NULL	NULL	NULL	NULL	NULL	NULL
94	Whirling Blade III	1	NULL	NULL	NULL	NULL	NULL	NULL	NULL
95	Whirling Blade IV	1	NULL	NULL	NULL	NULL	NULL	NULL	NULL
96	Whirling Blade V	1	NULL	NULL	NULL	NULL	NULL	NULL	NULL
97	Whirling Blade VI	1	NULL	NULL	NULL	NULL	NULL	NULL	NULL
99	Acid Blast III	32	NULL	NULL	NULL	NULL	NULL	NULL	NULL
100	Acid Blast IV	32	NULL	NULL	NULL	NULL	NULL	NULL	NULL
101	Acid Blast V	32	NULL	NULL	NULL	NULL	NULL	NULL	NULL
102	Acid Blast VI	32	NULL	NULL	NULL	NULL	NULL	NULL	NULL
103	Shock Blast III	4	NULL	NULL	NULL	NULL	NULL	NULL	NULL
104	Shock Blast IV	4	NULL	NULL	NULL	NULL	NULL	NULL	NULL
105	Shock Blast V	4	NULL	NULL	NULL	NULL	NULL	NULL	NULL
106	Shock Blast VI	4	NULL	NULL	NULL	NULL	NULL	NULL	NULL
107	Frost Blast III	8	NULL	NULL	NULL	NULL	NULL	NULL	NULL
108	Frost Blast IV	8	NULL	NULL	NULL	NULL	NULL	NULL	NULL
109	Frost Blast V	8	NULL	NULL	NULL	NULL	NULL	NULL	NULL
110	Frost Blast VI	8	NULL	NULL	NULL	NULL	NULL	NULL	NULL
111	Lightning Blast III	64	NULL	NULL	NULL	NULL	NULL	NULL	NULL
112	Lightning Blast IV	64	NULL	NULL	NULL	NULL	NULL	NULL	NULL
113	Lightning Blast V	64	NULL	NULL	NULL	NULL	NULL	NULL	NULL
114	Lightning Blast VI	64	NULL	NULL	NULL	NULL	NULL	NULL	NULL
115	Flame Blast III	16	NULL	NULL	NULL	NULL	NULL	NULL	NULL
116	Flame Blast IV	16	NULL	NULL	NULL	NULL	NULL	NULL	NULL
117	Flame Blast V	16	NULL	NULL	NULL	NULL	NULL	NULL	NULL
118	Flame Blast VI	16	NULL	NULL	NULL	NULL	NULL	NULL	NULL
119	Force Blast III	2	NULL	NULL	NULL	NULL	NULL	NULL	NULL
120	Force Blast IV	2	NULL	NULL	NULL	NULL	NULL	NULL	NULL
121	Force Blast V	2	NULL	NULL	NULL	NULL	NULL	NULL	NULL
122	Force Blast VI	2	NULL	NULL	NULL	NULL	NULL	NULL	NULL
123	Blade Blast III	1	NULL	NULL	NULL	NULL	NULL	NULL	NULL
124	Blade Blast IV	1	NULL	NULL	NULL	NULL	NULL	NULL	NULL
125	Blade Blast V	1	NULL	NULL	NULL	NULL	NULL	NULL	NULL
126	Blade Blast VI	1	NULL	NULL	NULL	NULL	NULL	NULL	NULL
127	Acid Volley III	32	NULL	NULL	NULL	NULL	NULL	NULL	NULL
128	Acid Volley IV	32	NULL	NULL	NULL	NULL	NULL	NULL	NULL
129	Acid Volley V	32	NULL	NULL	NULL	NULL	NULL	NULL	NULL
130	Acid Volley VI	32	NULL	NULL	NULL	NULL	NULL	NULL	NULL
131	Bludgeoning Volley III	4	NULL	NULL	NULL	NULL	NULL	NULL	NULL
132	Bludgeoning Volley IV	4	NULL	NULL	NULL	NULL	NULL	NULL	NULL
133	Bludgeoning Volley V	4	NULL	NULL	NULL	NULL	NULL	NULL	NULL
134	Bludgeoning Volley VI	4	NULL	NULL	NULL	NULL	NULL	NULL	NULL
135	Frost Volley III	8	NULL	NULL	NULL	NULL	NULL	NULL	NULL
136	Frost Volley IV	8	NULL	NULL	NULL	NULL	NULL	NULL	NULL
137	Frost Volley V	8	NULL	NULL	NULL	NULL	NULL	NULL	NULL
138	Frost Volley VI	8	NULL	NULL	NULL	NULL	NULL	NULL	NULL
139	Lightning Volley III	64	NULL	NULL	NULL	NULL	NULL	NULL	NULL
140	Lightning Volley IV	64	NULL	NULL	NULL	NULL	NULL	NULL	NULL
141	Lightning Volley V	64	NULL	NULL	NULL	NULL	NULL	NULL	NULL
142	Lightning Volley VI	64	NULL	NULL	NULL	NULL	NULL	NULL	NULL
143	Flame Volley III	16	NULL	NULL	NULL	NULL	NULL	NULL	NULL
144	Flame Volley IV	16	NULL	NULL	NULL	NULL	NULL	NULL	NULL
145	Flame Volley V	16	NULL	NULL	NULL	NULL	NULL	NULL	NULL
146	Flame Volley VI	16	NULL	NULL	NULL	NULL	NULL	NULL	NULL
147	Force Volley III	2	NULL	NULL	NULL	NULL	NULL	NULL	NULL
148	Force Volley IV	2	NULL	NULL	NULL	NULL	NULL	NULL	NULL
149	Force Volley V	2	NULL	NULL	NULL	NULL	NULL	NULL	NULL
150	Force Volley VI	2	NULL	NULL	NULL	NULL	NULL	NULL	NULL
151	Blade Volley III	1	NULL	NULL	NULL	NULL	NULL	NULL	NULL
152	Blade Volley IV	1	NULL	NULL	NULL	NULL	NULL	NULL	NULL
153	Blade Volley V	1	NULL	NULL	NULL	NULL	NULL	NULL	NULL
154	Blade Volley VI	1	NULL	NULL	NULL	NULL	NULL	NULL	NULL
157	Summon Primary Portal I	NULL	NULL	NULL	NULL	NULL	NULL	NULL	NULL
158	Summon Primary Portal II	NULL	NULL	NULL	NULL	NULL	NULL	NULL	NULL
159	Regeneration Other I	NULL	NULL	NULL	NULL	NULL	NULL	NULL	NULL
160	Regeneration Other II	NULL	NULL	NULL	NULL	NULL	NULL	NULL	NULL
161	Regeneration Other III	NULL	NULL	NULL	NULL	NULL	NULL	NULL	NULL
162	Regeneration Other IV	NULL	NULL	NULL	NULL	NULL	NULL	NULL	NULL
163	Regeneration Other V	NULL	NULL	NULL	NULL	NULL	NULL	NULL	NULL
164	Regeneration Other VI	NULL	NULL	NULL	NULL	NULL	NULL	NULL	NULL
165	Regeneration Self I	NULL	NULL	NULL	NULL	NULL	NULL	NULL	NULL
166	Regeneration Self II	NULL	NULL	NULL	NULL	NULL	NULL	NULL	NULL
167	Regeneration Self III	NULL	NULL	NULL	NULL	NULL	NULL	NULL	NULL
168	Regeneration Self IV	NULL	NULL	NULL	NULL	NULL	NULL	NULL	NULL
169	Regeneration Self V	NULL	NULL	NULL	NULL	NULL	NULL	NULL	NULL
170	Regeneration Self VI	NULL	NULL	NULL	NULL	NULL	NULL	NULL	NULL
171	Fester Other I	NULL	NULL	NULL	NULL	NULL	NULL	NULL	NULL
172	Fester Other II	NULL	NULL	NULL	NULL	NULL	NULL	NULL	NULL
173	Fester Other III	NULL	NULL	NULL	NULL	NULL	NULL	NULL	NULL
174	Fester Other IV	NULL	NULL	NULL	NULL	NULL	NULL	NULL	NULL
175	Fester Other V	NULL	NULL	NULL	NULL	NULL	NULL	NULL	NULL
176	Fester Other VI	NULL	NULL	NULL	NULL	NULL	NULL	NULL	NULL
178	Fester Self I	NULL	NULL	NULL	NULL	NULL	NULL	NULL	NULL
179	Fester Self II	NULL	NULL	NULL	NULL	NULL	NULL	NULL	NULL
180	Fester Self III	NULL	NULL	NULL	NULL	NULL	NULL	NULL	NULL
181	Fester Self IV	NULL	NULL	NULL	NULL	NULL	NULL	NULL	NULL
182	Fester Self V	NULL	NULL	NULL	NULL	NULL	NULL	NULL	NULL
183	Fester Self VI	NULL	NULL	NULL	NULL	NULL	NULL	NULL	NULL
184	Rejuvenation Other II	NULL	NULL	NULL	NULL	NULL	NULL	NULL	NULL
185	Rejuvenation Other III	NULL	NULL	NULL	NULL	NULL	NULL	NULL	NULL
186	Rejuvenation Other IV	NULL	NULL	NULL	NULL	NULL	NULL	NULL	NULL
187	Rejuvenation Other V	NULL	NULL	NULL	NULL	NULL	NULL	NULL	NULL
188	Rejuvenation Other VI	NULL	NULL	NULL	NULL	NULL	NULL	NULL	NULL
189	Rejuvenation Self II	NULL	NULL	NULL	NULL	NULL	NULL	NULL	NULL
190	Rejuvenation Self III	NULL	NULL	NULL	NULL	NULL	NULL	NULL	NULL
191	Rejuvenation Self IV	NULL	NULL	NULL	NULL	NULL	NULL	NULL	NULL
192	Rejuvenation Self V	NULL	NULL	NULL	NULL	NULL	NULL	NULL	NULL
193	Rejuvenation Self VI	NULL	NULL	NULL	NULL	NULL	NULL	NULL	NULL
194	Exhaustion Other I	NULL	NULL	NULL	NULL	NULL	NULL	NULL	NULL
195	Exhaustion Other II	NULL	NULL	NULL	NULL	NULL	NULL	NULL	NULL
196	Exhaustion Other III	NULL	NULL	NULL	NULL	NULL	NULL	NULL	NULL
197	Exhaustion Other IV	NULL	NULL	NULL	NULL	NULL	NULL	NULL	NULL
198	Exhaustion Other V	NULL	NULL	NULL	NULL	NULL	NULL	NULL	NULL
199	Exhaustion Other VI	NULL	NULL	NULL	NULL	NULL	NULL	NULL	NULL
200	Exhaustion Self I	NULL	NULL	NULL	NULL	NULL	NULL	NULL	NULL
201	Exhaustion Self II	NULL	NULL	NULL	NULL	NULL	NULL	NULL	NULL
202	Exhaustion Self III	NULL	NULL	NULL	NULL	NULL	NULL	NULL	NULL
203	Exhaustion Self IV	NULL	NULL	NULL	NULL	NULL	NULL	NULL	NULL
204	Exhaustion Self V	NULL	NULL	NULL	NULL	NULL	NULL	NULL	NULL
205	Exhaustion Self VI	NULL	NULL	NULL	NULL	NULL	NULL	NULL	NULL
206	Mana Renewal Other I	NULL	NULL	NULL	NULL	NULL	NULL	NULL	NULL
207	Mana Renewal Other II	NULL	NULL	NULL	NULL	NULL	NULL	NULL	NULL
208	Mana Renewal Other III	NULL	NULL	NULL	NULL	NULL	NULL	NULL	NULL
209	Mana Renewal Other IV	NULL	NULL	NULL	NULL	NULL	NULL	NULL	NULL
210	Mana Renewal Other V	NULL	NULL	NULL	NULL	NULL	NULL	NULL	NULL
211	Mana Renewal Other VI	NULL	NULL	NULL	NULL	NULL	NULL	NULL	NULL
212	Mana Renewal Self I	NULL	NULL	NULL	NULL	NULL	NULL	NULL	NULL
213	Mana Renewal Self II	NULL	NULL	NULL	NULL	NULL	NULL	NULL	NULL
214	Mana Renewal Self III	NULL	NULL	NULL	NULL	NULL	NULL	NULL	NULL
215	Mana Renewal Self IV	NULL	NULL	NULL	NULL	NULL	NULL	NULL	NULL
216	Mana Renewal Self V	NULL	NULL	NULL	NULL	NULL	NULL	NULL	NULL
217	Mana Renewal Self VI	NULL	NULL	NULL	NULL	NULL	NULL	NULL	NULL
218	Mana Depletion Other I	NULL	NULL	NULL	NULL	NULL	NULL	NULL	NULL
219	Mana Depletion Other II	NULL	NULL	NULL	NULL	NULL	NULL	NULL	NULL
220	Mana Depletion Other III	NULL	NULL	NULL	NULL	NULL	NULL	NULL	NULL
221	Mana Depletion Other IV	NULL	NULL	NULL	NULL	NULL	NULL	NULL	NULL
222	Mana Depletion Other V	NULL	NULL	NULL	NULL	NULL	NULL	NULL	NULL
223	Mana Depletion Other VI	NULL	NULL	NULL	NULL	NULL	NULL	NULL	NULL
224	Mana Depletion Self I	NULL	NULL	NULL	NULL	NULL	NULL	NULL	NULL
225	Mana Depletion Self II	NULL	NULL	NULL	NULL	NULL	NULL	NULL	NULL
226	Mana Depletion Self III	NULL	NULL	NULL	NULL	NULL	NULL	NULL	NULL
227	Mana Depletion Self IV	NULL	NULL	NULL	NULL	NULL	NULL	NULL	NULL
228	Mana Depletion Self V	NULL	NULL	NULL	NULL	NULL	NULL	NULL	NULL
229	Mana Depletion Self VI	NULL	NULL	NULL	NULL	NULL	NULL	NULL	NULL
230	Vulnerability Other II	NULL	NULL	NULL	NULL	NULL	NULL	NULL	NULL
231	Vulnerability Other III	NULL	NULL	NULL	NULL	NULL	NULL	NULL	NULL
232	Vulnerability Other IV	NULL	NULL	NULL	NULL	NULL	NULL	NULL	NULL
233	Vulnerability Other V	NULL	NULL	NULL	NULL	NULL	NULL	NULL	NULL
234	Vulnerability Other VI	NULL	NULL	NULL	NULL	NULL	NULL	NULL	NULL
235	Vulnerability Self II	NULL	NULL	NULL	NULL	NULL	NULL	NULL	NULL
236	Vulnerability Self III	NULL	NULL	NULL	NULL	NULL	NULL	NULL	NULL
237	Vulnerability Self IV	NULL	NULL	NULL	NULL	NULL	NULL	NULL	NULL
238	Vulnerability Self V	NULL	NULL	NULL	NULL	NULL	NULL	NULL	NULL
239	Vulnerability Self VI	NULL	NULL	NULL	NULL	NULL	NULL	NULL	NULL
240	Invulnerability Other II	NULL	NULL	NULL	NULL	NULL	NULL	NULL	NULL
241	Invulnerability Other III	NULL	NULL	NULL	NULL	NULL	NULL	NULL	NULL
242	Invulnerability Other IV	NULL	NULL	NULL	NULL	NULL	NULL	NULL	NULL
243	Invulnerability Other V	NULL	NULL	NULL	NULL	NULL	NULL	NULL	NULL
244	Invulnerability Other VI	NULL	NULL	NULL	NULL	NULL	NULL	NULL	NULL
245	Invulnerability Self II	NULL	NULL	NULL	NULL	NULL	NULL	NULL	NULL
246	Invulnerability Self III	NULL	NULL	NULL	NULL	NULL	NULL	NULL	NULL
247	Invulnerability Self IV	NULL	NULL	NULL	NULL	NULL	NULL	NULL	NULL
248	Invulnerability Self V	NULL	NULL	NULL	NULL	NULL	NULL	NULL	NULL
249	Invulnerability Self VI	NULL	NULL	NULL	NULL	NULL	NULL	NULL	NULL
250	Impregnability Other I	NULL	NULL	NULL	NULL	NULL	NULL	NULL	NULL
251	Impregnability Other II	NULL	NULL	NULL	NULL	NULL	NULL	NULL	NULL
252	Impregnability Other III	NULL	NULL	NULL	NULL	NULL	NULL	NULL	NULL
253	Impregnability Other IV	NULL	NULL	NULL	NULL	NULL	NULL	NULL	NULL
254	Impregnability Other V	NULL	NULL	NULL	NULL	NULL	NULL	NULL	NULL
255	Impregnability Other VI	NULL	NULL	NULL	NULL	NULL	NULL	NULL	NULL
256	Impregnability Self I	NULL	NULL	NULL	NULL	NULL	NULL	NULL	NULL
257	Impregnability Self II	NULL	NULL	NULL	NULL	NULL	NULL	NULL	NULL
258	Impregnability Self III	NULL	NULL	NULL	NULL	NULL	NULL	NULL	NULL
259	Impregnability Self IV	NULL	NULL	NULL	NULL	NULL	NULL	NULL	NULL
260	Impregnability Self V	NULL	NULL	NULL	NULL	NULL	NULL	NULL	NULL
261	Impregnability Self VI	NULL	NULL	NULL	NULL	NULL	NULL	NULL	NULL
262	Defenselessness Other I	NULL	NULL	NULL	NULL	NULL	NULL	NULL	NULL
263	Defenselessness Other II	NULL	NULL	NULL	NULL	NULL	NULL	NULL	NULL
264	Defenselessness Other III	NULL	NULL	NULL	NULL	NULL	NULL	NULL	NULL
265	Defenselessness Other IV	NULL	NULL	NULL	NULL	NULL	NULL	NULL	NULL
266	Defenselessness Other V	NULL	NULL	NULL	NULL	NULL	NULL	NULL	NULL
267	Defenselessness Other VI	NULL	NULL	NULL	NULL	NULL	NULL	NULL	NULL
268	Magic Resistance Other I	NULL	NULL	NULL	NULL	NULL	NULL	NULL	NULL
269	Magic Resistance Other II	NULL	NULL	NULL	NULL	NULL	NULL	NULL	NULL
270	Magic Resistance Other III	NULL	NULL	NULL	NULL	NULL	NULL	NULL	NULL
271	Magic Resistance Other IV	NULL	NULL	NULL	NULL	NULL	NULL	NULL	NULL
272	Magic Resistance Other V	NULL	NULL	NULL	NULL	NULL	NULL	NULL	NULL
273	Magic Resistance Other VI	NULL	NULL	NULL	NULL	NULL	NULL	NULL	NULL
274	Magic Resistance Self I	NULL	NULL	NULL	NULL	NULL	NULL	NULL	NULL
275	Magic Resistance Self II	NULL	NULL	NULL	NULL	NULL	NULL	NULL	NULL
276	Magic Resistance Self III	NULL	NULL	NULL	NULL	NULL	NULL	NULL	NULL
277	Magic Resistance Self IV	NULL	NULL	NULL	NULL	NULL	NULL	NULL	NULL
278	Magic Resistance Self V	NULL	NULL	NULL	NULL	NULL	NULL	NULL	NULL
279	Magic Resistance Self VI	NULL	NULL	NULL	NULL	NULL	NULL	NULL	NULL
280	Magic Yield Other I	NULL	NULL	NULL	NULL	NULL	NULL	NULL	NULL
281	Magic Yield Other II	NULL	NULL	NULL	NULL	NULL	NULL	NULL	NULL
282	Magic Yield Other III	NULL	NULL	NULL	NULL	NULL	NULL	NULL	NULL
283	Magic Yield Other IV	NULL	NULL	NULL	NULL	NULL	NULL	NULL	NULL
284	Magic Yield Other V	NULL	NULL	NULL	NULL	NULL	NULL	NULL	NULL
285	Magic Yield Other VI	NULL	NULL	NULL	NULL	NULL	NULL	NULL	NULL
286	Magic Yield Self I	NULL	NULL	NULL	NULL	NULL	NULL	NULL	NULL
287	Magic Yield Self II	NULL	NULL	NULL	NULL	NULL	NULL	NULL	NULL
288	Magic Yield Self III	NULL	NULL	NULL	NULL	NULL	NULL	NULL	NULL
289	Magic Yield Self IV	NULL	NULL	NULL	NULL	NULL	NULL	NULL	NULL
290	Magic Yield Self V	NULL	NULL	NULL	NULL	NULL	NULL	NULL	NULL
291	Magic Yield Self VI	NULL	NULL	NULL	NULL	NULL	NULL	NULL	NULL
292	Light Weapon Mastery Other I	NULL	NULL	NULL	NULL	NULL	NULL	NULL	NULL
293	Light Weapon Mastery Other II	NULL	NULL	NULL	NULL	NULL	NULL	NULL	NULL
294	Light Weapon Mastery Other III	NULL	NULL	NULL	NULL	NULL	NULL	NULL	NULL
295	Light Weapon Mastery Other IV	NULL	NULL	NULL	NULL	NULL	NULL	NULL	NULL
296	Light Weapon Mastery Other V	NULL	NULL	NULL	NULL	NULL	NULL	NULL	NULL
297	Light Weapon Mastery Other VI	NULL	NULL	NULL	NULL	NULL	NULL	NULL	NULL
298	Light Weapon Mastery Self I	NULL	NULL	NULL	NULL	NULL	NULL	NULL	NULL
299	Light Weapon Mastery Self II	NULL	NULL	NULL	NULL	NULL	NULL	NULL	NULL
300	Light Weapon Mastery Self III	NULL	NULL	NULL	NULL	NULL	NULL	NULL	NULL
301	Light Weapon Mastery Self IV	NULL	NULL	NULL	NULL	NULL	NULL	NULL	NULL
302	Light Weapon Mastery Self V	NULL	NULL	NULL	NULL	NULL	NULL	NULL	NULL
303	Light Weapon Mastery Self VI	NULL	NULL	NULL	NULL	NULL	NULL	NULL	NULL
304	Light Weapon Ineptitude Other I	NULL	NULL	NULL	NULL	NULL	NULL	NULL	NULL
305	Light Weapon Ineptitude Other II	NULL	NULL	NULL	NULL	NULL	NULL	NULL	NULL
306	Light Weapon Ineptitude Other III	NULL	NULL	NULL	NULL	NULL	NULL	NULL	NULL
307	Light Weapon Ineptitude Other IV	NULL	NULL	NULL	NULL	NULL	NULL	NULL	NULL
308	Light Weapon Ineptitude Other V	NULL	NULL	NULL	NULL	NULL	NULL	NULL	NULL
309	Light Weapon Ineptitude Other VI	NULL	NULL	NULL	NULL	NULL	NULL	NULL	NULL
310	Light Weapon Ineptitude Self I	NULL	NULL	NULL	NULL	NULL	NULL	NULL	NULL
311	Light Weapon Ineptitude Self II	NULL	NULL	NULL	NULL	NULL	NULL	NULL	NULL
312	Light Weapon Ineptitude Self III	NULL	NULL	NULL	NULL	NULL	NULL	NULL	NULL
313	Light Weapon Ineptitude Self IV	NULL	NULL	NULL	NULL	NULL	NULL	NULL	NULL
314	Light Weapon Ineptitude Self V	NULL	NULL	NULL	NULL	NULL	NULL	NULL	NULL
315	Light Weapon Ineptitude Self VI	NULL	NULL	NULL	NULL	NULL	NULL	NULL	NULL
316	Finesse Weapon Mastery Other I	NULL	NULL	NULL	NULL	NULL	NULL	NULL	NULL
317	Finesse Weapon Mastery Other II	NULL	NULL	NULL	NULL	NULL	NULL	NULL	NULL
318	Finesse Weapon Mastery Other III	NULL	NULL	NULL	NULL	NULL	NULL	NULL	NULL
319	Finesse Weapon Mastery Other IV	NULL	NULL	NULL	NULL	NULL	NULL	NULL	NULL
320	Finesse Weapon Mastery Other V	NULL	NULL	NULL	NULL	NULL	NULL	NULL	NULL
321	Finesse Weapon Mastery Other VI	NULL	NULL	NULL	NULL	NULL	NULL	NULL	NULL
322	Finesse Weapon Mastery Self I	NULL	NULL	NULL	NULL	NULL	NULL	NULL	NULL
323	Finesse Weapon Mastery Self II	NULL	NULL	NULL	NULL	NULL	NULL	NULL	NULL
324	Finesse Weapon Mastery Self III	NULL	NULL	NULL	NULL	NULL	NULL	NULL	NULL
325	Finesse Weapon Mastery Self IV	NULL	NULL	NULL	NULL	NULL	NULL	NULL	NULL
326	Finesse Weapon Mastery Self V	NULL	NULL	NULL	NULL	NULL	NULL	NULL	NULL
327	Finesse Weapon Mastery Self VI	NULL	NULL	NULL	NULL	NULL	NULL	NULL	NULL
328	Finesse Weapon Ineptitude Other I	NULL	NULL	NULL	NULL	NULL	NULL	NULL	NULL
329	Finesse Weapon Ineptitude Other II	NULL	NULL	NULL	NULL	NULL	NULL	NULL	NULL
330	Finesse Weapon Ineptitude Other III	NULL	NULL	NULL	NULL	NULL	NULL	NULL	NULL
331	Finesse Weapon Ineptitude Other IV	NULL	NULL	NULL	NULL	NULL	NULL	NULL	NULL
332	Finesse Weapon Ineptitude Other V	NULL	NULL	NULL	NULL	NULL	NULL	NULL	NULL
333	Finesse Weapon Ineptitude Other VI	NULL	NULL	NULL	NULL	NULL	NULL	NULL	NULL
334	Finesse Weapon Ineptitude Self I	NULL	NULL	NULL	NULL	NULL	NULL	NULL	NULL
335	Finesse Weapon Ineptitude Self II	NULL	NULL	NULL	NULL	NULL	NULL	NULL	NULL
336	Finesse Weapon Ineptitude Self III	NULL	NULL	NULL	NULL	NULL	NULL	NULL	NULL
337	Finesse Weapon Ineptitude Self IV	NULL	NULL	NULL	NULL	NULL	NULL	NULL	NULL
338	Finesse Weapon Ineptitude Self V	NULL	NULL	NULL	NULL	NULL	NULL	NULL	NULL
339	Finesse Weapon Ineptitude Self VI	NULL	NULL	NULL	NULL	NULL	NULL	NULL	NULL
340	Light Weapon Mastery Other I	NULL	NULL	NULL	NULL	NULL	NULL	NULL	NULL
341	Light Weapon Mastery Other II	NULL	NULL	NULL	NULL	NULL	NULL	NULL	NULL
342	Light Weapon Mastery Other III	NULL	NULL	NULL	NULL	NULL	NULL	NULL	NULL
343	Light Weapon Mastery Other IV	NULL	NULL	NULL	NULL	NULL	NULL	NULL	NULL
344	Light Weapon Mastery Other V	NULL	NULL	NULL	NULL	NULL	NULL	NULL	NULL
345	Light Weapon Mastery Other VI	NULL	NULL	NULL	NULL	NULL	NULL	NULL	NULL
346	Light Weapon Mastery Self I	NULL	NULL	NULL	NULL	NULL	NULL	NULL	NULL
347	Light Weapon Mastery Self II	NULL	NULL	NULL	NULL	NULL	NULL	NULL	NULL
348	Light Weapon Mastery Self III	NULL	NULL	NULL	NULL	NULL	NULL	NULL	NULL
349	Light Weapon Mastery Self IV	NULL	NULL	NULL	NULL	NULL	NULL	NULL	NULL
350	Light Weapon Mastery Self V	NULL	NULL	NULL	NULL	NULL	NULL	NULL	NULL
351	Light Weapon Mastery Self VI	NULL	NULL	NULL	NULL	NULL	NULL	NULL	NULL
352	Light Weapon Ineptitude Other I	NULL	NULL	NULL	NULL	NULL	NULL	NULL	NULL
353	Light Weapon Ineptitude Other II	NULL	NULL	NULL	NULL	NULL	NULL	NULL	NULL
354	Light Weapon Ineptitude Other III	NULL	NULL	NULL	NULL	NULL	NULL	NULL	NULL
355	Light Weapon Ineptitude Other IV	NULL	NULL	NULL	NULL	NULL	NULL	NULL	NULL
356	Light Weapon Ineptitude Other V	NULL	NULL	NULL	NULL	NULL	NULL	NULL	NULL
357	Light Weapon Ineptitude Other VI	NULL	NULL	NULL	NULL	NULL	NULL	NULL	NULL
358	Light Weapon Ineptitude Self I	NULL	NULL	NULL	NULL	NULL	NULL	NULL	NULL
359	Light Weapon Ineptitude Self II	NULL	NULL	NULL	NULL	NULL	NULL	NULL	NULL
360	Light Weapon Ineptitude Self III	NULL	NULL	NULL	NULL	NULL	NULL	NULL	NULL
361	Light Weapon Ineptitude Self IV	NULL	NULL	NULL	NULL	NULL	NULL	NULL	NULL
362	Light Weapon Ineptitude Self V	NULL	NULL	NULL	NULL	NULL	NULL	NULL	NULL
363	Light Weapon Ineptitude Self VI	NULL	NULL	NULL	NULL	NULL	NULL	NULL	NULL
364	Light Weapon Mastery Other I	NULL	NULL	NULL	NULL	NULL	NULL	NULL	NULL
365	Light Weapon Mastery Other II	NULL	NULL	NULL	NULL	NULL	NULL	NULL	NULL
366	Light Weapon Mastery Other III	NULL	NULL	NULL	NULL	NULL	NULL	NULL	NULL
367	Light Weapon Mastery Other IV	NULL	NULL	NULL	NULL	NULL	NULL	NULL	NULL
368	Light Weapon Mastery Other V	NULL	NULL	NULL	NULL	NULL	NULL	NULL	NULL
369	Light Weapon Mastery Other VI	NULL	NULL	NULL	NULL	NULL	NULL	NULL	NULL
370	Light Weapon Mastery Self I	NULL	NULL	NULL	NULL	NULL	NULL	NULL	NULL
371	Light Weapon Mastery Self II	NULL	NULL	NULL	NULL	NULL	NULL	NULL	NULL
372	Light Weapon Mastery Self III	NULL	NULL	NULL	NULL	NULL	NULL	NULL	NULL
373	Light Weapon Mastery Self IV	NULL	NULL	NULL	NULL	NULL	NULL	NULL	NULL
374	Light Weapon Mastery Self V	NULL	NULL	NULL	NULL	NULL	NULL	NULL	NULL
375	Light Weapon Mastery Self VI	NULL	NULL	NULL	NULL	NULL	NULL	NULL	NULL
376	Light Weapon Ineptitude Other I	NULL	NULL	NULL	NULL	NULL	NULL	NULL	NULL
377	Light Weapon Ineptitude Other II	NULL	NULL	NULL	NULL	NULL	NULL	NULL	NULL
378	Light Weapon Ineptitude Other III	NULL	NULL	NULL	NULL	NULL	NULL	NULL	NULL
379	Light Weapon Ineptitude Other IV	NULL	NULL	NULL	NULL	NULL	NULL	NULL	NULL
380	Light Weapon Ineptitude Other V	NULL	NULL	NULL	NULL	NULL	NULL	NULL	NULL
381	Light Weapon Ineptitude Other VI	NULL	NULL	NULL	NULL	NULL	NULL	NULL	NULL
382	Light Weapon Ineptitude Self I	NULL	NULL	NULL	NULL	NULL	NULL	NULL	NULL
383	Light Weapon Ineptitude Self II	NULL	NULL	NULL	NULL	NULL	NULL	NULL	NULL
384	Light Weapon Ineptitude Self III	NULL	NULL	NULL	NULL	NULL	NULL	NULL	NULL
385	Light Weapon Ineptitude Self IV	NULL	NULL	NULL	NULL	NULL	NULL	NULL	NULL
386	Light Weapon Ineptitude Self V	NULL	NULL	NULL	NULL	NULL	NULL	NULL	NULL
387	Light Weapon Ineptitude Self VI	NULL	NULL	NULL	NULL	NULL	NULL	NULL	NULL
388	Light Weapon Mastery Other I	NULL	NULL	NULL	NULL	NULL	NULL	NULL	NULL
389	Light Weapon Mastery Other II	NULL	NULL	NULL	NULL	NULL	NULL	NULL	NULL
390	Light Weapon Mastery Other III	NULL	NULL	NULL	NULL	NULL	NULL	NULL	NULL
391	Light Weapon Mastery Other IV	NULL	NULL	NULL	NULL	NULL	NULL	NULL	NULL
392	Light Weapon Mastery Other V	NULL	NULL	NULL	NULL	NULL	NULL	NULL	NULL
393	Light Weapon Mastery Other VI	NULL	NULL	NULL	NULL	NULL	NULL	NULL	NULL
394	Light Weapon Mastery Self I	NULL	NULL	NULL	NULL	NULL	NULL	NULL	NULL
395	Light Weapon Mastery Self II	NULL	NULL	NULL	NULL	NULL	NULL	NULL	NULL
396	Light Weapon Mastery Self III	NULL	NULL	NULL	NULL	NULL	NULL	NULL	NULL
397	Light Weapon Mastery Self IV	NULL	NULL	NULL	NULL	NULL	NULL	NULL	NULL
398	Light Weapon Mastery Self V	NULL	NULL	NULL	NULL	NULL	NULL	NULL	NULL
399	Light Weapon Mastery Self VI	NULL	NULL	NULL	NULL	NULL	NULL	NULL	NULL
400	Light Weapon Ineptitude Other I	NULL	NULL	NULL	NULL	NULL	NULL	NULL	NULL
401	Light Weapon Ineptitude Other II	NULL	NULL	NULL	NULL	NULL	NULL	NULL	NULL
402	Light Weapon Ineptitude Other III	NULL	NULL	NULL	NULL	NULL	NULL	NULL	NULL
403	Light Weapon Ineptitude Other IV	NULL	NULL	NULL	NULL	NULL	NULL	NULL	NULL
404	Light Weapon Ineptitude Other V	NULL	NULL	NULL	NULL	NULL	NULL	NULL	NULL
405	Light Weapon Ineptitude Other VI	NULL	NULL	NULL	NULL	NULL	NULL	NULL	NULL
406	Light Weapon Ineptitude Self I	NULL	NULL	NULL	NULL	NULL	NULL	NULL	NULL
407	Light Weapon Ineptitude Self II	NULL	NULL	NULL	NULL	NULL	NULL	NULL	NULL
408	Light Weapon Ineptitude Self III	NULL	NULL	NULL	NULL	NULL	NULL	NULL	NULL
409	Light Weapon Ineptitude Self IV	NULL	NULL	NULL	NULL	NULL	NULL	NULL	NULL
410	Light Weapon Ineptitude Self V	NULL	NULL	NULL	NULL	NULL	NULL	NULL	NULL
411	Light Weapon Ineptitude Self VI	NULL	NULL	NULL	NULL	NULL	NULL	NULL	NULL
412	Heavy Weapon Mastery Other I	NULL	NULL	NULL	NULL	NULL	NULL	NULL	NULL
413	Heavy Weapon Mastery Other II	NULL	NULL	NULL	NULL	NULL	NULL	NULL	NULL
414	Heavy Weapon Mastery Other III	NULL	NULL	NULL	NULL	NULL	NULL	NULL	NULL
415	Heavy Weapon Mastery Other IV	NULL	NULL	NULL	NULL	NULL	NULL	NULL	NULL
416	Heavy Weapon Mastery Other V	NULL	NULL	NULL	NULL	NULL	NULL	NULL	NULL
417	Heavy Weapon Mastery Other VI	NULL	NULL	NULL	NULL	NULL	NULL	NULL	NULL
418	Heavy Weapon Mastery Self I	NULL	NULL	NULL	NULL	NULL	NULL	NULL	NULL
419	Heavy Weapon Mastery Self II	NULL	NULL	NULL	NULL	NULL	NULL	NULL	NULL
420	Heavy Weapon Mastery Self III	NULL	NULL	NULL	NULL	NULL	NULL	NULL	NULL
421	Heavy Weapon Mastery Self IV	NULL	NULL	NULL	NULL	NULL	NULL	NULL	NULL
422	Heavy Weapon Mastery Self V	NULL	NULL	NULL	NULL	NULL	NULL	NULL	NULL
423	Heavy Weapon Mastery Self VI	NULL	NULL	NULL	NULL	NULL	NULL	NULL	NULL
424	Heavy Weapon Ineptitude Other I	NULL	NULL	NULL	NULL	NULL	NULL	NULL	NULL
425	Heavy Weapon Ineptitude Other II	NULL	NULL	NULL	NULL	NULL	NULL	NULL	NULL
426	Heavy Weapon Ineptitude Other III	NULL	NULL	NULL	NULL	NULL	NULL	NULL	NULL
427	Heavy Weapon Ineptitude Other IV	NULL	NULL	NULL	NULL	NULL	NULL	NULL	NULL
428	Heavy Weapon Ineptitude Other V	NULL	NULL	NULL	NULL	NULL	NULL	NULL	NULL
429	Heavy Weapon Ineptitude Other VI	NULL	NULL	NULL	NULL	NULL	NULL	NULL	NULL
430	Heavy Weapon Ineptitude Self I	NULL	NULL	NULL	NULL	NULL	NULL	NULL	NULL
431	Heavy Weapon Ineptitude Self II	NULL	NULL	NULL	NULL	NULL	NULL	NULL	NULL
432	Heavy Weapon Ineptitude Self III	NULL	NULL	NULL	NULL	NULL	NULL	NULL	NULL
433	Heavy Weapon Ineptitude Self IV	NULL	NULL	NULL	NULL	NULL	NULL	NULL	NULL
435	Heavy Weapon Ineptitude Self V	NULL	NULL	NULL	NULL	NULL	NULL	NULL	NULL
436	Heavy Weapon Ineptitude Self VI	NULL	NULL	NULL	NULL	NULL	NULL	NULL	NULL
437	Light Weapon Mastery Other I	NULL	NULL	NULL	NULL	NULL	NULL	NULL	NULL
438	Light Weapon Mastery Other II	NULL	NULL	NULL	NULL	NULL	NULL	NULL	NULL
439	Light Weapon Mastery Other III	NULL	NULL	NULL	NULL	NULL	NULL	NULL	NULL
440	Light Weapon Mastery Other IV	NULL	NULL	NULL	NULL	NULL	NULL	NULL	NULL
441	Light Weapon Mastery Other V	NULL	NULL	NULL	NULL	NULL	NULL	NULL	NULL
442	Light Weapon Mastery Other VI	NULL	NULL	NULL	NULL	NULL	NULL	NULL	NULL
443	Light Weapon Mastery Self I	NULL	NULL	NULL	NULL	NULL	NULL	NULL	NULL
444	Light Weapon Mastery Self II	NULL	NULL	NULL	NULL	NULL	NULL	NULL	NULL
445	Light Weapon Mastery Self III	NULL	NULL	NULL	NULL	NULL	NULL	NULL	NULL
446	Light Weapon Mastery Self IV	NULL	NULL	NULL	NULL	NULL	NULL	NULL	NULL
447	Light Weapon Mastery Self V	NULL	NULL	NULL	NULL	NULL	NULL	NULL	NULL
448	Light Weapon Mastery Self VI	NULL	NULL	NULL	NULL	NULL	NULL	NULL	NULL
449	Light Weapon Ineptitude Other I	NULL	NULL	NULL	NULL	NULL	NULL	NULL	NULL
450	Light Weapon Ineptitude Other II	NULL	NULL	NULL	NULL	NULL	NULL	NULL	NULL
451	Light Weapon Ineptitude Other III	NULL	NULL	NULL	NULL	NULL	NULL	NULL	NULL
452	Light Weapon Ineptitude Other IV	NULL	NULL	NULL	NULL	NULL	NULL	NULL	NULL
453	Light Weapon Ineptitude Other V	NULL	NULL	NULL	NULL	NULL	NULL	NULL	NULL
454	Light Weapon Ineptitude Other VI	NULL	NULL	NULL	NULL	NULL	NULL	NULL	NULL
455	Light Weapon Ineptitude Self I	NULL	NULL	NULL	NULL	NULL	NULL	NULL	NULL
456	Light Weapon Ineptitude Self II	NULL	NULL	NULL	NULL	NULL	NULL	NULL	NULL
457	Light Weapon Ineptitude Self III	NULL	NULL	NULL	NULL	NULL	NULL	NULL	NULL
458	Light Weapon Ineptitude Self IV	NULL	NULL	NULL	NULL	NULL	NULL	NULL	NULL
459	Light Weapon Ineptitude Self V	NULL	NULL	NULL	NULL	NULL	NULL	NULL	NULL
460	Light Weapon Ineptitude Self VI	NULL	NULL	NULL	NULL	NULL	NULL	NULL	NULL
461	Missile Weapon Mastery Other I	NULL	NULL	NULL	NULL	NULL	NULL	NULL	NULL
462	Missile Weapon Mastery Other II	NULL	NULL	NULL	NULL	NULL	NULL	NULL	NULL
463	Missile Weapon Mastery Other III	NULL	NULL	NULL	NULL	NULL	NULL	NULL	NULL
464	Missile Weapon Mastery Other IV	NULL	NULL	NULL	NULL	NULL	NULL	NULL	NULL
465	Missile Weapon Mastery Other V	NULL	NULL	NULL	NULL	NULL	NULL	NULL	NULL
466	Missile Weapon Mastery Other VI	NULL	NULL	NULL	NULL	NULL	NULL	NULL	NULL
467	Missile Weapon Mastery Self I	NULL	NULL	NULL	NULL	NULL	NULL	NULL	NULL
468	Missile Weapon Mastery Self II	NULL	NULL	NULL	NULL	NULL	NULL	NULL	NULL
469	Missile Weapon Mastery Self III	NULL	NULL	NULL	NULL	NULL	NULL	NULL	NULL
470	Missile Weapon Mastery Self IV	NULL	NULL	NULL	NULL	NULL	NULL	NULL	NULL
471	Missile Weapon Mastery Self V	NULL	NULL	NULL	NULL	NULL	NULL	NULL	NULL
472	Missile Weapon Mastery Self VI	NULL	NULL	NULL	NULL	NULL	NULL	NULL	NULL
473	Missile Weapon Ineptitude Other I	NULL	NULL	NULL	NULL	NULL	NULL	NULL	NULL
474	Missile Weapon Ineptitude Other II	NULL	NULL	NULL	NULL	NULL	NULL	NULL	NULL
475	Missile Weapon Ineptitude Other III	NULL	NULL	NULL	NULL	NULL	NULL	NULL	NULL
476	Missile Weapon Ineptitude Other IV	NULL	NULL	NULL	NULL	NULL	NULL	NULL	NULL
477	Missile Weapon Ineptitude Other V	NULL	NULL	NULL	NULL	NULL	NULL	NULL	NULL
478	Missile Weapon Ineptitude Other VI	NULL	NULL	NULL	NULL	NULL	NULL	NULL	NULL
479	Missile Weapon Ineptitude Self I	NULL	NULL	NULL	NULL	NULL	NULL	NULL	NULL
480	Missile Weapon Ineptitude Self II	NULL	NULL	NULL	NULL	NULL	NULL	NULL	NULL
481	Missile Weapon Ineptitude Self III	NULL	NULL	NULL	NULL	NULL	NULL	NULL	NULL
482	Missile Weapon Ineptitude Self IV	NULL	NULL	NULL	NULL	NULL	NULL	NULL	NULL
483	Missile Weapon Ineptitude Self V	NULL	NULL	NULL	NULL	NULL	NULL	NULL	NULL
484	Missile Weapon Ineptitude Self VI	NULL	NULL	NULL	NULL	NULL	NULL	NULL	NULL
485	Missile Weapon Mastery Other I	NULL	NULL	NULL	NULL	NULL	NULL	NULL	NULL
486	Missile Weapon Mastery Other II	NULL	NULL	NULL	NULL	NULL	NULL	NULL	NULL
487	Missile Weapon Mastery Other III	NULL	NULL	NULL	NULL	NULL	NULL	NULL	NULL
488	Missile Weapon Mastery Other IV	NULL	NULL	NULL	NULL	NULL	NULL	NULL	NULL
489	Missile Weapon Mastery Other V	NULL	NULL	NULL	NULL	NULL	NULL	NULL	NULL
490	Missile Weapon Mastery Other VI	NULL	NULL	NULL	NULL	NULL	NULL	NULL	NULL
491	Missile Weapon Mastery Self I	NULL	NULL	NULL	NULL	NULL	NULL	NULL	NULL
492	Missile Weapon Mastery Self II	NULL	NULL	NULL	NULL	NULL	NULL	NULL	NULL
493	Missile Weapon Mastery Self III	NULL	NULL	NULL	NULL	NULL	NULL	NULL	NULL
494	Missile Weapon Mastery Self IV	NULL	NULL	NULL	NULL	NULL	NULL	NULL	NULL
495	Missile Weapon Mastery Self V	NULL	NULL	NULL	NULL	NULL	NULL	NULL	NULL
496	Missile Weapon Mastery Self VI	NULL	NULL	NULL	NULL	NULL	NULL	NULL	NULL
497	Missile Weapon Ineptitude Other I	NULL	NULL	NULL	NULL	NULL	NULL	NULL	NULL
498	Missile Weapon Ineptitude Other II	NULL	NULL	NULL	NULL	NULL	NULL	NULL	NULL
499	Missile Weapon Ineptitude Other III	NULL	NULL	NULL	NULL	NULL	NULL	NULL	NULL
500	Missile Weapon Ineptitude Other IV	NULL	NULL	NULL	NULL	NULL	NULL	NULL	NULL
501	Missile Weapon Ineptitude Other V	NULL	NULL	NULL	NULL	NULL	NULL	NULL	NULL
502	Missile Weapon Ineptitude Other VI	NULL	NULL	NULL	NULL	NULL	NULL	NULL	NULL
503	Missile Weapon Ineptitude Self I	NULL	NULL	NULL	NULL	NULL	NULL	NULL	NULL
504	Missile Weapon Ineptitude Self II	NULL	NULL	NULL	NULL	NULL	NULL	NULL	NULL
505	Missile Weapon Ineptitude Self III	NULL	NULL	NULL	NULL	NULL	NULL	NULL	NULL
506	Missile Weapon Ineptitude Self IV	NULL	NULL	NULL	NULL	NULL	NULL	NULL	NULL
507	Missile Weapon Ineptitude Self V	NULL	NULL	NULL	NULL	NULL	NULL	NULL	NULL
508	Missile Weapon Ineptitude Self VI	NULL	NULL	NULL	NULL	NULL	NULL	NULL	NULL
509	Acid Protection Other I	NULL	NULL	NULL	NULL	NULL	NULL	NULL	NULL
510	Acid Protection Other II	NULL	NULL	NULL	NULL	NULL	NULL	NULL	NULL
511	Acid Protection Other III	NULL	NULL	NULL	NULL	NULL	NULL	NULL	NULL
512	Acid Protection Other IV	NULL	NULL	NULL	NULL	NULL	NULL	NULL	NULL
513	Acid Protection Other V	NULL	NULL	NULL	NULL	NULL	NULL	NULL	NULL
514	Acid Protection Other VI	NULL	NULL	NULL	NULL	NULL	NULL	NULL	NULL
515	Acid Protection Self I	NULL	NULL	NULL	NULL	NULL	NULL	NULL	NULL
516	Acid Protection Self II	NULL	NULL	NULL	NULL	NULL	NULL	NULL	NULL
517	Acid Protection Self III	NULL	NULL	NULL	NULL	NULL	NULL	NULL	NULL
518	Acid Protection Self IV	NULL	NULL	NULL	NULL	NULL	NULL	NULL	NULL
519	Acid Protection Self V	NULL	NULL	NULL	NULL	NULL	NULL	NULL	NULL
520	Acid Protection Self VI	NULL	NULL	NULL	NULL	NULL	NULL	NULL	NULL
521	Acid Vulnerability Other I	NULL	NULL	NULL	NULL	NULL	NULL	NULL	NULL
522	Acid Vulnerability Other II	NULL	NULL	NULL	NULL	NULL	NULL	NULL	NULL
523	Acid Vulnerability Other III	NULL	NULL	NULL	NULL	NULL	NULL	NULL	NULL
524	Acid Vulnerability Other IV	NULL	NULL	NULL	NULL	NULL	NULL	NULL	NULL
525	Acid Vulnerability Other V	NULL	NULL	NULL	NULL	NULL	NULL	NULL	NULL
526	Acid Vulnerability Other VI	NULL	NULL	NULL	NULL	NULL	NULL	NULL	NULL
527	Acid Vulnerability Self I	NULL	NULL	NULL	NULL	NULL	NULL	NULL	NULL
528	Acid Vulnerability Self II	NULL	NULL	NULL	NULL	NULL	NULL	NULL	NULL
529	Acid Vulnerability Self III	NULL	NULL	NULL	NULL	NULL	NULL	NULL	NULL
530	Acid Vulnerability Self IV	NULL	NULL	NULL	NULL	NULL	NULL	NULL	NULL
531	Acid Vulnerability Self V	NULL	NULL	NULL	NULL	NULL	NULL	NULL	NULL
532	Acid Vulnerability Self VI	NULL	NULL	NULL	NULL	NULL	NULL	NULL	NULL
533	Missile Weapon Mastery Other I	NULL	NULL	NULL	NULL	NULL	NULL	NULL	NULL
534	Missile Weapon Mastery Other II	NULL	NULL	NULL	NULL	NULL	NULL	NULL	NULL
535	Missile Weapon Mastery Other III	NULL	NULL	NULL	NULL	NULL	NULL	NULL	NULL
536	Missile Weapon Mastery Other IV	NULL	NULL	NULL	NULL	NULL	NULL	NULL	NULL
537	Missile Weapon Mastery Other V	NULL	NULL	NULL	NULL	NULL	NULL	NULL	NULL
538	Missile Weapon Mastery Other VI	NULL	NULL	NULL	NULL	NULL	NULL	NULL	NULL
539	Missile Weapon Mastery Self I	NULL	NULL	NULL	NULL	NULL	NULL	NULL	NULL
540	Missile Weapon Mastery Self II	NULL	NULL	NULL	NULL	NULL	NULL	NULL	NULL
541	Missile Weapon Mastery Self III	NULL	NULL	NULL	NULL	NULL	NULL	NULL	NULL
542	Missile Weapon Mastery Self IV	NULL	NULL	NULL	NULL	NULL	NULL	NULL	NULL
543	Missile Weapon Mastery Self V	NULL	NULL	NULL	NULL	NULL	NULL	NULL	NULL
544	Missile Weapon Mastery Self VI	NULL	NULL	NULL	NULL	NULL	NULL	NULL	NULL
545	Missile Weapon Ineptitude Other I	NULL	NULL	NULL	NULL	NULL	NULL	NULL	NULL
546	Missile Weapon Ineptitude Other II	NULL	NULL	NULL	NULL	NULL	NULL	NULL	NULL
547	Missile Weapon Ineptitude Other III	NULL	NULL	NULL	NULL	NULL	NULL	NULL	NULL
548	Missile Weapon Ineptitude Other IV	NULL	NULL	NULL	NULL	NULL	NULL	NULL	NULL
549	Missile Weapon Ineptitude Other V	NULL	NULL	NULL	NULL	NULL	NULL	NULL	NULL
550	Missile Weapon Ineptitude Other VI	NULL	NULL	NULL	NULL	NULL	NULL	NULL	NULL
551	Missile Weapon Ineptitude Self I	NULL	NULL	NULL	NULL	NULL	NULL	NULL	NULL
552	Missile Weapon Ineptitude Self II	NULL	NULL	NULL	NULL	NULL	NULL	NULL	NULL
553	Missile Weapon Ineptitude Self III	NULL	NULL	NULL	NULL	NULL	NULL	NULL	NULL
554	Missile Weapon Ineptitude Self IV	NULL	NULL	NULL	NULL	NULL	NULL	NULL	NULL
555	Missile Weapon Ineptitude Self V	NULL	NULL	NULL	NULL	NULL	NULL	NULL	NULL
556	Missile Weapon Ineptitude Self VI	NULL	NULL	NULL	NULL	NULL	NULL	NULL	NULL
557	Creature Enchantment Mastery Self I	NULL	NULL	NULL	NULL	NULL	NULL	NULL	NULL
558	Creature Enchantment Mastery Self II	NULL	NULL	NULL	NULL	NULL	NULL	NULL	NULL
559	Creature Enchantment Mastery Self III	NULL	NULL	NULL	NULL	NULL	NULL	NULL	NULL
560	Creature Enchantment Mastery Self IV	NULL	NULL	NULL	NULL	NULL	NULL	NULL	NULL
561	Creature Enchantment Mastery Self V	NULL	NULL	NULL	NULL	NULL	NULL	NULL	NULL
562	Creature Enchantment Mastery Self VI	NULL	NULL	NULL	NULL	NULL	NULL	NULL	NULL
563	Creature Enchantment Mastery Other I	NULL	NULL	NULL	NULL	NULL	NULL	NULL	NULL
564	Creature Enchantment Mastery Other II	NULL	NULL	NULL	NULL	NULL	NULL	NULL	NULL
565	Creature Enchantment Mastery Other III	NULL	NULL	NULL	NULL	NULL	NULL	NULL	NULL
566	Creature Enchantment Mastery Other IV	NULL	NULL	NULL	NULL	NULL	NULL	NULL	NULL
567	Creature Enchantment Mastery Other V	NULL	NULL	NULL	NULL	NULL	NULL	NULL	NULL
568	Creature Enchantment Mastery Other VI	NULL	NULL	NULL	NULL	NULL	NULL	NULL	NULL
569	Creature Enchantment Ineptitude Other I	NULL	NULL	NULL	NULL	NULL	NULL	NULL	NULL
570	Creature Enchantment Ineptitude Other II	NULL	NULL	NULL	NULL	NULL	NULL	NULL	NULL
571	Creature Enchantment Ineptitude Other III	NULL	NULL	NULL	NULL	NULL	NULL	NULL	NULL
572	Creature Enchantment Ineptitude Other IV	NULL	NULL	NULL	NULL	NULL	NULL	NULL	NULL
573	Creature Enchantment Ineptitude Other V	NULL	NULL	NULL	NULL	NULL	NULL	NULL	NULL
574	Creature Enchantment Ineptitude Other VI	NULL	NULL	NULL	NULL	NULL	NULL	NULL	NULL
575	Creature Enchantment Ineptitude Self I	NULL	NULL	NULL	NULL	NULL	NULL	NULL	NULL
576	Creature Enchantment Ineptitude Self II	NULL	NULL	NULL	NULL	NULL	NULL	NULL	NULL
577	Creature Enchantment Ineptitude Self III	NULL	NULL	NULL	NULL	NULL	NULL	NULL	NULL
578	Creature Enchantment Ineptitude Self IV	NULL	NULL	NULL	NULL	NULL	NULL	NULL	NULL
579	Creature Enchantment Ineptitude Self V	NULL	NULL	NULL	NULL	NULL	NULL	NULL	NULL
580	Creature Enchantment Ineptitude Self VI	NULL	NULL	NULL	NULL	NULL	NULL	NULL	NULL
581	Item Enchantment Mastery Self I	NULL	NULL	NULL	NULL	NULL	NULL	NULL	NULL
582	Item Enchantment Mastery Self II	NULL	NULL	NULL	NULL	NULL	NULL	NULL	NULL
583	Item Enchantment Mastery Self III	NULL	NULL	NULL	NULL	NULL	NULL	NULL	NULL
584	Item Enchantment Mastery Self IV	NULL	NULL	NULL	NULL	NULL	NULL	NULL	NULL
585	Item Enchantment Mastery Self V	NULL	NULL	NULL	NULL	NULL	NULL	NULL	NULL
586	Item Enchantment Mastery Self VI	NULL	NULL	NULL	NULL	NULL	NULL	NULL	NULL
587	Item Enchantment Mastery Other I	NULL	NULL	NULL	NULL	NULL	NULL	NULL	NULL
588	Item Enchantment Mastery Other II	NULL	NULL	NULL	NULL	NULL	NULL	NULL	NULL
589	Item Enchantment Mastery Other III	NULL	NULL	NULL	NULL	NULL	NULL	NULL	NULL
590	Item Enchantment Mastery Other IV	NULL	NULL	NULL	NULL	NULL	NULL	NULL	NULL
591	Item Enchantment Mastery Other V	NULL	NULL	NULL	NULL	NULL	NULL	NULL	NULL
592	Item Enchantment Mastery Other VI	NULL	NULL	NULL	NULL	NULL	NULL	NULL	NULL
593	Item Enchantment Ineptitude Other I	NULL	NULL	NULL	NULL	NULL	NULL	NULL	NULL
594	Item Enchantment Ineptitude Other II	NULL	NULL	NULL	NULL	NULL	NULL	NULL	NULL
595	Item Enchantment Ineptitude Other III	NULL	NULL	NULL	NULL	NULL	NULL	NULL	NULL
596	Item Enchantment Ineptitude Other IV	NULL	NULL	NULL	NULL	NULL	NULL	NULL	NULL
597	Item Enchantment Ineptitude Other V	NULL	NULL	NULL	NULL	NULL	NULL	NULL	NULL
598	Item Enchantment Ineptitude Other VI	NULL	NULL	NULL	NULL	NULL	NULL	NULL	NULL
599	Item Enchantment Ineptitude Self I	NULL	NULL	NULL	NULL	NULL	NULL	NULL	NULL
600	Item Enchantment Ineptitude Self II	NULL	NULL	NULL	NULL	NULL	NULL	NULL	NULL
601	Item Enchantment Ineptitude Self III	NULL	NULL	NULL	NULL	NULL	NULL	NULL	NULL
602	Item Enchantment Ineptitude Self IV	NULL	NULL	NULL	NULL	NULL	NULL	NULL	NULL
603	Item Enchantment Ineptitude Self V	NULL	NULL	NULL	NULL	NULL	NULL	NULL	NULL
604	Item Enchantment Ineptitude Self VI	NULL	NULL	NULL	NULL	NULL	NULL	NULL	NULL
605	Life Magic Mastery Self I	NULL	NULL	NULL	NULL	NULL	NULL	NULL	NULL
606	Life Magic Mastery Self II	NULL	NULL	NULL	NULL	NULL	NULL	NULL	NULL
607	Life Magic Mastery Self III	NULL	NULL	NULL	NULL	NULL	NULL	NULL	NULL
608	Life Magic Mastery Self IV	NULL	NULL	NULL	NULL	NULL	NULL	NULL	NULL
609	Life Magic Mastery Self V	NULL	NULL	NULL	NULL	NULL	NULL	NULL	NULL
610	Life Magic Mastery Self VI	NULL	NULL	NULL	NULL	NULL	NULL	NULL	NULL
611	Life Magic Mastery Other I	NULL	NULL	NULL	NULL	NULL	NULL	NULL	NULL
612	Life Magic Mastery Other II	NULL	NULL	NULL	NULL	NULL	NULL	NULL	NULL
613	Life Magic Mastery Other III	NULL	NULL	NULL	NULL	NULL	NULL	NULL	NULL
614	Life Magic Mastery Other IV	NULL	NULL	NULL	NULL	NULL	NULL	NULL	NULL
615	Life Magic Mastery Other V	NULL	NULL	NULL	NULL	NULL	NULL	NULL	NULL
616	Life Magic Mastery Other VI	NULL	NULL	NULL	NULL	NULL	NULL	NULL	NULL
617	Life Magic Ineptitude Self I	NULL	NULL	NULL	NULL	NULL	NULL	NULL	NULL
618	Life Magic Ineptitude Self II	NULL	NULL	NULL	NULL	NULL	NULL	NULL	NULL
619	Life Magic Ineptitude Self III	NULL	NULL	NULL	NULL	NULL	NULL	NULL	NULL
620	Life Magic Ineptitude Self IV	NULL	NULL	NULL	NULL	NULL	NULL	NULL	NULL
621	Life Magic Ineptitude Self V	NULL	NULL	NULL	NULL	NULL	NULL	NULL	NULL
622	Life Magic Ineptitude Self VI	NULL	NULL	NULL	NULL	NULL	NULL	NULL	NULL
623	Life Magic Ineptitude Other I	NULL	NULL	NULL	NULL	NULL	NULL	NULL	NULL
624	Life Magic Ineptitude Other II	NULL	NULL	NULL	NULL	NULL	NULL	NULL	NULL
625	Life Magic Ineptitude Other III	NULL	NULL	NULL	NULL	NULL	NULL	NULL	NULL
626	Life Magic Ineptitude Other IV	NULL	NULL	NULL	NULL	NULL	NULL	NULL	NULL
627	Life Magic Ineptitude Other V	NULL	NULL	NULL	NULL	NULL	NULL	NULL	NULL
628	Life Magic Ineptitude Other VI	NULL	NULL	NULL	NULL	NULL	NULL	NULL	NULL
629	War Magic Mastery Self I	NULL	NULL	NULL	NULL	NULL	NULL	NULL	NULL
630	War Magic Mastery Self II	NULL	NULL	NULL	NULL	NULL	NULL	NULL	NULL
631	War Magic Mastery Self III	NULL	NULL	NULL	NULL	NULL	NULL	NULL	NULL
632	War Magic Mastery Self IV	NULL	NULL	NULL	NULL	NULL	NULL	NULL	NULL
633	War Magic Mastery Self V	NULL	NULL	NULL	NULL	NULL	NULL	NULL	NULL
634	War Magic Mastery Self VI	NULL	NULL	NULL	NULL	NULL	NULL	NULL	NULL
635	War Magic Mastery Other I	NULL	NULL	NULL	NULL	NULL	NULL	NULL	NULL
636	War Magic Mastery Other II	NULL	NULL	NULL	NULL	NULL	NULL	NULL	NULL
637	War Magic Mastery Other III	NULL	NULL	NULL	NULL	NULL	NULL	NULL	NULL
638	War Magic Mastery Other IV	NULL	NULL	NULL	NULL	NULL	NULL	NULL	NULL
639	War Magic Mastery Other V	NULL	NULL	NULL	NULL	NULL	NULL	NULL	NULL
640	War Magic Mastery Other VI	NULL	NULL	NULL	NULL	NULL	NULL	NULL	NULL
641	War Magic Ineptitude Self I	NULL	NULL	NULL	NULL	NULL	NULL	NULL	NULL
642	War Magic Ineptitude Self II	NULL	NULL	NULL	NULL	NULL	NULL	NULL	NULL
643	War Magic Ineptitude Self III	NULL	NULL	NULL	NULL	NULL	NULL	NULL	NULL
644	War Magic Ineptitude Self IV	NULL	NULL	NULL	NULL	NULL	NULL	NULL	NULL
645	War Magic Ineptitude Self V	NULL	NULL	NULL	NULL	NULL	NULL	NULL	NULL
646	War Magic Ineptitude Self VI	NULL	NULL	NULL	NULL	NULL	NULL	NULL	NULL
647	War Magic Ineptitude Other I	NULL	NULL	NULL	NULL	NULL	NULL	NULL	NULL
648	War Magic Ineptitude Other II	NULL	NULL	NULL	NULL	NULL	NULL	NULL	NULL
649	War Magic Ineptitude Other III	NULL	NULL	NULL	NULL	NULL	NULL	NULL	NULL
650	War Magic Ineptitude Other IV	NULL	NULL	NULL	NULL	NULL	NULL	NULL	NULL
651	War Magic Ineptitude Other V	NULL	NULL	NULL	NULL	NULL	NULL	NULL	NULL
652	War Magic Ineptitude Other VI	NULL	NULL	NULL	NULL	NULL	NULL	NULL	NULL
653	Mana Conversion Mastery Self I	NULL	NULL	NULL	NULL	NULL	NULL	NULL	NULL
654	Mana Conversion Mastery Self II	NULL	NULL	NULL	NULL	NULL	NULL	NULL	NULL
655	Mana Conversion Mastery Self III	NULL	NULL	NULL	NULL	NULL	NULL	NULL	NULL
656	Mana Conversion Mastery Self IV	NULL	NULL	NULL	NULL	NULL	NULL	NULL	NULL
657	Mana Conversion Mastery Self V	NULL	NULL	NULL	NULL	NULL	NULL	NULL	NULL
658	Mana Conversion Mastery Self VI	NULL	NULL	NULL	NULL	NULL	NULL	NULL	NULL
659	Mana Conversion Mastery Other I	NULL	NULL	NULL	NULL	NULL	NULL	NULL	NULL
660	Mana Conversion Mastery Other II	NULL	NULL	NULL	NULL	NULL	NULL	NULL	NULL
661	Mana Conversion Mastery Other III	NULL	NULL	NULL	NULL	NULL	NULL	NULL	NULL
662	Mana Conversion Mastery Other IV	NULL	NULL	NULL	NULL	NULL	NULL	NULL	NULL
663	Mana Conversion Mastery Other V	NULL	NULL	NULL	NULL	NULL	NULL	NULL	NULL
664	Mana Conversion Mastery Other VI	NULL	NULL	NULL	NULL	NULL	NULL	NULL	NULL
665	Mana Conversion Ineptitude Self I	NULL	NULL	NULL	NULL	NULL	NULL	NULL	NULL
666	Vitae	NULL	NULL	NULL	NULL	NULL	NULL	NULL	NULL
667	Mana Conversion Ineptitude Self II	NULL	NULL	NULL	NULL	NULL	NULL	NULL	NULL
668	Mana Conversion Ineptitude Self III	NULL	NULL	NULL	NULL	NULL	NULL	NULL	NULL
669	Mana Conversion Ineptitude Self IV	NULL	NULL	NULL	NULL	NULL	NULL	NULL	NULL
670	Mana Conversion Ineptitude Self V	NULL	NULL	NULL	NULL	NULL	NULL	NULL	NULL
671	Mana Conversion Ineptitude Self VI	NULL	NULL	NULL	NULL	NULL	NULL	NULL	NULL
672	Mana Conversion Ineptitude Other I	NULL	NULL	NULL	NULL	NULL	NULL	NULL	NULL
673	Mana Conversion Ineptitude Other II	NULL	NULL	NULL	NULL	NULL	NULL	NULL	NULL
674	Mana Conversion Ineptitude Other III	NULL	NULL	NULL	NULL	NULL	NULL	NULL	NULL
675	Mana Conversion Ineptitude Other IV	NULL	NULL	NULL	NULL	NULL	NULL	NULL	NULL
676	Mana Conversion Ineptitude Other V	NULL	NULL	NULL	NULL	NULL	NULL	NULL	NULL
677	Mana Conversion Ineptitude Other VI	NULL	NULL	NULL	NULL	NULL	NULL	NULL	NULL
678	Arcane Enlightenment Self I	NULL	NULL	NULL	NULL	NULL	NULL	NULL	NULL
679	Arcane Enlightenment Self II	NULL	NULL	NULL	NULL	NULL	NULL	NULL	NULL
680	Arcane Enlightenment Self III	NULL	NULL	NULL	NULL	NULL	NULL	NULL	NULL
681	Arcane Enlightenment Self IV	NULL	NULL	NULL	NULL	NULL	NULL	NULL	NULL
682	Arcane Enlightenment Self V	NULL	NULL	NULL	NULL	NULL	NULL	NULL	NULL
683	Arcane Enlightenment Self VI	NULL	NULL	NULL	NULL	NULL	NULL	NULL	NULL
684	Arcane Enlightenment Other I	NULL	NULL	NULL	NULL	NULL	NULL	NULL	NULL
685	Arcane Enlightenment Other II	NULL	NULL	NULL	NULL	NULL	NULL	NULL	NULL
686	Arcane Enlightenment Other III	NULL	NULL	NULL	NULL	NULL	NULL	NULL	NULL
687	Arcane Enlightenment Other IV	NULL	NULL	NULL	NULL	NULL	NULL	NULL	NULL
688	Arcane Enlightenment Other V	NULL	NULL	NULL	NULL	NULL	NULL	NULL	NULL
689	Arcane Enlightenment Other VI	NULL	NULL	NULL	NULL	NULL	NULL	NULL	NULL
690	Arcane Benightedness Self I	NULL	NULL	NULL	NULL	NULL	NULL	NULL	NULL
691	Arcane Benightedness Self II	NULL	NULL	NULL	NULL	NULL	NULL	NULL	NULL
692	Arcane Benightedness Self III	NULL	NULL	NULL	NULL	NULL	NULL	NULL	NULL
693	Arcane Benightedness Self IV	NULL	NULL	NULL	NULL	NULL	NULL	NULL	NULL
694	Arcane Benightedness Self V	NULL	NULL	NULL	NULL	NULL	NULL	NULL	NULL
695	Arcane Benightedness Self VI	NULL	NULL	NULL	NULL	NULL	NULL	NULL	NULL
696	Arcane Benightedness Other I	NULL	NULL	NULL	NULL	NULL	NULL	NULL	NULL
697	Arcane Benightedness Other II	NULL	NULL	NULL	NULL	NULL	NULL	NULL	NULL
698	Arcane Benightedness Other III	NULL	NULL	NULL	NULL	NULL	NULL	NULL	NULL
699	Arcane Benightedness Other IV	NULL	NULL	NULL	NULL	NULL	NULL	NULL	NULL
700	Arcane Benightedness Other V	NULL	NULL	NULL	NULL	NULL	NULL	NULL	NULL
701	Arcane Benightedness Other VI	NULL	NULL	NULL	NULL	NULL	NULL	NULL	NULL
702	Armor Tinkering Expertise Self I	NULL	NULL	NULL	NULL	NULL	NULL	NULL	NULL
703	Armor Tinkering Expertise Self II	NULL	NULL	NULL	NULL	NULL	NULL	NULL	NULL
704	Armor Tinkering Expertise Self III	NULL	NULL	NULL	NULL	NULL	NULL	NULL	NULL
705	Armor Tinkering Expertise Self IV	NULL	NULL	NULL	NULL	NULL	NULL	NULL	NULL
706	Armor Tinkering Expertise Self V	NULL	NULL	NULL	NULL	NULL	NULL	NULL	NULL
707	Armor Tinkering Expertise Self VI	NULL	NULL	NULL	NULL	NULL	NULL	NULL	NULL
708	Armor Tinkering Expertise Other I	NULL	NULL	NULL	NULL	NULL	NULL	NULL	NULL
709	Armor Tinkering Expertise Other II	NULL	NULL	NULL	NULL	NULL	NULL	NULL	NULL
710	Armor Tinkering Expertise Other III	NULL	NULL	NULL	NULL	NULL	NULL	NULL	NULL
711	Armor Tinkering Expertise Other IV	NULL	NULL	NULL	NULL	NULL	NULL	NULL	NULL
712	Armor Tinkering Expertise Other V	NULL	NULL	NULL	NULL	NULL	NULL	NULL	NULL
713	Armor Tinkering Expertise Other VI	NULL	NULL	NULL	NULL	NULL	NULL	NULL	NULL
714	Armor Tinkering Ignorance Self I	NULL	NULL	NULL	NULL	NULL	NULL	NULL	NULL
715	Armor Tinkering Ignorance Self II	NULL	NULL	NULL	NULL	NULL	NULL	NULL	NULL
716	Armor Tinkering Ignorance Self III	NULL	NULL	NULL	NULL	NULL	NULL	NULL	NULL
717	Armor Tinkering Ignorance Self IV	NULL	NULL	NULL	NULL	NULL	NULL	NULL	NULL
718	Armor Tinkering Ignorance Self V	NULL	NULL	NULL	NULL	NULL	NULL	NULL	NULL
719	Armor Tinkering Ignorance Self VI	NULL	NULL	NULL	NULL	NULL	NULL	NULL	NULL
720	Armor Tinkering Ignorance Other I	NULL	NULL	NULL	NULL	NULL	NULL	NULL	NULL
721	Armor Tinkering Ignorance Other II	NULL	NULL	NULL	NULL	NULL	NULL	NULL	NULL
722	Armor Tinkering Ignorance Other III	NULL	NULL	NULL	NULL	NULL	NULL	NULL	NULL
723	Armor Tinkering Ignorance Other IV	NULL	NULL	NULL	NULL	NULL	NULL	NULL	NULL
724	Armor Tinkering Ignorance Other V	NULL	NULL	NULL	NULL	NULL	NULL	NULL	NULL
725	Armor Tinkering Ignorance Other VI	NULL	NULL	NULL	NULL	NULL	NULL	NULL	NULL
726	Item Tinkering Expertise Self I	NULL	NULL	NULL	NULL	NULL	NULL	NULL	NULL
727	Item Tinkering Expertise Self II	NULL	NULL	NULL	NULL	NULL	NULL	NULL	NULL
728	Item Tinkering Expertise Self III	NULL	NULL	NULL	NULL	NULL	NULL	NULL	NULL
729	Item Tinkering Expertise Self IV	NULL	NULL	NULL	NULL	NULL	NULL	NULL	NULL
730	Item Tinkering Expertise Self V	NULL	NULL	NULL	NULL	NULL	NULL	NULL	NULL
731	Item Tinkering Expertise Self VI	NULL	NULL	NULL	NULL	NULL	NULL	NULL	NULL
732	Item Tinkering Expertise Other I	NULL	NULL	NULL	NULL	NULL	NULL	NULL	NULL
733	Item Tinkering Expertise Other II	NULL	NULL	NULL	NULL	NULL	NULL	NULL	NULL
734	Item Tinkering Expertise Other III	NULL	NULL	NULL	NULL	NULL	NULL	NULL	NULL
735	Item Tinkering Expertise Other IV	NULL	NULL	NULL	NULL	NULL	NULL	NULL	NULL
736	Item Tinkering Expertise Other V	NULL	NULL	NULL	NULL	NULL	NULL	NULL	NULL
737	Item Tinkering Expertise Other VI	NULL	NULL	NULL	NULL	NULL	NULL	NULL	NULL
738	Item Tinkering Ignorance Self I	NULL	NULL	NULL	NULL	NULL	NULL	NULL	NULL
739	Item Tinkering Ignorance Self II	NULL	NULL	NULL	NULL	NULL	NULL	NULL	NULL
740	Item Tinkering Ignorance Self III	NULL	NULL	NULL	NULL	NULL	NULL	NULL	NULL
741	Item Tinkering Ignorance Self IV	NULL	NULL	NULL	NULL	NULL	NULL	NULL	NULL
742	Item Tinkering Ignorance Self V	NULL	NULL	NULL	NULL	NULL	NULL	NULL	NULL
743	Item Tinkering Ignorance Self VI	NULL	NULL	NULL	NULL	NULL	NULL	NULL	NULL
744	Item Tinkering Ignorance Other I	NULL	NULL	NULL	NULL	NULL	NULL	NULL	NULL
745	Item Tinkering Ignorance Other II	NULL	NULL	NULL	NULL	NULL	NULL	NULL	NULL
746	Item Tinkering Ignorance Other III	NULL	NULL	NULL	NULL	NULL	NULL	NULL	NULL
747	Item Tinkering Ignorance Other IV	NULL	NULL	NULL	NULL	NULL	NULL	NULL	NULL
748	Item Tinkering Ignorance Other V	NULL	NULL	NULL	NULL	NULL	NULL	NULL	NULL
749	Item Tinkering Ignorance Other VI	NULL	NULL	NULL	NULL	NULL	NULL	NULL	NULL
750	Magic Item Tinkering Expertise Self I	NULL	NULL	NULL	NULL	NULL	NULL	NULL	NULL
751	Magic Item Tinkering Expertise Self II	NULL	NULL	NULL	NULL	NULL	NULL	NULL	NULL
752	Magic Item Tinkering Expertise Self III	NULL	NULL	NULL	NULL	NULL	NULL	NULL	NULL
753	Magic Item Tinkering Expertise Self IV	NULL	NULL	NULL	NULL	NULL	NULL	NULL	NULL
754	Magic Item Tinkering Expertise Self V	NULL	NULL	NULL	NULL	NULL	NULL	NULL	NULL
755	Magic Item Tinkering Expertise Self VI	NULL	NULL	NULL	NULL	NULL	NULL	NULL	NULL
756	Magic Item Tinkering Expertise Other I	NULL	NULL	NULL	NULL	NULL	NULL	NULL	NULL
757	Magic Item Tinkering Expertise Other II	NULL	NULL	NULL	NULL	NULL	NULL	NULL	NULL
758	Magic Item Tinkering Expertise Other III	NULL	NULL	NULL	NULL	NULL	NULL	NULL	NULL
759	Magic Item Tinkering Expertise Other IV	NULL	NULL	NULL	NULL	NULL	NULL	NULL	NULL
760	Magic Item Tinkering Expertise Other V	NULL	NULL	NULL	NULL	NULL	NULL	NULL	NULL
761	Magic Item Tinkering Expertise Other VI	NULL	NULL	NULL	NULL	NULL	NULL	NULL	NULL
762	Magic Item Tinkering Ignorance Self I	NULL	NULL	NULL	NULL	NULL	NULL	NULL	NULL
763	Magic Item Tinkering Ignorance Self II	NULL	NULL	NULL	NULL	NULL	NULL	NULL	NULL
764	Magic Item Tinkering Ignorance Self III	NULL	NULL	NULL	NULL	NULL	NULL	NULL	NULL
765	Magic Item Tinkering Ignorance Self IV	NULL	NULL	NULL	NULL	NULL	NULL	NULL	NULL
766	Magic Item Tinkering Ignorance Self V	NULL	NULL	NULL	NULL	NULL	NULL	NULL	NULL
767	Magic Item Tinkering Ignorance Self VI	NULL	NULL	NULL	NULL	NULL	NULL	NULL	NULL
768	Magic Item Tinkering Ignorance Other I	NULL	NULL	NULL	NULL	NULL	NULL	NULL	NULL
769	Magic Item Tinkering Ignorance Other II	NULL	NULL	NULL	NULL	NULL	NULL	NULL	NULL
770	Magic Item Tinkering Ignorance Other III	NULL	NULL	NULL	NULL	NULL	NULL	NULL	NULL
771	Magic Item Tinkering Ignorance Other IV	NULL	NULL	NULL	NULL	NULL	NULL	NULL	NULL
772	Magic Item Tinkering Ignorance Other V	NULL	NULL	NULL	NULL	NULL	NULL	NULL	NULL
773	Magic Item Tinkering Ignorance Other VI	NULL	NULL	NULL	NULL	NULL	NULL	NULL	NULL
774	Weapon Tinkering Expertise Self I	NULL	NULL	NULL	NULL	NULL	NULL	NULL	NULL
775	Weapon Tinkering Expertise Self II	NULL	NULL	NULL	NULL	NULL	NULL	NULL	NULL
776	Weapon Tinkering Expertise Self III	NULL	NULL	NULL	NULL	NULL	NULL	NULL	NULL
777	Weapon Tinkering Expertise Self IV	NULL	NULL	NULL	NULL	NULL	NULL	NULL	NULL
778	Weapon Tinkering Expertise Self V	NULL	NULL	NULL	NULL	NULL	NULL	NULL	NULL
779	Weapon Tinkering Expertise Self VI	NULL	NULL	NULL	NULL	NULL	NULL	NULL	NULL
780	Weapon Tinkering Expertise Other I	NULL	NULL	NULL	NULL	NULL	NULL	NULL	NULL
781	Weapon Tinkering Expertise Other II	NULL	NULL	NULL	NULL	NULL	NULL	NULL	NULL
782	Weapon Tinkering Expertise Other III	NULL	NULL	NULL	NULL	NULL	NULL	NULL	NULL
783	Weapon Tinkering Expertise Other IV	NULL	NULL	NULL	NULL	NULL	NULL	NULL	NULL
784	Weapon Tinkering Expertise Other V	NULL	NULL	NULL	NULL	NULL	NULL	NULL	NULL
785	Weapon Tinkering Expertise Other VI	NULL	NULL	NULL	NULL	NULL	NULL	NULL	NULL
786	Weapon Tinkering Ignorance Self I	NULL	NULL	NULL	NULL	NULL	NULL	NULL	NULL
787	Weapon Tinkering Ignorance Self II	NULL	NULL	NULL	NULL	NULL	NULL	NULL	NULL
788	Weapon Tinkering Ignorance Self III	NULL	NULL	NULL	NULL	NULL	NULL	NULL	NULL
789	Weapon Tinkering Ignorance Self IV	NULL	NULL	NULL	NULL	NULL	NULL	NULL	NULL
790	Weapon Tinkering Ignorance Self V	NULL	NULL	NULL	NULL	NULL	NULL	NULL	NULL
791	Weapon Tinkering Ignorance Self VI	NULL	NULL	NULL	NULL	NULL	NULL	NULL	NULL
792	Weapon Tinkering Ignorance Other I	NULL	NULL	NULL	NULL	NULL	NULL	NULL	NULL
793	Weapon Tinkering Ignorance Other II	NULL	NULL	NULL	NULL	NULL	NULL	NULL	NULL
794	Weapon Tinkering Ignorance Other III	NULL	NULL	NULL	NULL	NULL	NULL	NULL	NULL
795	Weapon Tinkering Ignorance Other IV	NULL	NULL	NULL	NULL	NULL	NULL	NULL	NULL
796	Weapon Tinkering Ignorance Other V	NULL	NULL	NULL	NULL	NULL	NULL	NULL	NULL
797	Weapon Tinkering Ignorance Other VI	NULL	NULL	NULL	NULL	NULL	NULL	NULL	NULL
798	Monster Attunement Self I	NULL	NULL	NULL	NULL	NULL	NULL	NULL	NULL
799	Monster Attunement Self II	NULL	NULL	NULL	NULL	NULL	NULL	NULL	NULL
800	Monster Attunement Self III	NULL	NULL	NULL	NULL	NULL	NULL	NULL	NULL
801	Monster Attunement Self IV	NULL	NULL	NULL	NULL	NULL	NULL	NULL	NULL
802	Monster Attunement Self V	NULL	NULL	NULL	NULL	NULL	NULL	NULL	NULL
803	Monster Attunement Self VI	NULL	NULL	NULL	NULL	NULL	NULL	NULL	NULL
804	Monster Attunement Other I	NULL	NULL	NULL	NULL	NULL	NULL	NULL	NULL
805	Monster Attunement Other II	NULL	NULL	NULL	NULL	NULL	NULL	NULL	NULL
806	Monster Attunement Other III	NULL	NULL	NULL	NULL	NULL	NULL	NULL	NULL
807	Monster Attunement Other IV	NULL	NULL	NULL	NULL	NULL	NULL	NULL	NULL
808	Monster Attunement Other V	NULL	NULL	NULL	NULL	NULL	NULL	NULL	NULL
809	Monster Attunement Other VI	NULL	NULL	NULL	NULL	NULL	NULL	NULL	NULL
810	Fire Protection Other II	NULL	NULL	NULL	NULL	NULL	NULL	NULL	NULL
811	Monster Unfamiliarity Self I	NULL	NULL	NULL	NULL	NULL	NULL	NULL	NULL
812	Monster Unfamiliarity Self II	NULL	NULL	NULL	NULL	NULL	NULL	NULL	NULL
813	Monster Unfamiliarity Self III	NULL	NULL	NULL	NULL	NULL	NULL	NULL	NULL
814	Monster Unfamiliarity Self IV	NULL	NULL	NULL	NULL	NULL	NULL	NULL	NULL
815	Monster Unfamiliarity Self V	NULL	NULL	NULL	NULL	NULL	NULL	NULL	NULL
816	Monster Unfamiliarity Self VI	NULL	NULL	NULL	NULL	NULL	NULL	NULL	NULL
817	Monster Unfamiliarity Other I	NULL	NULL	NULL	NULL	NULL	NULL	NULL	NULL
818	Monster Unfamiliarity Other II	NULL	NULL	NULL	NULL	NULL	NULL	NULL	NULL
819	Monster Unfamiliarity Other III	NULL	NULL	NULL	NULL	NULL	NULL	NULL	NULL
820	Monster Unfamiliarity Other IV	NULL	NULL	NULL	NULL	NULL	NULL	NULL	NULL
821	Monster Unfamiliarity Other V	NULL	NULL	NULL	NULL	NULL	NULL	NULL	NULL
822	Monster Unfamiliarity Other VI	NULL	NULL	NULL	NULL	NULL	NULL	NULL	NULL
824	Person Attunement Self I	NULL	NULL	NULL	NULL	NULL	NULL	NULL	NULL
825	Person Attunement Self II	NULL	NULL	NULL	NULL	NULL	NULL	NULL	NULL
826	Person Attunement Self III	NULL	NULL	NULL	NULL	NULL	NULL	NULL	NULL
827	Person Attunement Self IV	NULL	NULL	NULL	NULL	NULL	NULL	NULL	NULL
828	Person Attunement Self V	NULL	NULL	NULL	NULL	NULL	NULL	NULL	NULL
829	Person Attunement Self VI	NULL	NULL	NULL	NULL	NULL	NULL	NULL	NULL
830	Person Attunement Other I	NULL	NULL	NULL	NULL	NULL	NULL	NULL	NULL
831	Person Attunement Other II	NULL	NULL	NULL	NULL	NULL	NULL	NULL	NULL
832	Person Attunement Other III	NULL	NULL	NULL	NULL	NULL	NULL	NULL	NULL
833	Person Attunement Other IV	NULL	NULL	NULL	NULL	NULL	NULL	NULL	NULL
834	Person Attunement Other V	NULL	NULL	NULL	NULL	NULL	NULL	NULL	NULL
835	Person Attunement Other VI	NULL	NULL	NULL	NULL	NULL	NULL	NULL	NULL
836	Fire Protection Other III	NULL	NULL	NULL	NULL	NULL	NULL	NULL	NULL
837	Person Unfamiliarity Self I	NULL	NULL	NULL	NULL	NULL	NULL	NULL	NULL
838	Person Unfamiliarity Self II	NULL	NULL	NULL	NULL	NULL	NULL	NULL	NULL
839	Person Unfamiliarity Self III	NULL	NULL	NULL	NULL	NULL	NULL	NULL	NULL
840	Person Unfamiliarity Self IV	NULL	NULL	NULL	NULL	NULL	NULL	NULL	NULL
841	Person Unfamiliarity Self V	NULL	NULL	NULL	NULL	NULL	NULL	NULL	NULL
842	Person Unfamiliarity Self VI	NULL	NULL	NULL	NULL	NULL	NULL	NULL	NULL
843	Person Unfamiliarity Other I	NULL	NULL	NULL	NULL	NULL	NULL	NULL	NULL
844	Person Unfamiliarity Other II	NULL	NULL	NULL	NULL	NULL	NULL	NULL	NULL
845	Person Unfamiliarity Other III	NULL	NULL	NULL	NULL	NULL	NULL	NULL	NULL
846	Person Unfamiliarity Other IV	NULL	NULL	NULL	NULL	NULL	NULL	NULL	NULL
847	Person Unfamiliarity Other V	NULL	NULL	NULL	NULL	NULL	NULL	NULL	NULL
848	Person Unfamiliarity Other VI	NULL	NULL	NULL	NULL	NULL	NULL	NULL	NULL
849	Fire Protection Other IV	NULL	NULL	NULL	NULL	NULL	NULL	NULL	NULL
850	Deception Mastery Self I	NULL	NULL	NULL	NULL	NULL	NULL	NULL	NULL
851	Deception Mastery Self II	NULL	NULL	NULL	NULL	NULL	NULL	NULL	NULL
852	Deception Mastery Self III	NULL	NULL	NULL	NULL	NULL	NULL	NULL	NULL
853	Deception Mastery Self IV	NULL	NULL	NULL	NULL	NULL	NULL	NULL	NULL
854	Deception Mastery Self V	NULL	NULL	NULL	NULL	NULL	NULL	NULL	NULL
855	Deception Mastery Self VI	NULL	NULL	NULL	NULL	NULL	NULL	NULL	NULL
856	Deception Mastery Other I	NULL	NULL	NULL	NULL	NULL	NULL	NULL	NULL
857	Deception Mastery Other II	NULL	NULL	NULL	NULL	NULL	NULL	NULL	NULL
858	Deception Mastery Other III	NULL	NULL	NULL	NULL	NULL	NULL	NULL	NULL
859	Deception Mastery Other IV	NULL	NULL	NULL	NULL	NULL	NULL	NULL	NULL
860	Deception Mastery Other V	NULL	NULL	NULL	NULL	NULL	NULL	NULL	NULL
861	Deception Mastery Other VI	NULL	NULL	NULL	NULL	NULL	NULL	NULL	NULL
862	Deception Ineptitude Self I	NULL	NULL	NULL	NULL	NULL	NULL	NULL	NULL
863	Deception Ineptitude Self II	NULL	NULL	NULL	NULL	NULL	NULL	NULL	NULL
864	Deception Ineptitude Self III	NULL	NULL	NULL	NULL	NULL	NULL	NULL	NULL
865	Deception Ineptitude Self IV	NULL	NULL	NULL	NULL	NULL	NULL	NULL	NULL
866	Deception Ineptitude Self V	NULL	NULL	NULL	NULL	NULL	NULL	NULL	NULL
867	Deception Ineptitude Self VI	NULL	NULL	NULL	NULL	NULL	NULL	NULL	NULL
868	Deception Ineptitude Other I	NULL	NULL	NULL	NULL	NULL	NULL	NULL	NULL
869	Deception Ineptitude Other II	NULL	NULL	NULL	NULL	NULL	NULL	NULL	NULL
870	Deception Ineptitude Other III	NULL	NULL	NULL	NULL	NULL	NULL	NULL	NULL
871	Deception Ineptitude Other IV	NULL	NULL	NULL	NULL	NULL	NULL	NULL	NULL
872	Deception Ineptitude Other V	NULL	NULL	NULL	NULL	NULL	NULL	NULL	NULL
873	Deception Ineptitude Other VI	NULL	NULL	NULL	NULL	NULL	NULL	NULL	NULL
874	Healing Mastery Self I	NULL	NULL	NULL	NULL	NULL	NULL	NULL	NULL
875	Healing Mastery Self II	NULL	NULL	NULL	NULL	NULL	NULL	NULL	NULL
876	Healing Mastery Self III	NULL	NULL	NULL	NULL	NULL	NULL	NULL	NULL
877	Healing Mastery Self IV	NULL	NULL	NULL	NULL	NULL	NULL	NULL	NULL
878	Healing Mastery Self V	NULL	NULL	NULL	NULL	NULL	NULL	NULL	NULL
879	Healing Mastery Self VI	NULL	NULL	NULL	NULL	NULL	NULL	NULL	NULL
880	Healing Mastery Other I	NULL	NULL	NULL	NULL	NULL	NULL	NULL	NULL
881	Healing Mastery Other II	NULL	NULL	NULL	NULL	NULL	NULL	NULL	NULL
882	Healing Mastery Other III	NULL	NULL	NULL	NULL	NULL	NULL	NULL	NULL
883	Healing Mastery Other IV	NULL	NULL	NULL	NULL	NULL	NULL	NULL	NULL
884	Healing Mastery Other V	NULL	NULL	NULL	NULL	NULL	NULL	NULL	NULL
885	Healing Mastery Other VI	NULL	NULL	NULL	NULL	NULL	NULL	NULL	NULL
886	Healing Ineptitude Self I	NULL	NULL	NULL	NULL	NULL	NULL	NULL	NULL
887	Healing Ineptitude Self II	NULL	NULL	NULL	NULL	NULL	NULL	NULL	NULL
888	Healing Ineptitude Self III	NULL	NULL	NULL	NULL	NULL	NULL	NULL	NULL
889	Healing Ineptitude Self IV	NULL	NULL	NULL	NULL	NULL	NULL	NULL	NULL
890	Healing Ineptitude Self V	NULL	NULL	NULL	NULL	NULL	NULL	NULL	NULL
891	Healing Ineptitude Self VI	NULL	NULL	NULL	NULL	NULL	NULL	NULL	NULL
892	Healing Ineptitude Other I	NULL	NULL	NULL	NULL	NULL	NULL	NULL	NULL
893	Healing Ineptitude Other II	NULL	NULL	NULL	NULL	NULL	NULL	NULL	NULL
894	Healing Ineptitude Other III	NULL	NULL	NULL	NULL	NULL	NULL	NULL	NULL
895	Healing Ineptitude Other IV	NULL	NULL	NULL	NULL	NULL	NULL	NULL	NULL
896	Healing Ineptitude Other V	NULL	NULL	NULL	NULL	NULL	NULL	NULL	NULL
897	Healing Ineptitude Other VI	NULL	NULL	NULL	NULL	NULL	NULL	NULL	NULL
898	Leadership Mastery Self I	NULL	NULL	NULL	NULL	NULL	NULL	NULL	NULL
899	Leadership Mastery Self II	NULL	NULL	NULL	NULL	NULL	NULL	NULL	NULL
900	Leadership Mastery Self III	NULL	NULL	NULL	NULL	NULL	NULL	NULL	NULL
901	Leadership Mastery Self IV	NULL	NULL	NULL	NULL	NULL	NULL	NULL	NULL
902	Leadership Mastery Self V	NULL	NULL	NULL	NULL	NULL	NULL	NULL	NULL
903	Leadership Mastery Self VI	NULL	NULL	NULL	NULL	NULL	NULL	NULL	NULL
904	Leadership Mastery Other I	NULL	NULL	NULL	NULL	NULL	NULL	NULL	NULL
905	Leadership Mastery Other II	NULL	NULL	NULL	NULL	NULL	NULL	NULL	NULL
906	Leadership Mastery Other III	NULL	NULL	NULL	NULL	NULL	NULL	NULL	NULL
907	Leadership Mastery Other IV	NULL	NULL	NULL	NULL	NULL	NULL	NULL	NULL
908	Leadership Mastery Other V	NULL	NULL	NULL	NULL	NULL	NULL	NULL	NULL
909	Leadership Mastery Other VI	NULL	NULL	NULL	NULL	NULL	NULL	NULL	NULL
910	Leadership Ineptitude Self I	NULL	NULL	NULL	NULL	NULL	NULL	NULL	NULL
911	Leadership Ineptitude Self II	NULL	NULL	NULL	NULL	NULL	NULL	NULL	NULL
912	Leadership Ineptitude Self III	NULL	NULL	NULL	NULL	NULL	NULL	NULL	NULL
913	Leadership Ineptitude Self IV	NULL	NULL	NULL	NULL	NULL	NULL	NULL	NULL
914	Leadership Ineptitude Self V	NULL	NULL	NULL	NULL	NULL	NULL	NULL	NULL
915	Leadership Ineptitude Self VI	NULL	NULL	NULL	NULL	NULL	NULL	NULL	NULL
916	Leadership Ineptitude Other I	NULL	NULL	NULL	NULL	NULL	NULL	NULL	NULL
917	Leadership Ineptitude Other II	NULL	NULL	NULL	NULL	NULL	NULL	NULL	NULL
918	Leadership Ineptitude Other III	NULL	NULL	NULL	NULL	NULL	NULL	NULL	NULL
919	Leadership Ineptitude Other IV	NULL	NULL	NULL	NULL	NULL	NULL	NULL	NULL
920	Leadership Ineptitude Other V	NULL	NULL	NULL	NULL	NULL	NULL	NULL	NULL
921	Leadership Ineptitude Other VI	NULL	NULL	NULL	NULL	NULL	NULL	NULL	NULL
922	Lockpick Mastery Self I	NULL	NULL	NULL	NULL	NULL	NULL	NULL	NULL
923	Lockpick Mastery Self II	NULL	NULL	NULL	NULL	NULL	NULL	NULL	NULL
924	Lockpick Mastery Self III	NULL	NULL	NULL	NULL	NULL	NULL	NULL	NULL
925	Lockpick Mastery Self IV	NULL	NULL	NULL	NULL	NULL	NULL	NULL	NULL
926	Lockpick Mastery Self V	NULL	NULL	NULL	NULL	NULL	NULL	NULL	NULL
927	Lockpick Mastery Self VI	NULL	NULL	NULL	NULL	NULL	NULL	NULL	NULL
928	Lockpick Mastery Other I	NULL	NULL	NULL	NULL	NULL	NULL	NULL	NULL
929	Lockpick Mastery Other II	NULL	NULL	NULL	NULL	NULL	NULL	NULL	NULL
930	Lockpick Mastery Other III	NULL	NULL	NULL	NULL	NULL	NULL	NULL	NULL
931	Lockpick Mastery Other IV	NULL	NULL	NULL	NULL	NULL	NULL	NULL	NULL
932	Lockpick Mastery Other V	NULL	NULL	NULL	NULL	NULL	NULL	NULL	NULL
933	Lockpick Mastery Other VI	NULL	NULL	NULL	NULL	NULL	NULL	NULL	NULL
934	Lockpick Ineptitude Self I	NULL	NULL	NULL	NULL	NULL	NULL	NULL	NULL
935	Lockpick Ineptitude Self II	NULL	NULL	NULL	NULL	NULL	NULL	NULL	NULL
936	Lockpick Ineptitude Self III	NULL	NULL	NULL	NULL	NULL	NULL	NULL	NULL
937	Lockpick Ineptitude Self IV	NULL	NULL	NULL	NULL	NULL	NULL	NULL	NULL
938	Lockpick Ineptitude Self V	NULL	NULL	NULL	NULL	NULL	NULL	NULL	NULL
939	Lockpick Ineptitude Self VI	NULL	NULL	NULL	NULL	NULL	NULL	NULL	NULL
940	Lockpick Ineptitude Other I	NULL	NULL	NULL	NULL	NULL	NULL	NULL	NULL
941	Lockpick Ineptitude Other II	NULL	NULL	NULL	NULL	NULL	NULL	NULL	NULL
942	Lockpick Ineptitude Other III	NULL	NULL	NULL	NULL	NULL	NULL	NULL	NULL
943	Lockpick Ineptitude Other IV	NULL	NULL	NULL	NULL	NULL	NULL	NULL	NULL
944	Lockpick Ineptitude Other V	NULL	NULL	NULL	NULL	NULL	NULL	NULL	NULL
945	Lockpick Ineptitude Other VI	NULL	NULL	NULL	NULL	NULL	NULL	NULL	NULL
946	Fealty Self I	NULL	NULL	NULL	NULL	NULL	NULL	NULL	NULL
947	Fealty Self II	NULL	NULL	NULL	NULL	NULL	NULL	NULL	NULL
948	Fealty Self III	NULL	NULL	NULL	NULL	NULL	NULL	NULL	NULL
949	Fealty Self IV	NULL	NULL	NULL	NULL	NULL	NULL	NULL	NULL
950	Fealty Self V	NULL	NULL	NULL	NULL	NULL	NULL	NULL	NULL
951	Fealty Self VI	NULL	NULL	NULL	NULL	NULL	NULL	NULL	NULL
952	Fealty Other I	NULL	NULL	NULL	NULL	NULL	NULL	NULL	NULL
953	Fealty Other II	NULL	NULL	NULL	NULL	NULL	NULL	NULL	NULL
954	Fealty Other III	NULL	NULL	NULL	NULL	NULL	NULL	NULL	NULL
955	Fealty Other IV	NULL	NULL	NULL	NULL	NULL	NULL	NULL	NULL
956	Fealty Other V	NULL	NULL	NULL	NULL	NULL	NULL	NULL	NULL
957	Fealty Other VI	NULL	NULL	NULL	NULL	NULL	NULL	NULL	NULL
958	Faithlessness Self I	NULL	NULL	NULL	NULL	NULL	NULL	NULL	NULL
959	Faithlessness Self II	NULL	NULL	NULL	NULL	NULL	NULL	NULL	NULL
960	Faithlessness Self III	NULL	NULL	NULL	NULL	NULL	NULL	NULL	NULL
961	Faithlessness Self IV	NULL	NULL	NULL	NULL	NULL	NULL	NULL	NULL
962	Faithlessness Self V	NULL	NULL	NULL	NULL	NULL	NULL	NULL	NULL
963	Faithlessness Self VI	NULL	NULL	NULL	NULL	NULL	NULL	NULL	NULL
964	Faithlessness Other I	NULL	NULL	NULL	NULL	NULL	NULL	NULL	NULL
965	Faithlessness Other II	NULL	NULL	NULL	NULL	NULL	NULL	NULL	NULL
966	Faithlessness Other III	NULL	NULL	NULL	NULL	NULL	NULL	NULL	NULL
967	Faithlessness Other IV	NULL	NULL	NULL	NULL	NULL	NULL	NULL	NULL
968	Faithlessness Other V	NULL	NULL	NULL	NULL	NULL	NULL	NULL	NULL
969	Faithlessness Other VI	NULL	NULL	NULL	NULL	NULL	NULL	NULL	NULL
970	Jumping Mastery Self I	NULL	NULL	NULL	NULL	NULL	NULL	NULL	NULL
971	Jumping Mastery Self II	NULL	NULL	NULL	NULL	NULL	NULL	NULL	NULL
972	Jumping Mastery Self III	NULL	NULL	NULL	NULL	NULL	NULL	NULL	NULL
973	Jumping Mastery Self IV	NULL	NULL	NULL	NULL	NULL	NULL	NULL	NULL
974	Jumping Mastery Self V	NULL	NULL	NULL	NULL	NULL	NULL	NULL	NULL
975	Jumping Mastery Self VI	NULL	NULL	NULL	NULL	NULL	NULL	NULL	NULL
976	Jumping Mastery Other I	NULL	NULL	NULL	NULL	NULL	NULL	NULL	NULL
977	Jumping Mastery Other II	NULL	NULL	NULL	NULL	NULL	NULL	NULL	NULL
978	Jumping Mastery Other III	NULL	NULL	NULL	NULL	NULL	NULL	NULL	NULL
979	Jumping Mastery Other IV	NULL	NULL	NULL	NULL	NULL	NULL	NULL	NULL
980	Jumping Mastery Other V	NULL	NULL	NULL	NULL	NULL	NULL	NULL	NULL
981	Jumping Mastery Other VI	NULL	NULL	NULL	NULL	NULL	NULL	NULL	NULL
982	Sprint Self I	NULL	NULL	NULL	NULL	NULL	NULL	NULL	NULL
983	Sprint Self II	NULL	NULL	NULL	NULL	NULL	NULL	NULL	NULL
984	Sprint Self III	NULL	NULL	NULL	NULL	NULL	NULL	NULL	NULL
985	Sprint Self IV	NULL	NULL	NULL	NULL	NULL	NULL	NULL	NULL
986	Sprint Self V	NULL	NULL	NULL	NULL	NULL	NULL	NULL	NULL
987	Sprint Self VI	NULL	NULL	NULL	NULL	NULL	NULL	NULL	NULL
988	Sprint Other I	NULL	NULL	NULL	NULL	NULL	NULL	NULL	NULL
989	Sprint Other II	NULL	NULL	NULL	NULL	NULL	NULL	NULL	NULL
990	Sprint Other III	NULL	NULL	NULL	NULL	NULL	NULL	NULL	NULL
991	Sprint Other IV	NULL	NULL	NULL	NULL	NULL	NULL	NULL	NULL
992	Sprint Other V	NULL	NULL	NULL	NULL	NULL	NULL	NULL	NULL
993	Sprint Other VI	NULL	NULL	NULL	NULL	NULL	NULL	NULL	NULL
994	Leaden Feet Self I	NULL	NULL	NULL	NULL	NULL	NULL	NULL	NULL
995	Leaden Feet Self II	NULL	NULL	NULL	NULL	NULL	NULL	NULL	NULL
996	Leaden Feet Self III	NULL	NULL	NULL	NULL	NULL	NULL	NULL	NULL
997	Leaden Feet Self IV	NULL	NULL	NULL	NULL	NULL	NULL	NULL	NULL
998	Leaden Feet Self V	NULL	NULL	NULL	NULL	NULL	NULL	NULL	NULL
999	Leaden Feet Self VI	NULL	NULL	NULL	NULL	NULL	NULL	NULL	NULL
1000	Leaden Feet Other I	NULL	NULL	NULL	NULL	NULL	NULL	NULL	NULL
1001	Leaden Feet Other II	NULL	NULL	NULL	NULL	NULL	NULL	NULL	NULL
1002	Leaden Feet Other III	NULL	NULL	NULL	NULL	NULL	NULL	NULL	NULL
1003	Leaden Feet Other IV	NULL	NULL	NULL	NULL	NULL	NULL	NULL	NULL
1004	Leaden Feet Other V	NULL	NULL	NULL	NULL	NULL	NULL	NULL	NULL
1005	Leaden Feet Other VI	NULL	NULL	NULL	NULL	NULL	NULL	NULL	NULL
1006	Jumping Ineptitude Self I	NULL	NULL	NULL	NULL	NULL	NULL	NULL	NULL
1007	Jumping Ineptitude Self II	NULL	NULL	NULL	NULL	NULL	NULL	NULL	NULL
1008	Jumping Ineptitude Self III	NULL	NULL	NULL	NULL	NULL	NULL	NULL	NULL
1009	Jumping Ineptitude Self IV	NULL	NULL	NULL	NULL	NULL	NULL	NULL	NULL
1010	Jumping Ineptitude Self V	NULL	NULL	NULL	NULL	NULL	NULL	NULL	NULL
1011	Jumping Ineptitude Self VI	NULL	NULL	NULL	NULL	NULL	NULL	NULL	NULL
1012	Jumping Ineptitude Other I	NULL	NULL	NULL	NULL	NULL	NULL	NULL	NULL
1013	Jumping Ineptitude Other II	NULL	NULL	NULL	NULL	NULL	NULL	NULL	NULL
1014	Jumping Ineptitude Other III	NULL	NULL	NULL	NULL	NULL	NULL	NULL	NULL
1015	Jumping Ineptitude Other IV	NULL	NULL	NULL	NULL	NULL	NULL	NULL	NULL
1016	Jumping Ineptitude Other V	NULL	NULL	NULL	NULL	NULL	NULL	NULL	NULL
1017	Jumping Ineptitude Other VI	NULL	NULL	NULL	NULL	NULL	NULL	NULL	NULL
1018	Bludgeoning Protection Self I	NULL	NULL	NULL	NULL	NULL	NULL	NULL	NULL
1019	Bludgeoning Protection Self II	NULL	NULL	NULL	NULL	NULL	NULL	NULL	NULL
1020	Bludgeoning Protection Self III	NULL	NULL	NULL	NULL	NULL	NULL	NULL	NULL
1021	Bludgeoning Protection Self IV	NULL	NULL	NULL	NULL	NULL	NULL	NULL	NULL
1022	Bludgeoning Protection Self V	NULL	NULL	NULL	NULL	NULL	NULL	NULL	NULL
1023	Bludgeoning Protection Self VI	NULL	NULL	NULL	NULL	NULL	NULL	NULL	NULL
1024	Bludgeoning Protection Other I	NULL	NULL	NULL	NULL	NULL	NULL	NULL	NULL
1025	Bludgeoning Protection Other II	NULL	NULL	NULL	NULL	NULL	NULL	NULL	NULL
1026	Bludgeoning Protection Other III	NULL	NULL	NULL	NULL	NULL	NULL	NULL	NULL
1027	Bludgeoning Protection Other IV	NULL	NULL	NULL	NULL	NULL	NULL	NULL	NULL
1028	Bludgeoning Protection Other V	NULL	NULL	NULL	NULL	NULL	NULL	NULL	NULL
1029	Bludgeoning Protection Other VI	NULL	NULL	NULL	NULL	NULL	NULL	NULL	NULL
1030	Cold Protection Self I	NULL	NULL	NULL	NULL	NULL	NULL	NULL	NULL
1031	Cold Protection Self II	NULL	NULL	NULL	NULL	NULL	NULL	NULL	NULL
1032	Cold Protection Self III	NULL	NULL	NULL	NULL	NULL	NULL	NULL	NULL
1033	Cold Protection Self IV	NULL	NULL	NULL	NULL	NULL	NULL	NULL	NULL
1034	Cold Protection Self V	NULL	NULL	NULL	NULL	NULL	NULL	NULL	NULL
1035	Cold Protection Self VI	NULL	NULL	NULL	NULL	NULL	NULL	NULL	NULL
1036	Cold Protection Other I	NULL	NULL	NULL	NULL	NULL	NULL	NULL	NULL
1037	Cold Protection Other II	NULL	NULL	NULL	NULL	NULL	NULL	NULL	NULL
1038	Cold Protection Other III	NULL	NULL	NULL	NULL	NULL	NULL	NULL	NULL
1039	Cold Protection Other IV	NULL	NULL	NULL	NULL	NULL	NULL	NULL	NULL
1040	Cold Protection Other V	NULL	NULL	NULL	NULL	NULL	NULL	NULL	NULL
1041	Cold Protection Other VI	NULL	NULL	NULL	NULL	NULL	NULL	NULL	NULL
1042	Bludgeoning Vulnerability Self I	NULL	NULL	NULL	NULL	NULL	NULL	NULL	NULL
1043	Bludgeoning Vulnerability Self II	NULL	NULL	NULL	NULL	NULL	NULL	NULL	NULL
1044	Bludgeoning Vulnerability Self III	NULL	NULL	NULL	NULL	NULL	NULL	NULL	NULL
1045	Bludgeoning Vulnerability Self IV	NULL	NULL	NULL	NULL	NULL	NULL	NULL	NULL
1046	Bludgeoning Vulnerability Self V	NULL	NULL	NULL	NULL	NULL	NULL	NULL	NULL
1047	Bludgeoning Vulnerability Self VI	NULL	NULL	NULL	NULL	NULL	NULL	NULL	NULL
1048	Bludgeoning Vulnerability Other I	NULL	NULL	NULL	NULL	NULL	NULL	NULL	NULL
1049	Bludgeoning Vulnerability Other II	NULL	NULL	NULL	NULL	NULL	NULL	NULL	NULL
1050	Bludgeoning Vulnerability Other III	NULL	NULL	NULL	NULL	NULL	NULL	NULL	NULL
1051	Bludgeoning Vulnerability Other IV	NULL	NULL	NULL	NULL	NULL	NULL	NULL	NULL
1052	Bludgeoning Vulnerability Other V	NULL	NULL	NULL	NULL	NULL	NULL	NULL	NULL
1053	Bludgeoning Vulnerability Other VI	NULL	NULL	NULL	NULL	NULL	NULL	NULL	NULL
1054	Cold Vulnerability Self I	NULL	NULL	NULL	NULL	NULL	NULL	NULL	NULL
1055	Cold Vulnerability Self II	NULL	NULL	NULL	NULL	NULL	NULL	NULL	NULL
1056	Cold Vulnerability Self III	NULL	NULL	NULL	NULL	NULL	NULL	NULL	NULL
1057	Cold Vulnerability Self IV	NULL	NULL	NULL	NULL	NULL	NULL	NULL	NULL
1058	Cold Vulnerability Self V	NULL	NULL	NULL	NULL	NULL	NULL	NULL	NULL
1059	Cold Vulnerability Self VI	NULL	NULL	NULL	NULL	NULL	NULL	NULL	NULL
1060	Cold Vulnerability Other I	NULL	NULL	NULL	NULL	NULL	NULL	NULL	NULL
1061	Cold Vulnerability Other II	NULL	NULL	NULL	NULL	NULL	NULL	NULL	NULL
1062	Cold Vulnerability Other III	NULL	NULL	NULL	NULL	NULL	NULL	NULL	NULL
1063	Cold Vulnerability Other IV	NULL	NULL	NULL	NULL	NULL	NULL	NULL	NULL
1064	Cold Vulnerability Other V	NULL	NULL	NULL	NULL	NULL	NULL	NULL	NULL
1065	Cold Vulnerability Other VI	NULL	NULL	NULL	NULL	NULL	NULL	NULL	NULL
1066	Lightning Protection Self I	NULL	NULL	NULL	NULL	NULL	NULL	NULL	NULL
1067	Lightning Protection Self II	NULL	NULL	NULL	NULL	NULL	NULL	NULL	NULL
1068	Lightning Protection Self III	NULL	NULL	NULL	NULL	NULL	NULL	NULL	NULL
1069	Lightning Protection Self IV	NULL	NULL	NULL	NULL	NULL	NULL	NULL	NULL
1070	Lightning Protection Self V	NULL	NULL	NULL	NULL	NULL	NULL	NULL	NULL
1071	Lightning Protection Self VI	NULL	NULL	NULL	NULL	NULL	NULL	NULL	NULL
1072	Lightning Protection Other I	NULL	NULL	NULL	NULL	NULL	NULL	NULL	NULL
1073	Lightning Protection Other II	NULL	NULL	NULL	NULL	NULL	NULL	NULL	NULL
1074	Lightning Protection Other III	NULL	NULL	NULL	NULL	NULL	NULL	NULL	NULL
1075	Lightning Protection Other IV	NULL	NULL	NULL	NULL	NULL	NULL	NULL	NULL
1076	Lightning Protection Other V	NULL	NULL	NULL	NULL	NULL	NULL	NULL	NULL
1077	Lightning Protection Other VI	NULL	NULL	NULL	NULL	NULL	NULL	NULL	NULL
1078	Lightning Vulnerability Self I	NULL	NULL	NULL	NULL	NULL	NULL	NULL	NULL
1079	Lightning Vulnerability Self II	NULL	NULL	NULL	NULL	NULL	NULL	NULL	NULL
1080	Lightning Vulnerability Self III	NULL	NULL	NULL	NULL	NULL	NULL	NULL	NULL
1081	Lightning Vulnerability Self IV	NULL	NULL	NULL	NULL	NULL	NULL	NULL	NULL
1082	Lightning Vulnerability Self V	NULL	NULL	NULL	NULL	NULL	NULL	NULL	NULL
1083	Lightning Vulnerability Self VI	NULL	NULL	NULL	NULL	NULL	NULL	NULL	NULL
1084	Lightning Vulnerability Other I	NULL	NULL	NULL	NULL	NULL	NULL	NULL	NULL
1085	Lightning Vulnerability Other II	NULL	NULL	NULL	NULL	NULL	NULL	NULL	NULL
1086	Lightning Vulnerability Other III	NULL	NULL	NULL	NULL	NULL	NULL	NULL	NULL
1087	Lightning Vulnerability Other IV	NULL	NULL	NULL	NULL	NULL	NULL	NULL	NULL
1088	Lightning Vulnerability Other V	NULL	NULL	NULL	NULL	NULL	NULL	NULL	NULL
1089	Lightning Vulnerability Other VI	NULL	NULL	NULL	NULL	NULL	NULL	NULL	NULL
1090	Fire Protection Self II	NULL	NULL	NULL	NULL	NULL	NULL	NULL	NULL
1091	Fire Protection Self III	NULL	NULL	NULL	NULL	NULL	NULL	NULL	NULL
1092	Fire Protection Self IV	NULL	NULL	NULL	NULL	NULL	NULL	NULL	NULL
1093	Fire Protection Self V	NULL	NULL	NULL	NULL	NULL	NULL	NULL	NULL
1094	Fire Protection Self VI	NULL	NULL	NULL	NULL	NULL	NULL	NULL	NULL
1095	Fire Protection Other V	NULL	NULL	NULL	NULL	NULL	NULL	NULL	NULL
1096	Fire Protection Other VI	NULL	NULL	NULL	NULL	NULL	NULL	NULL	NULL
1097	Flaming Missile	2	NULL	NULL	NULL	NULL	NULL	NULL	NULL
1098	Fire Vulnerability Self II	NULL	NULL	NULL	NULL	NULL	NULL	NULL	NULL
1099	Fire Vulnerability Self III	NULL	NULL	NULL	NULL	NULL	NULL	NULL	NULL
1100	Fire Vulnerability Self IV	NULL	NULL	NULL	NULL	NULL	NULL	NULL	NULL
1101	Fire Vulnerability Self V	NULL	NULL	NULL	NULL	NULL	NULL	NULL	NULL
1102	Fire Vulnerability Self VI	NULL	NULL	NULL	NULL	NULL	NULL	NULL	NULL
1104	Fire Vulnerability Other II	NULL	NULL	NULL	NULL	NULL	NULL	NULL	NULL
1105	Fire Vulnerability Other III	NULL	NULL	NULL	NULL	NULL	NULL	NULL	NULL
1106	Fire Vulnerability Other IV	NULL	NULL	NULL	NULL	NULL	NULL	NULL	NULL
1107	Fire Vulnerability Other V	NULL	NULL	NULL	NULL	NULL	NULL	NULL	NULL
1108	Fire Vulnerability Other VI	NULL	NULL	NULL	NULL	NULL	NULL	NULL	NULL
1109	Blade Protection Self I	NULL	NULL	NULL	NULL	NULL	NULL	NULL	NULL
1110	Blade Protection Self II	NULL	NULL	NULL	NULL	NULL	NULL	NULL	NULL
1111	Blade Protection Self III	NULL	NULL	NULL	NULL	NULL	NULL	NULL	NULL
1112	Blade Protection Self IV	NULL	NULL	NULL	NULL	NULL	NULL	NULL	NULL
1113	Blade Protection Self V	NULL	NULL	NULL	NULL	NULL	NULL	NULL	NULL
1114	Blade Protection Self VI	NULL	NULL	NULL	NULL	NULL	NULL	NULL	NULL
1115	Blade Protection Other I	NULL	NULL	NULL	NULL	NULL	NULL	NULL	NULL
1116	Blade Protection Other II	NULL	NULL	NULL	NULL	NULL	NULL	NULL	NULL
1117	Blade Protection Other III	NULL	NULL	NULL	NULL	NULL	NULL	NULL	NULL
1118	Blade Protection Other IV	NULL	NULL	NULL	NULL	NULL	NULL	NULL	NULL
1119	Blade Protection Other V	NULL	NULL	NULL	NULL	NULL	NULL	NULL	NULL
1120	Blade Protection Other VI	NULL	NULL	NULL	NULL	NULL	NULL	NULL	NULL
1121	Blade Vulnerability Self I	NULL	NULL	NULL	NULL	NULL	NULL	NULL	NULL
1122	Blade Vulnerability Self II	NULL	NULL	NULL	NULL	NULL	NULL	NULL	NULL
1123	Blade Vulnerability Self III	NULL	NULL	NULL	NULL	NULL	NULL	NULL	NULL
1124	Blade Vulnerability Self IV	NULL	NULL	NULL	NULL	NULL	NULL	NULL	NULL
1125	Blade Vulnerability Self V	NULL	NULL	NULL	NULL	NULL	NULL	NULL	NULL
1126	Blade Vulnerability Self VI	NULL	NULL	NULL	NULL	NULL	NULL	NULL	NULL
1127	Blade Vulnerability Other I	NULL	NULL	NULL	NULL	NULL	NULL	NULL	NULL
1128	Blade Vulnerability Other II	NULL	NULL	NULL	NULL	NULL	NULL	NULL	NULL
1129	Blade Vulnerability Other III	NULL	NULL	NULL	NULL	NULL	NULL	NULL	NULL
1130	Blade Vulnerability Other IV	NULL	NULL	NULL	NULL	NULL	NULL	NULL	NULL
1131	Blade Vulnerability Other V	NULL	NULL	NULL	NULL	NULL	NULL	NULL	NULL
1132	Blade Vulnerability Other VI	NULL	NULL	NULL	NULL	NULL	NULL	NULL	NULL
1133	Piercing Protection Self I	NULL	NULL	NULL	NULL	NULL	NULL	NULL	NULL
1134	Piercing Protection Self II	NULL	NULL	NULL	NULL	NULL	NULL	NULL	NULL
1135	Piercing Protection Self III	NULL	NULL	NULL	NULL	NULL	NULL	NULL	NULL
1136	Piercing Protection Self IV	NULL	NULL	NULL	NULL	NULL	NULL	NULL	NULL
1137	Piercing Protection Self V	NULL	NULL	NULL	NULL	NULL	NULL	NULL	NULL
1138	Piercing Protection Self VI	NULL	NULL	NULL	NULL	NULL	NULL	NULL	NULL
1139	Piercing Protection Other I	NULL	NULL	NULL	NULL	NULL	NULL	NULL	NULL
1140	Piercing Protection Other II	NULL	NULL	NULL	NULL	NULL	NULL	NULL	NULL
1141	Piercing Protection Other III	NULL	NULL	NULL	NULL	NULL	NULL	NULL	NULL
1142	Piercing Protection Other IV	NULL	NULL	NULL	NULL	NULL	NULL	NULL	NULL
1143	Piercing Protection Other V	NULL	NULL	NULL	NULL	NULL	NULL	NULL	NULL
1144	Piercing Protection Other VI	NULL	NULL	NULL	NULL	NULL	NULL	NULL	NULL
1145	Piercing Vulnerability Self I	NULL	NULL	NULL	NULL	NULL	NULL	NULL	NULL
1146	Piercing Vulnerability Self II	NULL	NULL	NULL	NULL	NULL	NULL	NULL	NULL
1147	Piercing Vulnerability Self III	NULL	NULL	NULL	NULL	NULL	NULL	NULL	NULL
1148	Piercing Vulnerability Self IV	NULL	NULL	NULL	NULL	NULL	NULL	NULL	NULL
1149	Piercing Vulnerability Self V	NULL	NULL	NULL	NULL	NULL	NULL	NULL	NULL
1150	Piercing Vulnerability Self VI	NULL	NULL	NULL	NULL	NULL	NULL	NULL	NULL
1151	Piercing Vulnerability Other I	NULL	NULL	NULL	NULL	NULL	NULL	NULL	NULL
1152	Piercing Vulnerability Other II	NULL	NULL	NULL	NULL	NULL	NULL	NULL	NULL
1153	Piercing Vulnerability Other III	NULL	NULL	NULL	NULL	NULL	NULL	NULL	NULL
1154	Piercing Vulnerability Other IV	NULL	NULL	NULL	NULL	NULL	NULL	NULL	NULL
1155	Piercing Vulnerability Other V	NULL	NULL	NULL	NULL	NULL	NULL	NULL	NULL
1156	Piercing Vulnerability Other VI	NULL	NULL	NULL	NULL	NULL	NULL	NULL	NULL
1157	Heal Self II	NULL	128	NULL	NULL	15	NULL	NULL	NULL
1158	Heal Self III	NULL	128	NULL	NULL	20	NULL	NULL	NULL
1159	Heal Self IV	NULL	128	NULL	NULL	30	NULL	NULL	NULL
1160	Heal Self V	NULL	128	NULL	NULL	45	NULL	NULL	NULL
1161	Heal Self VI	NULL	128	NULL	NULL	55	NULL	NULL	NULL
1162	Heal Other II	NULL	128	NULL	NULL	15	NULL	NULL	NULL
1163	Heal Other III	NULL	128	NULL	NULL	20	NULL	NULL	NULL
1164	Heal Other IV	NULL	128	NULL	NULL	30	NULL	NULL	NULL
1165	Heal Other V	NULL	128	NULL	NULL	45	NULL	NULL	NULL
1166	Heal Other VI	NULL	128	NULL	NULL	55	NULL	NULL	NULL
1167	Harm Self II	NULL	128	NULL	NULL	-7	NULL	NULL	NULL
1168	Harm Self III	NULL	128	NULL	NULL	-10	NULL	NULL	NULL
1169	Harm Self IV	NULL	128	NULL	NULL	-16	NULL	NULL	NULL
1170	Harm Self V	NULL	128	NULL	NULL	-23	NULL	NULL	NULL
1171	Harm Self VI	NULL	128	NULL	NULL	-31	NULL	NULL	NULL
1172	Harm Other II	NULL	128	NULL	NULL	-7	NULL	NULL	NULL
1173	Harm Other III	NULL	128	NULL	NULL	-10	NULL	NULL	NULL
1174	Harm Other IV	NULL	128	NULL	NULL	-16	NULL	NULL	NULL
1175	Harm Other V	NULL	128	NULL	NULL	-24	NULL	NULL	NULL
1176	Harm Other VI	NULL	128	NULL	NULL	-33	NULL	NULL	NULL
1177	Revitalize Self I	NULL	256	NULL	NULL	15	NULL	NULL	NULL
1178	Revitalize Self II	NULL	256	NULL	NULL	20	NULL	NULL	NULL
1179	Revitalize Self III	NULL	256	NULL	NULL	30	NULL	NULL	NULL
1180	Revitalize Self IV	NULL	256	NULL	NULL	40	NULL	NULL	NULL
1181	Revitalize Self V	NULL	256	NULL	NULL	60	NULL	NULL	NULL
1182	Revitalize Self VI	NULL	256	NULL	NULL	80	NULL	NULL	NULL
1183	Revitalize Other I	NULL	256	NULL	NULL	15	NULL	NULL	NULL
1184	Revitalize Other II	NULL	256	NULL	NULL	20	NULL	NULL	NULL
1185	Revitalize Other III	NULL	256	NULL	NULL	30	NULL	NULL	NULL
1186	Revitalize Other IV	NULL	256	NULL	NULL	40	NULL	NULL	NULL
1187	Revitalize Other V	NULL	256	NULL	NULL	60	NULL	NULL	NULL
1188	Revitalize Other VI	NULL	256	NULL	NULL	80	NULL	NULL	NULL
1189	Enfeeble Self I	NULL	256	NULL	NULL	-7	NULL	NULL	NULL
1190	Enfeeble Self II	NULL	256	NULL	NULL	-7	NULL	NULL	NULL
1191	Enfeeble Self III	NULL	256	NULL	NULL	-16	NULL	NULL	NULL
1192	Enfeeble Self IV	NULL	256	NULL	NULL	-23	NULL	NULL	NULL
1193	Enfeeble Self V	NULL	256	NULL	NULL	-31	NULL	NULL	NULL
1194	Enfeeble Self VI	NULL	256	NULL	NULL	-38	NULL	NULL	NULL
1195	Enfeeble Other I	NULL	256	NULL	NULL	-7	NULL	NULL	NULL
1196	Enfeeble Other II	NULL	256	NULL	NULL	-10	NULL	NULL	NULL
1197	Enfeeble Other III	NULL	256	NULL	NULL	-16	NULL	NULL	NULL
1198	Enfeeble Other IV	NULL	256	NULL	NULL	-24	NULL	NULL	NULL
1199	Enfeeble Other V	NULL	256	NULL	NULL	-32	NULL	NULL	NULL
1200	Enfeeble Other VI	NULL	256	NULL	NULL	-39	NULL	NULL	NULL
1201	Mana Boost Self I	NULL	512	NULL	NULL	6	NULL	NULL	NULL
1202	Mana Boost Self II	NULL	512	NULL	NULL	11	NULL	NULL	NULL
1203	Mana Boost Self III	NULL	512	NULL	NULL	16	NULL	NULL	NULL
1204	Mana Boost Self IV	NULL	512	NULL	NULL	26	NULL	NULL	NULL
1205	Mana Boost Self V	NULL	512	NULL	NULL	38	NULL	NULL	NULL
1206	Mana Boost Self VI	NULL	512	NULL	NULL	51	NULL	NULL	NULL
1207	Mana Boost Other I	NULL	512	NULL	NULL	6	NULL	NULL	NULL
1208	Mana Boost Other II	NULL	512	NULL	NULL	11	NULL	NULL	NULL
1209	Mana Boost Other III	NULL	512	NULL	NULL	16	NULL	NULL	NULL
1210	Mana Boost Other IV	NULL	512	NULL	NULL	26	NULL	NULL	NULL
1211	Mana Boost Other V	NULL	512	NULL	NULL	38	NULL	NULL	NULL
1212	Mana Boost Other VI	NULL	512	NULL	NULL	51	NULL	NULL	NULL
1213	Mana Drain Self I	NULL	512	NULL	NULL	-4	NULL	NULL	NULL
1214	Mana Drain Self II	NULL	512	NULL	NULL	-7	NULL	NULL	NULL
1215	Mana Drain Self III	NULL	512	NULL	NULL	-10	NULL	NULL	NULL
1216	Mana Drain Self IV	NULL	512	NULL	NULL	-16	NULL	NULL	NULL
1217	Mana Drain Self V	NULL	512	NULL	NULL	-23	NULL	NULL	NULL
1218	Mana Drain Self VI	NULL	512	NULL	NULL	-31	NULL	NULL	NULL
1219	Mana Drain Other I	NULL	512	NULL	NULL	-4	NULL	NULL	NULL
1220	Mana Drain Other II	NULL	512	NULL	NULL	-7	NULL	NULL	NULL
1221	Mana Drain Other III	NULL	512	NULL	NULL	-10	NULL	NULL	NULL
1222	Mana Drain Other IV	NULL	512	NULL	NULL	-16	NULL	NULL	NULL
1223	Mana Drain Other V	NULL	512	NULL	NULL	-24	NULL	NULL	NULL
1224	Mana Drain Other VI	NULL	512	NULL	NULL	-32	NULL	NULL	NULL
1225	Infuse Health Other I	NULL	NULL	NULL	NULL	NULL	NULL	NULL	NULL
1226	Infuse Health Other II	NULL	NULL	NULL	NULL	NULL	NULL	NULL	NULL
1227	Infuse Health Other III	NULL	NULL	NULL	NULL	NULL	NULL	NULL	NULL
1228	Infuse Health Other IV	NULL	NULL	NULL	NULL	NULL	NULL	NULL	NULL
1229	Infuse Health Other V	NULL	NULL	NULL	NULL	NULL	NULL	NULL	NULL
1230	Infuse Health Other VI	NULL	NULL	NULL	NULL	NULL	NULL	NULL	NULL
1237	Drain Health Other I	NULL	NULL	NULL	NULL	NULL	NULL	NULL	NULL
1238	Drain Health Other II	NULL	NULL	NULL	NULL	NULL	NULL	NULL	NULL
1239	Drain Health Other III	NULL	NULL	NULL	NULL	NULL	NULL	NULL	NULL
1240	Drain Health Other IV	NULL	NULL	NULL	NULL	NULL	NULL	NULL	NULL
1241	Drain Health Other V	NULL	NULL	NULL	NULL	NULL	NULL	NULL	NULL
1242	Drain Health Other VI	NULL	NULL	NULL	NULL	NULL	NULL	NULL	NULL
1243	Infuse Stamina Other I	NULL	NULL	NULL	NULL	NULL	NULL	NULL	NULL
1244	Infuse Stamina Other II	NULL	NULL	NULL	NULL	NULL	NULL	NULL	NULL
1245	Infuse Stamina Other III	NULL	NULL	NULL	NULL	NULL	NULL	NULL	NULL
1246	Infuse Stamina Other IV	NULL	NULL	NULL	NULL	NULL	NULL	NULL	NULL
1247	Infuse Stamina Other V	NULL	NULL	NULL	NULL	NULL	NULL	NULL	NULL
1248	Infuse Stamina Other VI	NULL	NULL	NULL	NULL	NULL	NULL	NULL	NULL
1249	Drain Stamina Other I	NULL	NULL	NULL	NULL	NULL	NULL	NULL	NULL
1250	Drain Stamina Other II	NULL	NULL	NULL	NULL	NULL	NULL	NULL	NULL
1251	Drain Stamina Other III	NULL	NULL	NULL	NULL	NULL	NULL	NULL	NULL
1252	Drain Stamina Other IV	NULL	NULL	NULL	NULL	NULL	NULL	NULL	NULL
1253	Drain Stamina Other V	NULL	NULL	NULL	NULL	NULL	NULL	NULL	NULL
1254	Drain Stamina Other VI	NULL	NULL	NULL	NULL	NULL	NULL	NULL	NULL
1255	Infuse Mana Other II	NULL	NULL	NULL	NULL	NULL	NULL	NULL	NULL
1256	Infuse Mana Other III	NULL	NULL	NULL	NULL	NULL	NULL	NULL	NULL
1257	Infuse Mana Other IV	NULL	NULL	NULL	NULL	NULL	NULL	NULL	NULL
1258	Infuse Mana Other V	NULL	NULL	NULL	NULL	NULL	NULL	NULL	NULL
1259	Infuse Mana Other VI	NULL	NULL	NULL	NULL	NULL	NULL	NULL	NULL
1260	Drain Mana Other I	NULL	NULL	NULL	NULL	NULL	NULL	NULL	NULL
1261	Drain Mana Other II	NULL	NULL	NULL	NULL	NULL	NULL	NULL	NULL
1262	Drain Mana Other III	NULL	NULL	NULL	NULL	NULL	NULL	NULL	NULL
1263	Drain Mana Other IV	NULL	NULL	NULL	NULL	NULL	NULL	NULL	NULL
1264	Drain Mana Other V	NULL	NULL	NULL	NULL	NULL	NULL	NULL	NULL
1265	Drain Mana Other VI	NULL	NULL	NULL	NULL	NULL	NULL	NULL	NULL
1266	Health to Stamina Other I	NULL	NULL	NULL	NULL	NULL	NULL	NULL	NULL
1267	Health to Stamina Other II	NULL	NULL	NULL	NULL	NULL	NULL	NULL	NULL
1268	Health to Stamina Other III	NULL	NULL	NULL	NULL	NULL	NULL	NULL	NULL
1269	Health to Stamina Other IV	NULL	NULL	NULL	NULL	NULL	NULL	NULL	NULL
1270	Health to Stamina Other V	NULL	NULL	NULL	NULL	NULL	NULL	NULL	NULL
1271	Health to Stamina Other VI	NULL	NULL	NULL	NULL	NULL	NULL	NULL	NULL
1272	Health to Stamina Self I	NULL	NULL	NULL	NULL	NULL	NULL	NULL	NULL
1273	Health to Stamina Self II	NULL	NULL	NULL	NULL	NULL	NULL	NULL	NULL
1274	Health to Stamina Self III	NULL	NULL	NULL	NULL	NULL	NULL	NULL	NULL
1275	Health to Stamina Self IV	NULL	NULL	NULL	NULL	NULL	NULL	NULL	NULL
1276	Health to Stamina Self V	NULL	NULL	NULL	NULL	NULL	NULL	NULL	NULL
1277	Health to Stamina Self VI	NULL	NULL	NULL	NULL	NULL	NULL	NULL	NULL
1278	Health to Mana Self I	NULL	NULL	NULL	NULL	NULL	NULL	NULL	NULL
1279	Health to Mana Self II	NULL	NULL	NULL	NULL	NULL	NULL	NULL	NULL
1280	Health to Mana Self III	NULL	NULL	NULL	NULL	NULL	NULL	NULL	NULL
1281	Health to Mana Other IV	NULL	NULL	NULL	NULL	NULL	NULL	NULL	NULL
1282	Health to Mana Other V	NULL	NULL	NULL	NULL	NULL	NULL	NULL	NULL
1283	Health to Mana Other VI	NULL	NULL	NULL	NULL	NULL	NULL	NULL	NULL
1284	Mana to Health Other I	NULL	NULL	NULL	NULL	NULL	NULL	NULL	NULL
1285	Mana to Health Other II	NULL	NULL	NULL	NULL	NULL	NULL	NULL	NULL
1286	Mana to Health Other III	NULL	NULL	NULL	NULL	NULL	NULL	NULL	NULL
1287	Mana to Health Other IV	NULL	NULL	NULL	NULL	NULL	NULL	NULL	NULL
1288	Mana to Health Other V	NULL	NULL	NULL	NULL	NULL	NULL	NULL	NULL
1289	Mana to Health Other VI	NULL	NULL	NULL	NULL	NULL	NULL	NULL	NULL
1290	Mana to Health Self I	NULL	NULL	NULL	NULL	NULL	NULL	NULL	NULL
1291	Mana to Health Self II	NULL	NULL	NULL	NULL	NULL	NULL	NULL	NULL
1292	Mana to Health Self III	NULL	NULL	NULL	NULL	NULL	NULL	NULL	NULL
1293	Mana to Health Self IV	NULL	NULL	NULL	NULL	NULL	NULL	NULL	NULL
1294	Mana to Health Self V	NULL	NULL	NULL	NULL	NULL	NULL	NULL	NULL
1295	Mana to Health Self VI	NULL	NULL	NULL	NULL	NULL	NULL	NULL	NULL
1296	Mana to Stamina Self I	NULL	NULL	NULL	NULL	NULL	NULL	NULL	NULL
1297	Mana to Stamina Self II	NULL	NULL	NULL	NULL	NULL	NULL	NULL	NULL
1298	Mana to Stamina Self III	NULL	NULL	NULL	NULL	NULL	NULL	NULL	NULL
1299	Mana to Stamina Self IV	NULL	NULL	NULL	NULL	NULL	NULL	NULL	NULL
1300	Mana to Stamina Self V	NULL	NULL	NULL	NULL	NULL	NULL	NULL	NULL
1301	Mana to Stamina Self VI	NULL	NULL	NULL	NULL	NULL	NULL	NULL	NULL
1302	Mana to Stamina Other I	NULL	NULL	NULL	NULL	NULL	NULL	NULL	NULL
1303	Mana to Stamina Other II	NULL	NULL	NULL	NULL	NULL	NULL	NULL	NULL
1304	Mana to Stamina Other III	NULL	NULL	NULL	NULL	NULL	NULL	NULL	NULL
1305	Mana to Stamina Other IV	NULL	NULL	NULL	NULL	NULL	NULL	NULL	NULL
1306	Mana to Stamina Other V	NULL	NULL	NULL	NULL	NULL	NULL	NULL	NULL
1307	Mana to Stamina Other VI	NULL	NULL	NULL	NULL	NULL	NULL	NULL	NULL
1308	Armor Self II	NULL	NULL	NULL	NULL	NULL	NULL	NULL	NULL
1309	Armor Self III	NULL	NULL	NULL	NULL	NULL	NULL	NULL	NULL
1310	Armor Self IV	NULL	NULL	NULL	NULL	NULL	NULL	NULL	NULL
1311	Armor Self V	NULL	NULL	NULL	NULL	NULL	NULL	NULL	NULL
1312	Armor Self VI	NULL	NULL	NULL	NULL	NULL	NULL	NULL	NULL
1313	Armor Other II	NULL	NULL	NULL	NULL	NULL	NULL	NULL	NULL
1314	Armor Other III	NULL	NULL	NULL	NULL	NULL	NULL	NULL	NULL
1315	Armor Other IV	NULL	NULL	NULL	NULL	NULL	NULL	NULL	NULL
1316	Armor Other V	NULL	NULL	NULL	NULL	NULL	NULL	NULL	NULL
1317	Armor Other VI	NULL	NULL	NULL	NULL	NULL	NULL	NULL	NULL
1318	Imperil Self II	NULL	NULL	NULL	NULL	NULL	NULL	NULL	NULL
1319	Imperil Self III	NULL	NULL	NULL	NULL	NULL	NULL	NULL	NULL
1320	Imperil Self IV	NULL	NULL	NULL	NULL	NULL	NULL	NULL	NULL
1321	Imperil Self V	NULL	NULL	NULL	NULL	NULL	NULL	NULL	NULL
1322	Imperil Self VI	NULL	NULL	NULL	NULL	NULL	NULL	NULL	NULL
1323	Imperil Other II	NULL	NULL	NULL	NULL	NULL	NULL	NULL	NULL
1324	Imperil Other III	NULL	NULL	NULL	NULL	NULL	NULL	NULL	NULL
1325	Imperil Other IV	NULL	NULL	NULL	NULL	NULL	NULL	NULL	NULL
1326	Imperil Other V	NULL	NULL	NULL	NULL	NULL	NULL	NULL	NULL
1327	Imperil Other VI	NULL	NULL	NULL	NULL	NULL	NULL	NULL	NULL
1328	Strength Self II	NULL	NULL	NULL	NULL	NULL	NULL	NULL	NULL
1329	Strength Self III	NULL	NULL	NULL	NULL	NULL	NULL	NULL	NULL
1330	Strength Self IV	NULL	NULL	NULL	NULL	NULL	NULL	NULL	NULL
1331	Strength Self V	NULL	NULL	NULL	NULL	NULL	NULL	NULL	NULL
1332	Strength Self VI	NULL	NULL	NULL	NULL	NULL	NULL	NULL	NULL
1333	Strength Other II	NULL	NULL	NULL	NULL	NULL	NULL	NULL	NULL
1334	Strength Other III	NULL	NULL	NULL	NULL	NULL	NULL	NULL	NULL
1335	Strength Other IV	NULL	NULL	NULL	NULL	NULL	NULL	NULL	NULL
1336	Strength Other V	NULL	NULL	NULL	NULL	NULL	NULL	NULL	NULL
1337	Strength Other VI	NULL	NULL	NULL	NULL	NULL	NULL	NULL	NULL
1339	Weakness Other II	NULL	NULL	NULL	NULL	NULL	NULL	NULL	NULL
1340	Weakness Other III	NULL	NULL	NULL	NULL	NULL	NULL	NULL	NULL
1341	Weakness Other IV	NULL	NULL	NULL	NULL	NULL	NULL	NULL	NULL
1342	Weakness Other V	NULL	NULL	NULL	NULL	NULL	NULL	NULL	NULL
1343	Weakness Other VI	NULL	NULL	NULL	NULL	NULL	NULL	NULL	NULL
1344	Weakness Self II	NULL	NULL	NULL	NULL	NULL	NULL	NULL	NULL
1345	Weakness Self III	NULL	NULL	NULL	NULL	NULL	NULL	NULL	NULL
1346	Weakness Self IV	NULL	NULL	NULL	NULL	NULL	NULL	NULL	NULL
1347	Weakness Self V	NULL	NULL	NULL	NULL	NULL	NULL	NULL	NULL
1348	Weakness Self VI	NULL	NULL	NULL	NULL	NULL	NULL	NULL	NULL
1349	Endurance Self I	NULL	NULL	NULL	NULL	NULL	NULL	NULL	NULL
1350	Endurance Self II	NULL	NULL	NULL	NULL	NULL	NULL	NULL	NULL
1351	Endurance Self III	NULL	NULL	NULL	NULL	NULL	NULL	NULL	NULL
1352	Endurance Self IV	NULL	NULL	NULL	NULL	NULL	NULL	NULL	NULL
1353	Endurance Self V	NULL	NULL	NULL	NULL	NULL	NULL	NULL	NULL
1354	Endurance Self VI	NULL	NULL	NULL	NULL	NULL	NULL	NULL	NULL
1355	Endurance Other I	NULL	NULL	NULL	NULL	NULL	NULL	NULL	NULL
1356	Endurance Other II	NULL	NULL	NULL	NULL	NULL	NULL	NULL	NULL
1357	Endurance Other III	NULL	NULL	NULL	NULL	NULL	NULL	NULL	NULL
1358	Endurance Other IV	NULL	NULL	NULL	NULL	NULL	NULL	NULL	NULL
1359	Endurance Other V	NULL	NULL	NULL	NULL	NULL	NULL	NULL	NULL
1360	Endurance Other VI	NULL	NULL	NULL	NULL	NULL	NULL	NULL	NULL
1361	Frailty Self I	NULL	NULL	NULL	NULL	NULL	NULL	NULL	NULL
1362	Frailty Self II	NULL	NULL	NULL	NULL	NULL	NULL	NULL	NULL
1363	Frailty Self III	NULL	NULL	NULL	NULL	NULL	NULL	NULL	NULL
1364	Frailty Self IV	NULL	NULL	NULL	NULL	NULL	NULL	NULL	NULL
1365	Frailty Self V	NULL	NULL	NULL	NULL	NULL	NULL	NULL	NULL
1366	Frailty Self VI	NULL	NULL	NULL	NULL	NULL	NULL	NULL	NULL
1367	Frailty Other I	NULL	NULL	NULL	NULL	NULL	NULL	NULL	NULL
1368	Frailty Other II	NULL	NULL	NULL	NULL	NULL	NULL	NULL	NULL
1369	Frailty Other III	NULL	NULL	NULL	NULL	NULL	NULL	NULL	NULL
1370	Frailty Other IV	NULL	NULL	NULL	NULL	NULL	NULL	NULL	NULL
1371	Frailty Other V	NULL	NULL	NULL	NULL	NULL	NULL	NULL	NULL
1372	Frailty Other VI	NULL	NULL	NULL	NULL	NULL	NULL	NULL	NULL
1373	Coordination Self I	NULL	NULL	NULL	NULL	NULL	NULL	NULL	NULL
1374	Coordination Self II	NULL	NULL	NULL	NULL	NULL	NULL	NULL	NULL
1375	Coordination Self III	NULL	NULL	NULL	NULL	NULL	NULL	NULL	NULL
1376	Coordination Self IV	NULL	NULL	NULL	NULL	NULL	NULL	NULL	NULL
1377	Coordination Self V	NULL	NULL	NULL	NULL	NULL	NULL	NULL	NULL
1378	Coordination Self VI	NULL	NULL	NULL	NULL	NULL	NULL	NULL	NULL
1379	Coordination Other I	NULL	NULL	NULL	NULL	NULL	NULL	NULL	NULL
1380	Coordination Other II	NULL	NULL	NULL	NULL	NULL	NULL	NULL	NULL
1381	Coordination Other III	NULL	NULL	NULL	NULL	NULL	NULL	NULL	NULL
1382	Coordination Other IV	NULL	NULL	NULL	NULL	NULL	NULL	NULL	NULL
1383	Coordination Other V	NULL	NULL	NULL	NULL	NULL	NULL	NULL	NULL
1384	Coordination Other VI	NULL	NULL	NULL	NULL	NULL	NULL	NULL	NULL
1385	Clumsiness Self I	NULL	NULL	NULL	NULL	NULL	NULL	NULL	NULL
1386	Clumsiness Self II	NULL	NULL	NULL	NULL	NULL	NULL	NULL	NULL
1387	Clumsiness Self III	NULL	NULL	NULL	NULL	NULL	NULL	NULL	NULL
1388	Clumsiness Self IV	NULL	NULL	NULL	NULL	NULL	NULL	NULL	NULL
1389	Clumsiness Self V	NULL	NULL	NULL	NULL	NULL	NULL	NULL	NULL
1390	Clumsiness Self VI	NULL	NULL	NULL	NULL	NULL	NULL	NULL	NULL
1391	Clumsiness Other I	NULL	NULL	NULL	NULL	NULL	NULL	NULL	NULL
1392	Clumsiness Other II	NULL	NULL	NULL	NULL	NULL	NULL	NULL	NULL
1393	Clumsiness Other III	NULL	NULL	NULL	NULL	NULL	NULL	NULL	NULL
1394	Clumsiness Other IV	NULL	NULL	NULL	NULL	NULL	NULL	NULL	NULL
1395	Clumsiness Other V	NULL	NULL	NULL	NULL	NULL	NULL	NULL	NULL
1396	Clumsiness Other VI	NULL	NULL	NULL	NULL	NULL	NULL	NULL	NULL
1397	Quickness Self I	NULL	NULL	NULL	NULL	NULL	NULL	NULL	NULL
1398	Quickness Self II	NULL	NULL	NULL	NULL	NULL	NULL	NULL	NULL
1399	Quickness Self III	NULL	NULL	NULL	NULL	NULL	NULL	NULL	NULL
1400	Quickness Self IV	NULL	NULL	NULL	NULL	NULL	NULL	NULL	NULL
1401	Quickness Self V	NULL	NULL	NULL	NULL	NULL	NULL	NULL	NULL
1402	Quickness Self VI	NULL	NULL	NULL	NULL	NULL	NULL	NULL	NULL
1403	Quickness Other I	NULL	NULL	NULL	NULL	NULL	NULL	NULL	NULL
1404	Quickness Other II	NULL	NULL	NULL	NULL	NULL	NULL	NULL	NULL
1405	Quickness Other III	NULL	NULL	NULL	NULL	NULL	NULL	NULL	NULL
1406	Quickness Other IV	NULL	NULL	NULL	NULL	NULL	NULL	NULL	NULL
1407	Quickness Other V	NULL	NULL	NULL	NULL	NULL	NULL	NULL	NULL
1408	Quickness Other VI	NULL	NULL	NULL	NULL	NULL	NULL	NULL	NULL
1409	Slowness Self I	NULL	NULL	NULL	NULL	NULL	NULL	NULL	NULL
1410	Slowness Self II	NULL	NULL	NULL	NULL	NULL	NULL	NULL	NULL
1411	Slowness Self III	NULL	NULL	NULL	NULL	NULL	NULL	NULL	NULL
1412	Slowness Self IV	NULL	NULL	NULL	NULL	NULL	NULL	NULL	NULL
1413	Slowness Self V	NULL	NULL	NULL	NULL	NULL	NULL	NULL	NULL
1414	Slowness Self VI	NULL	NULL	NULL	NULL	NULL	NULL	NULL	NULL
1415	Slowness Other I	NULL	NULL	NULL	NULL	NULL	NULL	NULL	NULL
1416	Slowness Other II	NULL	NULL	NULL	NULL	NULL	NULL	NULL	NULL
1417	Slowness Other III	NULL	NULL	NULL	NULL	NULL	NULL	NULL	NULL
1418	Slowness Other IV	NULL	NULL	NULL	NULL	NULL	NULL	NULL	NULL
1419	Slowness Other V	NULL	NULL	NULL	NULL	NULL	NULL	NULL	NULL
1420	Slowness Other VI	NULL	NULL	NULL	NULL	NULL	NULL	NULL	NULL
1421	Focus Self I	NULL	NULL	NULL	NULL	NULL	NULL	NULL	NULL
1422	Focus Self II	NULL	NULL	NULL	NULL	NULL	NULL	NULL	NULL
1423	Focus Self III	NULL	NULL	NULL	NULL	NULL	NULL	NULL	NULL
1424	Focus Self IV	NULL	NULL	NULL	NULL	NULL	NULL	NULL	NULL
1425	Focus Self V	NULL	NULL	NULL	NULL	NULL	NULL	NULL	NULL
1426	Focus Self VI	NULL	NULL	NULL	NULL	NULL	NULL	NULL	NULL
1427	Focus Other I	NULL	NULL	NULL	NULL	NULL	NULL	NULL	NULL
1428	Focus Other II	NULL	NULL	NULL	NULL	NULL	NULL	NULL	NULL
1429	Focus Other III	NULL	NULL	NULL	NULL	NULL	NULL	NULL	NULL
1430	Focus Other IV	NULL	NULL	NULL	NULL	NULL	NULL	NULL	NULL
1431	Focus Other V	NULL	NULL	NULL	NULL	NULL	NULL	NULL	NULL
1432	Focus Other VI	NULL	NULL	NULL	NULL	NULL	NULL	NULL	NULL
1433	Bafflement Self I	NULL	NULL	NULL	NULL	NULL	NULL	NULL	NULL
1434	Bafflement Self II	NULL	NULL	NULL	NULL	NULL	NULL	NULL	NULL
1435	Bafflement Self III	NULL	NULL	NULL	NULL	NULL	NULL	NULL	NULL
1436	Bafflement Self IV	NULL	NULL	NULL	NULL	NULL	NULL	NULL	NULL
1437	Bafflement Self V	NULL	NULL	NULL	NULL	NULL	NULL	NULL	NULL
1438	Bafflement Self VI	NULL	NULL	NULL	NULL	NULL	NULL	NULL	NULL
1439	Bafflement Other I	NULL	NULL	NULL	NULL	NULL	NULL	NULL	NULL
1440	Bafflement Other II	NULL	NULL	NULL	NULL	NULL	NULL	NULL	NULL
1441	Bafflement Other III	NULL	NULL	NULL	NULL	NULL	NULL	NULL	NULL
1442	Bafflement Other IV	NULL	NULL	NULL	NULL	NULL	NULL	NULL	NULL
1443	Bafflement Other V	NULL	NULL	NULL	NULL	NULL	NULL	NULL	NULL
1444	Bafflement Other VI	NULL	NULL	NULL	NULL	NULL	NULL	NULL	NULL
1445	Willpower Self I	NULL	NULL	NULL	NULL	NULL	NULL	NULL	NULL
1446	Willpower Self II	NULL	NULL	NULL	NULL	NULL	NULL	NULL	NULL
1447	Willpower Self III	NULL	NULL	NULL	NULL	NULL	NULL	NULL	NULL
1448	Willpower Self IV	NULL	NULL	NULL	NULL	NULL	NULL	NULL	NULL
1449	Willpower Self V	NULL	NULL	NULL	NULL	NULL	NULL	NULL	NULL
1450	Willpower Self VI	NULL	NULL	NULL	NULL	NULL	NULL	NULL	NULL
1451	Willpower Other I	NULL	NULL	NULL	NULL	NULL	NULL	NULL	NULL
1452	Willpower Other II	NULL	NULL	NULL	NULL	NULL	NULL	NULL	NULL
1453	Willpower Other III	NULL	NULL	NULL	NULL	NULL	NULL	NULL	NULL
1454	Willpower Other IV	NULL	NULL	NULL	NULL	NULL	NULL	NULL	NULL
1455	Willpower Other V	NULL	NULL	NULL	NULL	NULL	NULL	NULL	NULL
1456	Willpower Other VI	NULL	NULL	NULL	NULL	NULL	NULL	NULL	NULL
1457	Feeblemind Self I	NULL	NULL	NULL	NULL	NULL	NULL	NULL	NULL
1458	Feeblemind Self II	NULL	NULL	NULL	NULL	NULL	NULL	NULL	NULL
1459	Feeblemind Self III	NULL	NULL	NULL	NULL	NULL	NULL	NULL	NULL
1460	Feeblemind Self IV	NULL	NULL	NULL	NULL	NULL	NULL	NULL	NULL
1461	Feeblemind Self V	NULL	NULL	NULL	NULL	NULL	NULL	NULL	NULL
1462	Feeblemind Self VI	NULL	NULL	NULL	NULL	NULL	NULL	NULL	NULL
1463	Feeblemind Other I	NULL	NULL	NULL	NULL	NULL	NULL	NULL	NULL
1464	Feeblemind Other II	NULL	NULL	NULL	NULL	NULL	NULL	NULL	NULL
1465	Feeblemind Other III	NULL	NULL	NULL	NULL	NULL	NULL	NULL	NULL
1466	Feeblemind Other IV	NULL	NULL	NULL	NULL	NULL	NULL	NULL	NULL
1467	Feeblemind Other V	NULL	NULL	NULL	NULL	NULL	NULL	NULL	NULL
1468	Feeblemind Other VI	NULL	NULL	NULL	NULL	NULL	NULL	NULL	NULL
1469	Hermetic Void I	NULL	NULL	NULL	NULL	NULL	NULL	NULL	NULL
1470	Hermetic Void II	NULL	NULL	NULL	NULL	NULL	NULL	NULL	NULL
1471	Hermetic Void III	NULL	NULL	NULL	NULL	NULL	NULL	NULL	NULL
1472	Hermetic Void IV	NULL	NULL	NULL	NULL	NULL	NULL	NULL	NULL
1473	Hermetic Void V	NULL	NULL	NULL	NULL	NULL	NULL	NULL	NULL
1474	Hermetic Void VI	NULL	NULL	NULL	NULL	NULL	NULL	NULL	NULL
1475	Aura of Hermetic Link Self I	NULL	NULL	NULL	NULL	NULL	NULL	NULL	NULL
1476	Aura of Hermetic Link Self II	NULL	NULL	NULL	NULL	NULL	NULL	NULL	NULL
1477	Aura of Hermetic Link Self III	NULL	NULL	NULL	NULL	NULL	NULL	NULL	NULL
1478	Aura of Hermetic Link Self IV	NULL	NULL	NULL	NULL	NULL	NULL	NULL	NULL
1479	Aura of Hermetic Link Self V	NULL	NULL	NULL	NULL	NULL	NULL	NULL	NULL
1480	Aura of Hermetic Link Self VI	NULL	NULL	NULL	NULL	NULL	NULL	NULL	NULL
1481	Flaming Missile Volley	2	NULL	NULL	NULL	NULL	NULL	NULL	NULL
1482	Impenetrability II	NULL	NULL	NULL	NULL	NULL	NULL	NULL	NULL
1483	Impenetrability III	NULL	NULL	NULL	NULL	NULL	NULL	NULL	NULL
1484	Impenetrability IV	NULL	NULL	NULL	NULL	NULL	NULL	NULL	NULL
1485	Impenetrability V	NULL	NULL	NULL	NULL	NULL	NULL	NULL	NULL
1486	Impenetrability VI	NULL	NULL	NULL	NULL	NULL	NULL	NULL	NULL
1487	Brittlemail I	NULL	NULL	NULL	NULL	NULL	NULL	NULL	NULL
1488	Brittlemail II	NULL	NULL	NULL	NULL	NULL	NULL	NULL	NULL
1489	Brittlemail III	NULL	NULL	NULL	NULL	NULL	NULL	NULL	NULL
1490	Brittlemail IV	NULL	NULL	NULL	NULL	NULL	NULL	NULL	NULL
1491	Brittlemail V	NULL	NULL	NULL	NULL	NULL	NULL	NULL	NULL
1492	Brittlemail VI	NULL	NULL	NULL	NULL	NULL	NULL	NULL	NULL
1493	Acid Bane I	NULL	NULL	NULL	NULL	NULL	NULL	NULL	NULL
1494	Acid Bane II	NULL	NULL	NULL	NULL	NULL	NULL	NULL	NULL
1495	Acid Bane III	NULL	NULL	NULL	NULL	NULL	NULL	NULL	NULL
1496	Acid Bane IV	NULL	NULL	NULL	NULL	NULL	NULL	NULL	NULL
1497	Acid Bane V	NULL	NULL	NULL	NULL	NULL	NULL	NULL	NULL
1498	Acid Bane VI	NULL	NULL	NULL	NULL	NULL	NULL	NULL	NULL
1499	Acid Lure I	NULL	NULL	NULL	NULL	NULL	NULL	NULL	NULL
1500	Acid Lure II	NULL	NULL	NULL	NULL	NULL	NULL	NULL	NULL
1501	Acid Lure III	NULL	NULL	NULL	NULL	NULL	NULL	NULL	NULL
1502	Acid Lure IV	NULL	NULL	NULL	NULL	NULL	NULL	NULL	NULL
1503	Acid Lure V	NULL	NULL	NULL	NULL	NULL	NULL	NULL	NULL
1504	Acid Lure VI	NULL	NULL	NULL	NULL	NULL	NULL	NULL	NULL
1505	Bludgeon Lure I	NULL	NULL	NULL	NULL	NULL	NULL	NULL	NULL
1506	Bludgeon Lure II	NULL	NULL	NULL	NULL	NULL	NULL	NULL	NULL
1507	Bludgeon Lure III	NULL	NULL	NULL	NULL	NULL	NULL	NULL	NULL
1508	Bludgeon Lure IV	NULL	NULL	NULL	NULL	NULL	NULL	NULL	NULL
1509	Bludgeon Lure V	NULL	NULL	NULL	NULL	NULL	NULL	NULL	NULL
1510	Bludgeon Lure VI	NULL	NULL	NULL	NULL	NULL	NULL	NULL	NULL
1511	Bludgeon Bane I	NULL	NULL	NULL	NULL	NULL	NULL	NULL	NULL
1512	Bludgeon Bane II	NULL	NULL	NULL	NULL	NULL	NULL	NULL	NULL
1513	Bludgeon Bane III	NULL	NULL	NULL	NULL	NULL	NULL	NULL	NULL
1514	Bludgeon Bane IV	NULL	NULL	NULL	NULL	NULL	NULL	NULL	NULL
1515	Bludgeon Bane V	NULL	NULL	NULL	NULL	NULL	NULL	NULL	NULL
1516	Bludgeon Bane VI	NULL	NULL	NULL	NULL	NULL	NULL	NULL	NULL
1517	Frost Lure I	NULL	NULL	NULL	NULL	NULL	NULL	NULL	NULL
1518	Frost Lure II	NULL	NULL	NULL	NULL	NULL	NULL	NULL	NULL
1519	Frost Lure III	NULL	NULL	NULL	NULL	NULL	NULL	NULL	NULL
1520	Frost Lure IV	NULL	NULL	NULL	NULL	NULL	NULL	NULL	NULL
1521	Frost Lure V	NULL	NULL	NULL	NULL	NULL	NULL	NULL	NULL
1522	Frost Lure VI	NULL	NULL	NULL	NULL	NULL	NULL	NULL	NULL
1523	Frost Bane I	NULL	NULL	NULL	NULL	NULL	NULL	NULL	NULL
1524	Frost Bane II	NULL	NULL	NULL	NULL	NULL	NULL	NULL	NULL
1525	Frost Bane III	NULL	NULL	NULL	NULL	NULL	NULL	NULL	NULL
1526	Frost Bane IV	NULL	NULL	NULL	NULL	NULL	NULL	NULL	NULL
1527	Frost Bane V	NULL	NULL	NULL	NULL	NULL	NULL	NULL	NULL
1528	Frost Bane VI	NULL	NULL	NULL	NULL	NULL	NULL	NULL	NULL
1529	Lightning Lure I	NULL	NULL	NULL	NULL	NULL	NULL	NULL	NULL
1530	Lightning Lure II	NULL	NULL	NULL	NULL	NULL	NULL	NULL	NULL
1531	Lightning Lure III	NULL	NULL	NULL	NULL	NULL	NULL	NULL	NULL
1532	Lightning Lure IV	NULL	NULL	NULL	NULL	NULL	NULL	NULL	NULL
1533	Lightning Lure V	NULL	NULL	NULL	NULL	NULL	NULL	NULL	NULL
1534	Lightning Lure VI	NULL	NULL	NULL	NULL	NULL	NULL	NULL	NULL
1535	Lightning Bane I	NULL	NULL	NULL	NULL	NULL	NULL	NULL	NULL
1536	Lightning Bane II	NULL	NULL	NULL	NULL	NULL	NULL	NULL	NULL
1537	Lightning Bane III	NULL	NULL	NULL	NULL	NULL	NULL	NULL	NULL
1538	Lightning Bane IV	NULL	NULL	NULL	NULL	NULL	NULL	NULL	NULL
1539	Lightning Bane V	NULL	NULL	NULL	NULL	NULL	NULL	NULL	NULL
1540	Lightning Bane VI	NULL	NULL	NULL	NULL	NULL	NULL	NULL	NULL
1541	Flame Lure I	NULL	NULL	NULL	NULL	NULL	NULL	NULL	NULL
1542	Flame Lure II	NULL	NULL	NULL	NULL	NULL	NULL	NULL	NULL
1543	Flame Lure III	NULL	NULL	NULL	NULL	NULL	NULL	NULL	NULL
1544	Flame Lure IV	NULL	NULL	NULL	NULL	NULL	NULL	NULL	NULL
1545	Flame Lure V	NULL	NULL	NULL	NULL	NULL	NULL	NULL	NULL
1546	Flame Lure VI	NULL	NULL	NULL	NULL	NULL	NULL	NULL	NULL
1547	Flame Bane I	NULL	NULL	NULL	NULL	NULL	NULL	NULL	NULL
1548	Flame Bane II	NULL	NULL	NULL	NULL	NULL	NULL	NULL	NULL
1549	Flame Bane III	NULL	NULL	NULL	NULL	NULL	NULL	NULL	NULL
1550	Flame Bane IV	NULL	NULL	NULL	NULL	NULL	NULL	NULL	NULL
1551	Flame Bane V	NULL	NULL	NULL	NULL	NULL	NULL	NULL	NULL
1552	Flame Bane VI	NULL	NULL	NULL	NULL	NULL	NULL	NULL	NULL
1553	Blade Lure II	NULL	NULL	NULL	NULL	NULL	NULL	NULL	NULL
1554	Blade Lure III	NULL	NULL	NULL	NULL	NULL	NULL	NULL	NULL
1555	Blade Lure IV	NULL	NULL	NULL	NULL	NULL	NULL	NULL	NULL
1556	Blade Lure V	NULL	NULL	NULL	NULL	NULL	NULL	NULL	NULL
1557	Blade Lure VI	NULL	NULL	NULL	NULL	NULL	NULL	NULL	NULL
1558	Blade Bane II	NULL	NULL	NULL	NULL	NULL	NULL	NULL	NULL
1559	Blade Bane III	NULL	NULL	NULL	NULL	NULL	NULL	NULL	NULL
1560	Blade Bane IV	NULL	NULL	NULL	NULL	NULL	NULL	NULL	NULL
1561	Blade Bane V	NULL	NULL	NULL	NULL	NULL	NULL	NULL	NULL
1562	Blade Bane VI	NULL	NULL	NULL	NULL	NULL	NULL	NULL	NULL
1563	Piercing Lure I	NULL	NULL	NULL	NULL	NULL	NULL	NULL	NULL
1564	Piercing Lure II	NULL	NULL	NULL	NULL	NULL	NULL	NULL	NULL
1565	Piercing Lure III	NULL	NULL	NULL	NULL	NULL	NULL	NULL	NULL
1566	Piercing Lure IV	NULL	NULL	NULL	NULL	NULL	NULL	NULL	NULL
1567	Piercing Lure V	NULL	NULL	NULL	NULL	NULL	NULL	NULL	NULL
1568	Piercing Lure VI	NULL	NULL	NULL	NULL	NULL	NULL	NULL	NULL
1569	Piercing Bane I	NULL	NULL	NULL	NULL	NULL	NULL	NULL	NULL
1570	Piercing Bane II	NULL	NULL	NULL	NULL	NULL	NULL	NULL	NULL
1571	Piercing Bane III	NULL	NULL	NULL	NULL	NULL	NULL	NULL	NULL
1572	Piercing Bane IV	NULL	NULL	NULL	NULL	NULL	NULL	NULL	NULL
1573	Piercing Bane V	NULL	NULL	NULL	NULL	NULL	NULL	NULL	NULL
1574	Piercing Bane VI	NULL	NULL	NULL	NULL	NULL	NULL	NULL	NULL
1575	Strengthen Lock I	NULL	NULL	NULL	NULL	NULL	NULL	NULL	NULL
1576	Strengthen Lock II	NULL	NULL	NULL	NULL	NULL	NULL	NULL	NULL
1577	Strengthen Lock III	NULL	NULL	NULL	NULL	NULL	NULL	NULL	NULL
1578	Strengthen Lock IV	NULL	NULL	NULL	NULL	NULL	NULL	NULL	NULL
1579	Strengthen Lock V	NULL	NULL	NULL	NULL	NULL	NULL	NULL	NULL
1580	Strengthen Lock VI	NULL	NULL	NULL	NULL	NULL	NULL	NULL	NULL
1581	Weaken Lock I	NULL	NULL	NULL	NULL	NULL	NULL	NULL	NULL
1582	Weaken Lock II	NULL	NULL	NULL	NULL	NULL	NULL	NULL	NULL
1583	Weaken Lock III	NULL	NULL	NULL	NULL	NULL	NULL	NULL	NULL
1584	Weaken Lock IV	NULL	NULL	NULL	NULL	NULL	NULL	NULL	NULL
1585	Weaken Lock V	NULL	NULL	NULL	NULL	NULL	NULL	NULL	NULL
1586	Weaken Lock VI	NULL	NULL	NULL	NULL	NULL	NULL	NULL	NULL
1587	Aura of Heart Seeker Self I	NULL	NULL	NULL	NULL	NULL	NULL	NULL	NULL
1588	Aura of Heart Seeker Self II	NULL	NULL	NULL	NULL	NULL	NULL	NULL	NULL
1589	Aura of Heart Seeker Self III	NULL	NULL	NULL	NULL	NULL	NULL	NULL	NULL
1590	Aura of Heart Seeker Self IV	NULL	NULL	NULL	NULL	NULL	NULL	NULL	NULL
1591	Aura of Heart Seeker Self V	NULL	NULL	NULL	NULL	NULL	NULL	NULL	NULL
1592	Aura of Heart Seeker Self VI	NULL	NULL	NULL	NULL	NULL	NULL	NULL	NULL
1593	Turn Blade I	NULL	NULL	NULL	NULL	NULL	NULL	NULL	NULL
1594	Turn Blade II	NULL	NULL	NULL	NULL	NULL	NULL	NULL	NULL
1595	Turn Blade III	NULL	NULL	NULL	NULL	NULL	NULL	NULL	NULL
1596	Turn Blade IV	NULL	NULL	NULL	NULL	NULL	NULL	NULL	NULL
1597	Turn Blade V	NULL	NULL	NULL	NULL	NULL	NULL	NULL	NULL
1598	Turn Blade VI	NULL	NULL	NULL	NULL	NULL	NULL	NULL	NULL
1599	Aura of Defender Self I	NULL	NULL	NULL	NULL	NULL	NULL	NULL	NULL
1601	Aura of Defender Self II	NULL	NULL	NULL	NULL	NULL	NULL	NULL	NULL
1602	Aura of Defender Self III	NULL	NULL	NULL	NULL	NULL	NULL	NULL	NULL
1603	Aura of Defender Self IV	NULL	NULL	NULL	NULL	NULL	NULL	NULL	NULL
1604	Aura of Defender Self V	NULL	NULL	NULL	NULL	NULL	NULL	NULL	NULL
1605	Aura of Defender Self VI	NULL	NULL	NULL	NULL	NULL	NULL	NULL	NULL
1606	Lure Blade I	NULL	NULL	NULL	NULL	NULL	NULL	NULL	NULL
1607	Lure Blade II	NULL	NULL	NULL	NULL	NULL	NULL	NULL	NULL
1608	Lure Blade III	NULL	NULL	NULL	NULL	NULL	NULL	NULL	NULL
1609	Lure Blade IV	NULL	NULL	NULL	NULL	NULL	NULL	NULL	NULL
1610	Lure Blade V	NULL	NULL	NULL	NULL	NULL	NULL	NULL	NULL
1611	Lure Blade VI	NULL	NULL	NULL	NULL	NULL	NULL	NULL	NULL
1612	Aura of Blood Drinker Self II	NULL	NULL	NULL	NULL	NULL	NULL	NULL	NULL
1613	Aura of Blood Drinker Self III	NULL	NULL	NULL	NULL	NULL	NULL	NULL	NULL
1614	Aura of Blood Drinker Self IV	NULL	NULL	NULL	NULL	NULL	NULL	NULL	NULL
1615	Aura of Blood Drinker Self V	NULL	NULL	NULL	NULL	NULL	NULL	NULL	NULL
1616	Aura of Blood Drinker Self VI	NULL	NULL	NULL	NULL	NULL	NULL	NULL	NULL
1617	Blood Loather II	NULL	NULL	NULL	NULL	NULL	NULL	NULL	NULL
1618	Blood Loather III	NULL	NULL	NULL	NULL	NULL	NULL	NULL	NULL
1619	Blood Loather IV	NULL	NULL	NULL	NULL	NULL	NULL	NULL	NULL
1620	Blood Loather V	NULL	NULL	NULL	NULL	NULL	NULL	NULL	NULL
1621	Blood Loather VI	NULL	NULL	NULL	NULL	NULL	NULL	NULL	NULL
1623	Aura of Swift Killer Self II	NULL	NULL	NULL	NULL	NULL	NULL	NULL	NULL
1624	Aura of Swift Killer Self III	NULL	NULL	NULL	NULL	NULL	NULL	NULL	NULL
1625	Aura of Swift Killer Self IV	NULL	NULL	NULL	NULL	NULL	NULL	NULL	NULL
1626	Aura of Swift Killer Self V	NULL	NULL	NULL	NULL	NULL	NULL	NULL	NULL
1627	Aura of Swift Killer Self VI	NULL	NULL	NULL	NULL	NULL	NULL	NULL	NULL
1629	Leaden Weapon II	NULL	NULL	NULL	NULL	NULL	NULL	NULL	NULL
1630	Leaden Weapon III	NULL	NULL	NULL	NULL	NULL	NULL	NULL	NULL
1631	Leaden Weapon IV	NULL	NULL	NULL	NULL	NULL	NULL	NULL	NULL
1632	Leaden Weapon V	NULL	NULL	NULL	NULL	NULL	NULL	NULL	NULL
1633	Leaden Weapon VI	NULL	NULL	NULL	NULL	NULL	NULL	NULL	NULL
1634	Portal Sending	NULL	NULL	NULL	NULL	NULL	NULL	NULL	NULL
1635	Lifestone Recall	NULL	NULL	NULL	NULL	NULL	NULL	NULL	NULL
1636	Lifestone Sending	NULL	NULL	NULL	NULL	NULL	NULL	NULL	NULL
1637	Summon Primary Portal III	NULL	NULL	NULL	NULL	NULL	NULL	NULL	NULL
1638	Defenselessness Self I	NULL	NULL	NULL	NULL	NULL	NULL	NULL	NULL
1639	Defenselessness Self II	NULL	NULL	NULL	NULL	NULL	NULL	NULL	NULL
1640	Defenselessness Self III	NULL	NULL	NULL	NULL	NULL	NULL	NULL	NULL
1641	Defenselessness Self IV	NULL	NULL	NULL	NULL	NULL	NULL	NULL	NULL
1642	Defenselessness Self V	NULL	NULL	NULL	NULL	NULL	NULL	NULL	NULL
1643	Defenselessness Self VI	NULL	NULL	NULL	NULL	NULL	NULL	NULL	NULL
1644	The Gift of Sarneho	NULL	NULL	NULL	NULL	NULL	NULL	NULL	NULL
1658	Stamina to Health Other I	NULL	NULL	NULL	NULL	NULL	NULL	NULL	NULL
1659	Stamina to Health Other II	NULL	NULL	NULL	NULL	NULL	NULL	NULL	NULL
1660	Stamina to Health Other III	NULL	NULL	NULL	NULL	NULL	NULL	NULL	NULL
1661	Stamina to Health Other IV	NULL	NULL	NULL	NULL	NULL	NULL	NULL	NULL
1662	Stamina to Health Other V	NULL	NULL	NULL	NULL	NULL	NULL	NULL	NULL
1663	Stamina to Health Other VI	NULL	NULL	NULL	NULL	NULL	NULL	NULL	NULL
1664	Stamina to Health Self I	NULL	NULL	NULL	NULL	NULL	NULL	NULL	NULL
1665	Stamina to Health Self II	NULL	NULL	NULL	NULL	NULL	NULL	NULL	NULL
1666	Stamina to Health Self III	NULL	NULL	NULL	NULL	NULL	NULL	NULL	NULL
1667	Stamina to Health Self IV	NULL	NULL	NULL	NULL	NULL	NULL	NULL	NULL
1668	Stamina to Health Self V	NULL	NULL	NULL	NULL	NULL	NULL	NULL	NULL
1669	Stamina to Health Self VI	NULL	NULL	NULL	NULL	NULL	NULL	NULL	NULL
1670	Stamina to Mana Other I	NULL	NULL	NULL	NULL	NULL	NULL	NULL	NULL
1671	Stamina to Mana Other II	NULL	NULL	NULL	NULL	NULL	NULL	NULL	NULL
1672	Stamina to Mana Other III	NULL	NULL	NULL	NULL	NULL	NULL	NULL	NULL
1673	Stamina to Mana Other IV	NULL	NULL	NULL	NULL	NULL	NULL	NULL	NULL
1674	Stamina to Mana Other V	NULL	NULL	NULL	NULL	NULL	NULL	NULL	NULL
1675	Stamina to Mana Other VI	NULL	NULL	NULL	NULL	NULL	NULL	NULL	NULL
1676	Stamina to Mana Self I	NULL	NULL	NULL	NULL	NULL	NULL	NULL	NULL
1677	Stamina to Mana Self II	NULL	NULL	NULL	NULL	NULL	NULL	NULL	NULL
1678	Stamina to Mana Self III	NULL	NULL	NULL	NULL	NULL	NULL	NULL	NULL
1679	Stamina to Mana Self IV	NULL	NULL	NULL	NULL	NULL	NULL	NULL	NULL
1680	Stamina to Mana Self V	NULL	NULL	NULL	NULL	NULL	NULL	NULL	NULL
1681	Stamina to Mana Self VI	NULL	NULL	NULL	NULL	NULL	NULL	NULL	NULL
1702	Health to Mana Self IV	NULL	NULL	NULL	NULL	NULL	NULL	NULL	NULL
1703	Health to Mana Self V	NULL	NULL	NULL	NULL	NULL	NULL	NULL	NULL
1704	Health to Mana Self VI	NULL	NULL	NULL	NULL	NULL	NULL	NULL	NULL
1705	Health to Mana Other I	NULL	NULL	NULL	NULL	NULL	NULL	NULL	NULL
1706	Health to Mana Other II	NULL	NULL	NULL	NULL	NULL	NULL	NULL	NULL
1707	Health to Mana Other III	NULL	NULL	NULL	NULL	NULL	NULL	NULL	NULL
1708	Wedding Bliss	NULL	128	NULL	NULL	8	NULL	NULL	NULL
1709	Cooking Mastery Other I	NULL	NULL	NULL	NULL	NULL	NULL	NULL	NULL
1710	Cooking Mastery Other II	NULL	NULL	NULL	NULL	NULL	NULL	NULL	NULL
1711	Cooking Mastery Other III	NULL	NULL	NULL	NULL	NULL	NULL	NULL	NULL
1712	Cooking Mastery Other IV	NULL	NULL	NULL	NULL	NULL	NULL	NULL	NULL
1713	Cooking Mastery Other V	NULL	NULL	NULL	NULL	NULL	NULL	NULL	NULL
1714	Cooking Mastery Other VI	NULL	NULL	NULL	NULL	NULL	NULL	NULL	NULL
1715	Cooking Mastery Self I	NULL	NULL	NULL	NULL	NULL	NULL	NULL	NULL
1716	Cooking Mastery Self II	NULL	NULL	NULL	NULL	NULL	NULL	NULL	NULL
1717	Cooking Mastery Self III	NULL	NULL	NULL	NULL	NULL	NULL	NULL	NULL
1718	Cooking Mastery Self IV	NULL	NULL	NULL	NULL	NULL	NULL	NULL	NULL
1719	Cooking Mastery Self V	NULL	NULL	NULL	NULL	NULL	NULL	NULL	NULL
1720	Cooking Mastery Self VI	NULL	NULL	NULL	NULL	NULL	NULL	NULL	NULL
1721	Cooking Ineptitude Other I	NULL	NULL	NULL	NULL	NULL	NULL	NULL	NULL
1722	Cooking Ineptitude Other II	NULL	NULL	NULL	NULL	NULL	NULL	NULL	NULL
1723	Cooking Ineptitude Other III	NULL	NULL	NULL	NULL	NULL	NULL	NULL	NULL
1724	Cooking Ineptitude Other IV	NULL	NULL	NULL	NULL	NULL	NULL	NULL	NULL
1725	Cooking Ineptitude Other V	NULL	NULL	NULL	NULL	NULL	NULL	NULL	NULL
1726	Cooking Ineptitude Other VI	NULL	NULL	NULL	NULL	NULL	NULL	NULL	NULL
1727	Cooking Ineptitude Self I	NULL	NULL	NULL	NULL	NULL	NULL	NULL	NULL
1728	Cooking Ineptitude Self II	NULL	NULL	NULL	NULL	NULL	NULL	NULL	NULL
1729	Cooking Ineptitude Self III	NULL	NULL	NULL	NULL	NULL	NULL	NULL	NULL
1730	Cooking Ineptitude Self IV	NULL	NULL	NULL	NULL	NULL	NULL	NULL	NULL
1731	Cooking Ineptitude Self V	NULL	NULL	NULL	NULL	NULL	NULL	NULL	NULL
1732	Cooking Ineptitude Self VI	NULL	NULL	NULL	NULL	NULL	NULL	NULL	NULL
1733	Fletching Mastery Other I	NULL	NULL	NULL	NULL	NULL	NULL	NULL	NULL
1734	Fletching Mastery Other II	NULL	NULL	NULL	NULL	NULL	NULL	NULL	NULL
1735	Fletching Mastery Other III	NULL	NULL	NULL	NULL	NULL	NULL	NULL	NULL
1736	Fletching Mastery Other IV	NULL	NULL	NULL	NULL	NULL	NULL	NULL	NULL
1737	Fletching Mastery Other V	NULL	NULL	NULL	NULL	NULL	NULL	NULL	NULL
1738	Fletching Mastery Other VI	NULL	NULL	NULL	NULL	NULL	NULL	NULL	NULL
1739	Fletching Mastery Self I	NULL	NULL	NULL	NULL	NULL	NULL	NULL	NULL
1740	Fletching Mastery Self II	NULL	NULL	NULL	NULL	NULL	NULL	NULL	NULL
1741	Fletching Mastery Self III	NULL	NULL	NULL	NULL	NULL	NULL	NULL	NULL
1742	Fletching Mastery Self IV	NULL	NULL	NULL	NULL	NULL	NULL	NULL	NULL
1743	Fletching Mastery Self V	NULL	NULL	NULL	NULL	NULL	NULL	NULL	NULL
1744	Fletching Mastery Self VI	NULL	NULL	NULL	NULL	NULL	NULL	NULL	NULL
1745	Fletching Ineptitude Other I	NULL	NULL	NULL	NULL	NULL	NULL	NULL	NULL
1746	Fletching Ineptitude Other II	NULL	NULL	NULL	NULL	NULL	NULL	NULL	NULL
1747	Fletching Ineptitude Other III	NULL	NULL	NULL	NULL	NULL	NULL	NULL	NULL
1748	Fletching Ineptitude Other IV	NULL	NULL	NULL	NULL	NULL	NULL	NULL	NULL
1749	Fletching Ineptitude Other V	NULL	NULL	NULL	NULL	NULL	NULL	NULL	NULL
1750	Fletching Ineptitude Other VI	NULL	NULL	NULL	NULL	NULL	NULL	NULL	NULL
1751	Fletching Ineptitude Self I	NULL	NULL	NULL	NULL	NULL	NULL	NULL	NULL
1752	Fletching Ineptitude Self II	NULL	NULL	NULL	NULL	NULL	NULL	NULL	NULL
1753	Fletching Ineptitude Self III	NULL	NULL	NULL	NULL	NULL	NULL	NULL	NULL
1754	Fletching Ineptitude Self IV	NULL	NULL	NULL	NULL	NULL	NULL	NULL	NULL
1755	Fletching Ineptitude Self V	NULL	NULL	NULL	NULL	NULL	NULL	NULL	NULL
1756	Fletching Ineptitude Self VI	NULL	NULL	NULL	NULL	NULL	NULL	NULL	NULL
1757	Alchemy Mastery Other I	NULL	NULL	NULL	NULL	NULL	NULL	NULL	NULL
1758	Alchemy Mastery Other II	NULL	NULL	NULL	NULL	NULL	NULL	NULL	NULL
1759	Alchemy Mastery Other III	NULL	NULL	NULL	NULL	NULL	NULL	NULL	NULL
1760	Alchemy Mastery Other IV	NULL	NULL	NULL	NULL	NULL	NULL	NULL	NULL
1761	Alchemy Mastery Other V	NULL	NULL	NULL	NULL	NULL	NULL	NULL	NULL
1762	Alchemy Mastery Other VI	NULL	NULL	NULL	NULL	NULL	NULL	NULL	NULL
1763	Alchemy Mastery Self I	NULL	NULL	NULL	NULL	NULL	NULL	NULL	NULL
1764	Alchemy Mastery Self II	NULL	NULL	NULL	NULL	NULL	NULL	NULL	NULL
1765	Alchemy Mastery Self III	NULL	NULL	NULL	NULL	NULL	NULL	NULL	NULL
1766	Alchemy Mastery Self IV	NULL	NULL	NULL	NULL	NULL	NULL	NULL	NULL
1767	Alchemy Mastery Self V	NULL	NULL	NULL	NULL	NULL	NULL	NULL	NULL
1768	Alchemy Mastery Self VI	NULL	NULL	NULL	NULL	NULL	NULL	NULL	NULL
1769	Alchemy Ineptitude Other I	NULL	NULL	NULL	NULL	NULL	NULL	NULL	NULL
1770	Alchemy Ineptitude Other II	NULL	NULL	NULL	NULL	NULL	NULL	NULL	NULL
1771	Alchemy Ineptitude Other III	NULL	NULL	NULL	NULL	NULL	NULL	NULL	NULL
1772	Alchemy Ineptitude Other IV	NULL	NULL	NULL	NULL	NULL	NULL	NULL	NULL
1773	Alchemy Ineptitude Other V	NULL	NULL	NULL	NULL	NULL	NULL	NULL	NULL
1774	Alchemy Ineptitude Other VI	NULL	NULL	NULL	NULL	NULL	NULL	NULL	NULL
1775	Alchemy Ineptitude Self I	NULL	NULL	NULL	NULL	NULL	NULL	NULL	NULL
1776	Alchemy Ineptitude Self II	NULL	NULL	NULL	NULL	NULL	NULL	NULL	NULL
1777	Alchemy Ineptitude Self III	NULL	NULL	NULL	NULL	NULL	NULL	NULL	NULL
1778	Alchemy Ineptitude Self IV	NULL	NULL	NULL	NULL	NULL	NULL	NULL	NULL
1779	Alchemy Ineptitude Self V	NULL	NULL	NULL	NULL	NULL	NULL	NULL	NULL
1780	Alchemy Ineptitude Self VI	NULL	NULL	NULL	NULL	NULL	NULL	NULL	NULL
1781	Exploding Magma	16	NULL	NULL	NULL	NULL	NULL	NULL	NULL
1782	Gertarh's Curse	NULL	NULL	NULL	NULL	NULL	NULL	NULL	NULL
1783	Searing Disc	32	NULL	NULL	NULL	NULL	NULL	NULL	NULL
1784	Horizon's Blades	1	NULL	NULL	NULL	NULL	NULL	NULL	NULL
1785	Cassius' Ring of Fire	16	NULL	NULL	NULL	NULL	NULL	NULL	NULL
1786	Nuhmudira's Spines	2	NULL	NULL	NULL	NULL	NULL	NULL	NULL
1787	Halo of Frost	8	NULL	NULL	NULL	NULL	NULL	NULL	NULL
1788	Eye of the Storm	64	NULL	NULL	NULL	NULL	NULL	NULL	NULL
1789	Tectonic Rifts	4	NULL	NULL	NULL	NULL	NULL	NULL	NULL
1790	Acid Streak I	32	NULL	NULL	NULL	NULL	NULL	NULL	NULL
1791	Acid Streak II	32	NULL	NULL	NULL	NULL	NULL	NULL	NULL
1792	Acid Streak III	32	NULL	NULL	NULL	NULL	NULL	NULL	NULL
1793	Acid Streak IV	32	NULL	NULL	NULL	NULL	NULL	NULL	NULL
1794	Acid Streak V	32	NULL	NULL	NULL	NULL	NULL	NULL	NULL
1795	Acid Streak VI	32	NULL	NULL	NULL	NULL	NULL	NULL	NULL
1796	Flame Streak I	16	NULL	NULL	NULL	NULL	NULL	NULL	NULL
1797	Flame Streak II	16	NULL	NULL	NULL	NULL	NULL	NULL	NULL
1798	Flame Streak III	16	NULL	NULL	NULL	NULL	NULL	NULL	NULL
1799	Flame Streak IV	16	NULL	NULL	NULL	NULL	NULL	NULL	NULL
1800	Flame Streak V	16	NULL	NULL	NULL	NULL	NULL	NULL	NULL
1801	Flame Streak VI	16	NULL	NULL	NULL	NULL	NULL	NULL	NULL
1802	Force Streak I	2	NULL	NULL	NULL	NULL	NULL	NULL	NULL
1803	Force Streak II	2	NULL	NULL	NULL	NULL	NULL	NULL	NULL
1804	Force Streak III	2	NULL	NULL	NULL	NULL	NULL	NULL	NULL
1805	Force Streak IV	2	NULL	NULL	NULL	NULL	NULL	NULL	NULL
1806	Force Streak V	2	NULL	NULL	NULL	NULL	NULL	NULL	NULL
1807	Force Streak VI	2	NULL	NULL	NULL	NULL	NULL	NULL	NULL
1808	Frost Streak I	8	NULL	NULL	NULL	NULL	NULL	NULL	NULL
1809	Frost Streak II	8	NULL	NULL	NULL	NULL	NULL	NULL	NULL
1810	Frost Streak III	8	NULL	NULL	NULL	NULL	NULL	NULL	NULL
1811	Frost Streak IV	8	NULL	NULL	NULL	NULL	NULL	NULL	NULL
1812	Frost Streak V	8	NULL	NULL	NULL	NULL	NULL	NULL	NULL
1813	Frost Streak VI	8	NULL	NULL	NULL	NULL	NULL	NULL	NULL
1814	Lightning Streak I	64	NULL	NULL	NULL	NULL	NULL	NULL	NULL
1815	Lightning Streak II	64	NULL	NULL	NULL	NULL	NULL	NULL	NULL
1816	Lightning Streak III	64	NULL	NULL	NULL	NULL	NULL	NULL	NULL
1817	Lightning Streak IV	64	NULL	NULL	NULL	NULL	NULL	NULL	NULL
1818	Lightning Streak V	64	NULL	NULL	NULL	NULL	NULL	NULL	NULL
1819	Lightning Streak VI	64	NULL	NULL	NULL	NULL	NULL	NULL	NULL
1820	Shock Wave Streak I	4	NULL	NULL	NULL	NULL	NULL	NULL	NULL
1821	Shock Wave Streak II	4	NULL	NULL	NULL	NULL	NULL	NULL	NULL
1822	Shock Wave Streak III	4	NULL	NULL	NULL	NULL	NULL	NULL	NULL
1823	Shock Wave Streak IV	4	NULL	NULL	NULL	NULL	NULL	NULL	NULL
1824	Shock Wave Streak V	4	NULL	NULL	NULL	NULL	NULL	NULL	NULL
1825	Shock Wave Streak VI	4	NULL	NULL	NULL	NULL	NULL	NULL	NULL
1826	Whirling Blade Streak I	1	NULL	NULL	NULL	NULL	NULL	NULL	NULL
1827	Whirling Blade Streak II	1	NULL	NULL	NULL	NULL	NULL	NULL	NULL
1828	Whirling Blade Streak III	1	NULL	NULL	NULL	NULL	NULL	NULL	NULL
1829	Whirling Blade Streak IV	1	NULL	NULL	NULL	NULL	NULL	NULL	NULL
1830	Whirling Blade Streak V	1	NULL	NULL	NULL	NULL	NULL	NULL	NULL
1831	Whirling Blade Streak VI	1	NULL	NULL	NULL	NULL	NULL	NULL	NULL
1832	Torrential Acid	32	NULL	NULL	NULL	NULL	NULL	NULL	NULL
1833	Squall of Swords	1	NULL	NULL	NULL	NULL	NULL	NULL	NULL
1834	Firestorm	16	NULL	NULL	NULL	NULL	NULL	NULL	NULL
1835	Splinterfall	2	NULL	NULL	NULL	NULL	NULL	NULL	NULL
1836	Avalanche	8	NULL	NULL	NULL	NULL	NULL	NULL	NULL
1837	Lightning Barrage	64	NULL	NULL	NULL	NULL	NULL	NULL	NULL
1838	Stone Fists	4	NULL	NULL	NULL	NULL	NULL	NULL	NULL
1839	Blistering Creeper	32	NULL	NULL	NULL	NULL	NULL	NULL	NULL
1840	Bed of Blades	1	NULL	NULL	NULL	NULL	NULL	NULL	NULL
1841	Slithering Flames	16	NULL	NULL	NULL	NULL	NULL	NULL	NULL
1842	Spike Strafe	2	NULL	NULL	NULL	NULL	NULL	NULL	NULL
1843	Foon-Ki's Glacial Floe	8	NULL	NULL	NULL	NULL	NULL	NULL	NULL
1844	Os' Wall	64	NULL	NULL	NULL	NULL	NULL	NULL	NULL
1845	Hammering Crawler	4	NULL	NULL	NULL	NULL	NULL	NULL	NULL
1846	Curse of Black Fire	NULL	NULL	NULL	NULL	NULL	NULL	NULL	NULL
1847	Evaporate All Magic Other	NULL	NULL	0	NULL	NULL	0	35	0
1848	Evaporate All Magic Other	NULL	NULL	0	NULL	NULL	0	35	1
1849	Evaporate All Magic Other	NULL	NULL	0	NULL	NULL	0	35	2
1850	Evaporate All Magic Self	NULL	NULL	0	NULL	NULL	0	35	0
1851	Evaporate All Magic Self	NULL	NULL	0	NULL	NULL	0	35	1
1852	Evaporate All Magic Self	NULL	NULL	0	NULL	NULL	0	35	2
1853	Extinguish All Magic Other	NULL	NULL	0	NULL	NULL	0	85	0
1854	Extinguish All Magic Other	NULL	NULL	0	NULL	NULL	0	85	1
1855	Extinguish All Magic Other	NULL	NULL	0	NULL	NULL	0	85	2
1856	Extinguish All Magic Self	NULL	NULL	0	NULL	NULL	0	85	0
1857	Extinguish All Magic Self	NULL	NULL	0	NULL	NULL	0	85	1
1858	Extinguish All Magic Self	NULL	NULL	0	NULL	NULL	0	85	2
1859	Cleanse All Magic Other	NULL	NULL	0	NULL	NULL	0	135	0
1860	Cleanse All Magic Other	NULL	NULL	0	NULL	NULL	0	135	1
1861	Cleanse All Magic Other	NULL	NULL	0	NULL	NULL	0	135	2
1862	Cleanse All Magic Self	NULL	NULL	0	NULL	NULL	0	135	0
1863	Cleanse All Magic Self	NULL	NULL	0	NULL	NULL	0	135	1
1864	Cleanse All Magic Self	NULL	NULL	0	NULL	NULL	0	135	2
1865	Devour All Magic Other	NULL	NULL	0	NULL	NULL	0	185	0
1866	Devour All Magic Other	NULL	NULL	0	NULL	NULL	0	185	1
1867	Devour All Magic Other	NULL	NULL	0	NULL	NULL	0	185	2
1868	Devour All Magic Self	NULL	NULL	0	NULL	NULL	0	185	0
1869	Devour All Magic Self	NULL	NULL	0	NULL	NULL	0	185	1
1870	Devour All Magic Self	NULL	NULL	0	NULL	NULL	0	185	2
1871	Purge All Magic Other	NULL	NULL	0	NULL	NULL	0	235	0
1872	Purge All Magic Other	NULL	NULL	0	NULL	NULL	0	235	1
1873	Purge All Magic Other	NULL	NULL	0	NULL	NULL	0	235	2
1874	Purge All Magic Self	NULL	NULL	0	NULL	NULL	0	235	0
1875	Purge All Magic Self	NULL	NULL	0	NULL	NULL	0	235	1
1876	Purge All Magic Self	NULL	NULL	0	NULL	NULL	0	235	2
1877	Nullify All Magic Other	NULL	NULL	0	NULL	NULL	0	999	0
1878	Nullify All Magic Other	NULL	NULL	0	NULL	NULL	0	285	1
1879	Nullify All Magic Other	NULL	NULL	0	NULL	NULL	0	285	2
1880	Nullify All Magic Self	NULL	NULL	0	NULL	NULL	0	285	0
1881	Nullify All Magic Self	NULL	NULL	0	NULL	NULL	0	285	1
1882	Nullify All Magic Self	NULL	NULL	0	NULL	NULL	0	285	2
1883	Evaporate Creature Magic Other	NULL	NULL	4	NULL	NULL	0	35	0
1884	Evaporate Creature Magic Other	NULL	NULL	4	NULL	NULL	0	35	1
1885	Evaporate Creature Magic Other	NULL	NULL	4	NULL	NULL	0	35	2
1886	Evaporate Creature Magic Self	NULL	NULL	4	NULL	NULL	0	35	0
1887	Evaporate Creature Magic Self	NULL	NULL	4	NULL	NULL	0	35	1
1888	Evaporate Creature Magic Self	NULL	NULL	4	NULL	NULL	0	35	2
1889	Extinguish Creature Magic Other	NULL	NULL	4	NULL	NULL	0	85	0
1890	Extinguish Creature Magic Other	NULL	NULL	4	NULL	NULL	0	85	1
1891	Extinguish Creature Magic Other	NULL	NULL	4	NULL	NULL	0	85	2
1892	Extinguish Creature Magic Self	NULL	NULL	4	NULL	NULL	0	85	0
1893	Extinguish Creature Magic Self	NULL	NULL	4	NULL	NULL	0	85	1
1894	Extinguish Creature Magic Self	NULL	NULL	4	NULL	NULL	0	85	2
1895	Cleanse Creature Magic Other	NULL	NULL	4	NULL	NULL	0	135	0
1896	Cleanse Creature Magic Other	NULL	NULL	4	NULL	NULL	0	135	1
1897	Cleanse Creature Magic Other	NULL	NULL	4	NULL	NULL	0	135	2
1898	Cleanse Creature Magic Self	NULL	NULL	4	NULL	NULL	0	135	0
1899	Cleanse Creature Magic Self	NULL	NULL	4	NULL	NULL	0	135	1
1900	Cleanse Creature Magic Self	NULL	NULL	4	NULL	NULL	0	135	2
1901	Devour Creature Magic Other	NULL	NULL	4	NULL	NULL	0	185	0
1902	Devour Creature Magic Other	NULL	NULL	4	NULL	NULL	0	185	1
1903	Devour Creature Magic Other	NULL	NULL	4	NULL	NULL	0	185	2
1904	Devour Creature Magic Self	NULL	NULL	4	NULL	NULL	0	185	0
1905	Devour Creature Magic Self	NULL	NULL	4	NULL	NULL	0	185	1
1906	Devour Creature Magic Self	NULL	NULL	4	NULL	NULL	0	185	2
1907	Purge Creature Magic Other	NULL	NULL	4	NULL	NULL	0	235	0
1908	Purge Creature Magic Other	NULL	NULL	4	NULL	NULL	0	235	1
1909	Purge Creature Magic Other	NULL	NULL	4	NULL	NULL	0	235	2
1910	Purge Creature Magic Self	NULL	NULL	4	NULL	NULL	0	235	0
1911	Purge Creature Magic Self	NULL	NULL	4	NULL	NULL	0	235	1
1912	Purge Creature Magic Self	NULL	NULL	4	NULL	NULL	0	235	2
1913	Nullify Creature Magic Other	NULL	NULL	4	NULL	NULL	0	285	0
1914	Nullify Creature Magic Other	NULL	NULL	4	NULL	NULL	0	285	1
1915	Nullify Creature Magic Other	NULL	NULL	4	NULL	NULL	0	285	2
1916	Nullify Creature Magic Self	NULL	NULL	4	NULL	NULL	0	285	0
1917	Nullify Creature Magic Self	NULL	NULL	4	NULL	NULL	0	285	1
1918	Nullify Creature Magic Self	NULL	NULL	4	NULL	NULL	0	285	2
1919	Evaporate Item Magic	NULL	NULL	3	NULL	NULL	0	35	0
1920	Evaporate Item Magic	NULL	NULL	3	NULL	NULL	0	35	1
1921	Evaporate Item Magic	NULL	NULL	3	NULL	NULL	0	35	2
1922	Evaporate Item Magic	NULL	NULL	3	NULL	NULL	0	35	0
1923	Evaporate Item Magic	NULL	NULL	3	NULL	NULL	0	35	1
1924	Evaporate Item Magic	NULL	NULL	3	NULL	NULL	0	35	2
1925	Extinguish Item Magic	NULL	NULL	3	NULL	NULL	0	85	0
1926	Extinguish Item Magic	NULL	NULL	3	NULL	NULL	0	85	1
1927	Extinguish Item Magic	NULL	NULL	3	NULL	NULL	0	85	2
1928	Extinguish Item Magic	NULL	NULL	3	NULL	NULL	0	85	0
1929	Extinguish Item Magic	NULL	NULL	3	NULL	NULL	0	85	1
1930	Extinguish Item Magic	NULL	NULL	3	NULL	NULL	0	85	2
1931	Cleanse Item Magic	NULL	NULL	3	NULL	NULL	0	135	0
1932	Cleanse Item Magic	NULL	NULL	3	NULL	NULL	0	135	1
1933	Cleanse Item Magic	NULL	NULL	3	NULL	NULL	0	135	2
1934	Cleanse Item Magic	NULL	NULL	3	NULL	NULL	0	135	0
1935	Cleanse Item Magic	NULL	NULL	3	NULL	NULL	0	135	1
1936	Cleanse Item Magic	NULL	NULL	3	NULL	NULL	0	135	2
1937	Devour Item Magic	NULL	NULL	3	NULL	NULL	0	185	0
1938	Devour Item Magic	NULL	NULL	3	NULL	NULL	0	185	1
1939	Devour Item Magic	NULL	NULL	3	NULL	NULL	0	185	2
1940	Devour Item Magic	NULL	NULL	3	NULL	NULL	0	185	0
1941	Devour Item Magic	NULL	NULL	3	NULL	NULL	0	185	1
1942	Devour Item Magic	NULL	NULL	3	NULL	NULL	0	185	2
1943	Purge Item Magic	NULL	NULL	3	NULL	NULL	0	235	0
1944	Purge Item Magic	NULL	NULL	3	NULL	NULL	0	235	1
1945	Purge Item Magic	NULL	NULL	3	NULL	NULL	0	235	2
1946	Purge Item Magic	NULL	NULL	3	NULL	NULL	0	235	0
1947	Purge Item Magic	NULL	NULL	3	NULL	NULL	0	235	1
1948	Purge Item Magic	NULL	NULL	3	NULL	NULL	0	235	2
1949	Nullify Item Magic	NULL	NULL	3	NULL	NULL	0	285	0
1950	Nullify Item Magic	NULL	NULL	3	NULL	NULL	0	285	1
1951	Nullify Item Magic	NULL	NULL	3	NULL	NULL	0	285	2
1952	Nullify Item Magic	NULL	NULL	3	NULL	NULL	0	285	0
1953	Nullify Item Magic	NULL	NULL	3	NULL	NULL	0	285	1
1954	Nullify Item Magic	NULL	NULL	3	NULL	NULL	0	285	2
1955	Evaporate Life Magic Other	NULL	NULL	2	NULL	NULL	0	35	0
1956	Evaporate Life Magic Other	NULL	NULL	2	NULL	NULL	0	35	1
1957	Evaporate Life Magic Other	NULL	NULL	2	NULL	NULL	0	35	2
1958	Evaporate Life Magic Self	NULL	NULL	2	NULL	NULL	0	35	0
1959	Evaporate Life Magic Self	NULL	NULL	2	NULL	NULL	0	35	1
1960	Evaporate Life Magic Self	NULL	NULL	2	NULL	NULL	0	35	2
1961	Extinguish Life Magic Other	NULL	NULL	2	NULL	NULL	0	85	0
1962	Extinguish Life Magic Other	NULL	NULL	2	NULL	NULL	0	85	1
1963	Extinguish Life Magic Other	NULL	NULL	2	NULL	NULL	0	85	2
1964	Extinguish Life Magic Self	NULL	NULL	2	NULL	NULL	0	85	0
1965	Extinguish Life Magic Self	NULL	NULL	2	NULL	NULL	0	85	1
1966	Extinguish Life Magic Self	NULL	NULL	2	NULL	NULL	0	85	2
1967	Cleanse Life Magic Other	NULL	NULL	2	NULL	NULL	0	135	0
1968	Cleanse Life Magic Other	NULL	NULL	2	NULL	NULL	0	135	1
1969	Cleanse Life Magic Other	NULL	NULL	2	NULL	NULL	0	135	2
1970	Cleanse Life Magic Self	NULL	NULL	2	NULL	NULL	0	135	0
1971	Cleanse Life Magic Self	NULL	NULL	2	NULL	NULL	0	135	1
1972	Cleanse Life Magic Self	NULL	NULL	2	NULL	NULL	0	135	2
1973	Devour Life Magic Other	NULL	NULL	2	NULL	NULL	0	185	0
1974	Devour Life Magic Other	NULL	NULL	2	NULL	NULL	0	185	1
1975	Devour Life Magic Other	NULL	NULL	2	NULL	NULL	0	185	2
1976	Devour Life Magic Self	NULL	NULL	2	NULL	NULL	0	185	0
1977	Devour Life Magic Self	NULL	NULL	2	NULL	NULL	0	185	1
1978	Devour Life Magic Self	NULL	NULL	2	NULL	NULL	0	185	2
1979	Purge Life Magic Other	NULL	NULL	2	NULL	NULL	0	235	0
1980	Purge Life Magic Other	NULL	NULL	2	NULL	NULL	0	235	1
1981	Purge Life Magic Other	NULL	NULL	2	NULL	NULL	0	235	2
1982	Purge Life Magic Self	NULL	NULL	2	NULL	NULL	0	235	0
1983	Purge Life Magic Self	NULL	NULL	2	NULL	NULL	0	235	1
1984	Purge Life Magic Self	NULL	NULL	2	NULL	NULL	0	235	2
1985	Nullify Life Magic Other	NULL	NULL	2	NULL	NULL	0	285	0
1986	Nullify Life Magic Other	NULL	NULL	2	NULL	NULL	0	285	1
1987	Nullify Life Magic Other	NULL	NULL	2	NULL	NULL	0	285	2
1988	Nullify Life Magic Self	NULL	NULL	2	NULL	NULL	0	285	0
1989	Nullify Life Magic Self	NULL	NULL	2	NULL	NULL	0	285	1
1990	Nullify Life Magic Self	NULL	NULL	2	NULL	NULL	0	285	2
1991	Mana Blight	NULL	512	NULL	NULL	-5000	NULL	NULL	NULL
1992	Camping Mastery	NULL	NULL	NULL	NULL	NULL	NULL	NULL	NULL
1993	Camping Ineptitude	NULL	NULL	NULL	NULL	NULL	NULL	NULL	NULL
1994	Aura of Wound Twister	NULL	NULL	NULL	NULL	NULL	NULL	NULL	NULL
1995	Aura of Alacrity	NULL	NULL	NULL	NULL	NULL	NULL	NULL	NULL
1996	Aura of Soul Hunter	NULL	NULL	NULL	NULL	NULL	NULL	NULL	NULL
1997	Life Giver	NULL	NULL	NULL	NULL	NULL	NULL	NULL	NULL
1998	Stamina Giver	NULL	NULL	NULL	NULL	NULL	NULL	NULL	NULL
1999	Mana Giver	NULL	NULL	NULL	NULL	NULL	NULL	NULL	NULL
2000	Portal Sending	NULL	NULL	NULL	NULL	NULL	NULL	NULL	NULL
2001	Portal Sending	NULL	NULL	NULL	NULL	NULL	NULL	NULL	NULL
2002	Portal Sending	NULL	NULL	NULL	NULL	NULL	NULL	NULL	NULL
2003	Warrior's Lesser Vitality	NULL	NULL	NULL	NULL	NULL	NULL	NULL	NULL
2004	Warrior's Vitality	NULL	NULL	NULL	NULL	NULL	NULL	NULL	NULL
2005	Warrior's Greater Vitality	NULL	NULL	NULL	NULL	NULL	NULL	NULL	NULL
2006	Warrior's Ultimate Vitality	NULL	NULL	NULL	NULL	NULL	NULL	NULL	NULL
2007	Warrior's Lesser Vigor	NULL	NULL	NULL	NULL	NULL	NULL	NULL	NULL
2008	Warrior's Vigor	NULL	NULL	NULL	NULL	NULL	NULL	NULL	NULL
2009	Warrior's Greater Vigor	NULL	NULL	NULL	NULL	NULL	NULL	NULL	NULL
2010	Warrior's Ultimate Vigor	NULL	NULL	NULL	NULL	NULL	NULL	NULL	NULL
2011	Wizard's Lesser Intellect	NULL	NULL	NULL	NULL	NULL	NULL	NULL	NULL
2012	Wizard's Intellect	NULL	NULL	NULL	NULL	NULL	NULL	NULL	NULL
2013	Wizard's Greater Intellect	NULL	NULL	NULL	NULL	NULL	NULL	NULL	NULL
2014	Wizard's Ultimate Intellect	NULL	NULL	NULL	NULL	NULL	NULL	NULL	NULL
2015	Aerfalle's Ward	NULL	NULL	NULL	NULL	NULL	NULL	NULL	NULL
2016	Impulse	NULL	NULL	NULL	NULL	NULL	NULL	NULL	NULL
2017	Bunny Smite	NULL	128	NULL	NULL	-1000	NULL	NULL	NULL
2018	Tormenter of Flesh	NULL	128	NULL	NULL	-1000	NULL	NULL	NULL
2019	The sundering of the crystal	4	NULL	NULL	NULL	NULL	NULL	NULL	NULL
2020	Recall Asmolum 1	NULL	NULL	NULL	NULL	NULL	NULL	NULL	NULL
2021	Thaumaturgic Shroud	NULL	NULL	NULL	NULL	NULL	NULL	NULL	NULL
2022	Soul Shroud	NULL	NULL	NULL	NULL	NULL	NULL	NULL	NULL
2023	Recall the Sanctuary	NULL	NULL	NULL	NULL	NULL	NULL	NULL	NULL
2024	Recall Asmolum 2	NULL	NULL	NULL	NULL	NULL	NULL	NULL	NULL
2025	RecallAsmolum 3	NULL	NULL	NULL	NULL	NULL	NULL	NULL	NULL
2026	Nerve Burn	NULL	NULL	NULL	NULL	NULL	NULL	NULL	NULL
2027	Martyr	NULL	NULL	NULL	NULL	NULL	NULL	NULL	NULL
2028	The Path to Kelderam's Ward	NULL	NULL	NULL	NULL	NULL	NULL	NULL	NULL
2029	Stamina Blight	NULL	256	NULL	NULL	-5000	NULL	NULL	NULL
2030	Flaming Blaze	16	NULL	NULL	NULL	NULL	NULL	NULL	NULL
2031	Steel Thorns	2	NULL	NULL	NULL	NULL	NULL	NULL	NULL
2032	Electric Blaze	64	NULL	NULL	NULL	NULL	NULL	NULL	NULL
2033	Acidic Spray	32	NULL	NULL	NULL	NULL	NULL	NULL	NULL
2034	Exploding Fury	16	NULL	NULL	NULL	NULL	NULL	NULL	NULL
2035	Electric Discharge	64	NULL	NULL	NULL	NULL	NULL	NULL	NULL
2036	Fuming Acid	32	NULL	NULL	NULL	NULL	NULL	NULL	NULL
2037	Flaming Irruption	16	NULL	NULL	NULL	NULL	NULL	NULL	NULL
2038	Exploding Ice	8	NULL	NULL	NULL	NULL	NULL	NULL	NULL
2039	Sparking Fury	64	NULL	NULL	NULL	NULL	NULL	NULL	NULL
2040	The Path to Kelderam's Ward	NULL	NULL	NULL	NULL	NULL	NULL	NULL	NULL
2041	Aerlinthe Recall	NULL	NULL	NULL	NULL	NULL	NULL	NULL	NULL
2042	Demon's Tongues	16	NULL	NULL	NULL	NULL	NULL	NULL	NULL
2043	Weight of Eternity	NULL	NULL	NULL	NULL	NULL	NULL	NULL	NULL
2044	Item Befoulment	NULL	NULL	NULL	NULL	NULL	NULL	NULL	NULL
2045	Demon Fists	4	NULL	NULL	NULL	NULL	NULL	NULL	NULL
2046	Portal to Teth	NULL	NULL	NULL	NULL	NULL	NULL	NULL	NULL
2047	Demonskin	NULL	NULL	NULL	NULL	NULL	NULL	NULL	NULL
2048	Boon of the Demon	NULL	NULL	NULL	NULL	NULL	NULL	NULL	NULL
2049	Bile of the Hopeslayer	NULL	NULL	NULL	NULL	NULL	NULL	NULL	NULL
2050	Young Love	NULL	128	NULL	NULL	8	NULL	NULL	NULL
2051	Young Love	NULL	128	NULL	NULL	8	NULL	NULL	NULL
2052	Executor's Boon	NULL	NULL	NULL	NULL	NULL	NULL	NULL	NULL
2053	Executor's Blessing	NULL	NULL	NULL	NULL	NULL	NULL	NULL	NULL
2054	Synaptic Misfire	NULL	NULL	NULL	NULL	NULL	NULL	NULL	NULL
2055	Bafflement Self VII	NULL	NULL	NULL	NULL	NULL	NULL	NULL	NULL
2056	Ataxia	NULL	NULL	NULL	NULL	NULL	NULL	NULL	NULL
2057	Clumsiness Self VII	NULL	NULL	NULL	NULL	NULL	NULL	NULL	NULL
2058	Boon of Refinement	NULL	NULL	NULL	NULL	NULL	NULL	NULL	NULL
2059	Honed Control	NULL	NULL	NULL	NULL	NULL	NULL	NULL	NULL
2060	Temeritous Touch	NULL	NULL	NULL	NULL	NULL	NULL	NULL	NULL
2061	Perseverance	NULL	NULL	NULL	NULL	NULL	NULL	NULL	NULL
2062	Anemia	NULL	256	NULL	NULL	-52	NULL	NULL	NULL
2063	Enfeeble Self VII	NULL	256	NULL	NULL	-50	NULL	NULL	NULL
2064	Self Loathing	NULL	NULL	NULL	NULL	NULL	NULL	NULL	NULL
2065	Feeblemind Self VII	NULL	NULL	NULL	NULL	NULL	NULL	NULL	NULL
2066	Calming Gaze	NULL	NULL	NULL	NULL	NULL	NULL	NULL	NULL
2067	Inner Calm	NULL	NULL	NULL	NULL	NULL	NULL	NULL	NULL
2068	Brittle Bones	NULL	NULL	NULL	NULL	NULL	NULL	NULL	NULL
2069	Frailty Self VII	NULL	NULL	NULL	NULL	NULL	NULL	NULL	NULL
2070	Heart Rend	NULL	128	NULL	NULL	-42	NULL	NULL	NULL
2071	Harm Self VII	NULL	128	NULL	NULL	-40	NULL	NULL	NULL
2072	Adja's Gift	NULL	128	NULL	NULL	80	NULL	NULL	NULL
2073	Adja's Intervention	NULL	128	NULL	NULL	80	NULL	NULL	NULL
2074	Gossamer Flesh	NULL	NULL	NULL	NULL	NULL	NULL	NULL	NULL
2075	Imperil Self VII	NULL	NULL	NULL	NULL	NULL	NULL	NULL	NULL
2076	Mana Boost Other VII	NULL	512	NULL	NULL	51	NULL	NULL	NULL
2077	Mana Boost Self VII	NULL	512	NULL	NULL	51	NULL	NULL	NULL
2078	Void's Call	NULL	512	NULL	NULL	-42	NULL	NULL	NULL
2079	Mana Drain Self VII	NULL	512	NULL	NULL	-40	NULL	NULL	NULL
2080	Ogfoot	NULL	NULL	NULL	NULL	NULL	NULL	NULL	NULL
2081	Hastening	NULL	NULL	NULL	NULL	NULL	NULL	NULL	NULL
2082	Replenish	NULL	256	NULL	NULL	100	NULL	NULL	NULL
2083	Robustification	NULL	256	NULL	NULL	100	NULL	NULL	NULL
2084	Belly of Lead	NULL	NULL	NULL	NULL	NULL	NULL	NULL	NULL
2085	Slowness Self VII	NULL	NULL	NULL	NULL	NULL	NULL	NULL	NULL
2086	Might of the 5 Mules	NULL	NULL	NULL	NULL	NULL	NULL	NULL	NULL
2087	Might of the Lugians	NULL	NULL	NULL	NULL	NULL	NULL	NULL	NULL
2088	Senescence	NULL	NULL	NULL	NULL	NULL	NULL	NULL	NULL
2089	Weakness Self VII	NULL	NULL	NULL	NULL	NULL	NULL	NULL	NULL
2090	Bolstered Will	NULL	NULL	NULL	NULL	NULL	NULL	NULL	NULL
2091	Mind Blossom	NULL	NULL	NULL	NULL	NULL	NULL	NULL	NULL
2092	Olthoi's Bane	NULL	NULL	NULL	NULL	NULL	NULL	NULL	NULL
2093	Olthoi Bait	NULL	NULL	NULL	NULL	NULL	NULL	NULL	NULL
2094	Swordsman's Bane	NULL	NULL	NULL	NULL	NULL	NULL	NULL	NULL
2095	Swordsman Bait	NULL	NULL	NULL	NULL	NULL	NULL	NULL	NULL
2096	Aura of Infected Caress	NULL	NULL	NULL	NULL	NULL	NULL	NULL	NULL
2097	Pacification	NULL	NULL	NULL	NULL	NULL	NULL	NULL	NULL
2098	Tusker's Bane	NULL	NULL	NULL	NULL	NULL	NULL	NULL	NULL
2099	Tusker Bait	NULL	NULL	NULL	NULL	NULL	NULL	NULL	NULL
2100	Tattercoat	NULL	NULL	NULL	NULL	NULL	NULL	NULL	NULL
2101	Aura of Cragstone's Will	NULL	NULL	NULL	NULL	NULL	NULL	NULL	NULL
2102	Inferno's Bane	NULL	NULL	NULL	NULL	NULL	NULL	NULL	NULL
2103	Inferno Bait	NULL	NULL	NULL	NULL	NULL	NULL	NULL	NULL
2104	Gelidite's Bane	NULL	NULL	NULL	NULL	NULL	NULL	NULL	NULL
2105	Gelidite Bait	NULL	NULL	NULL	NULL	NULL	NULL	NULL	NULL
2106	Aura of Elysa's Sight	NULL	NULL	NULL	NULL	NULL	NULL	NULL	NULL
2107	Cabalistic Ostracism	NULL	NULL	NULL	NULL	NULL	NULL	NULL	NULL
2108	Brogard's Defiance	NULL	NULL	NULL	NULL	NULL	NULL	NULL	NULL
2109	Lugian's Speed	NULL	NULL	NULL	NULL	NULL	NULL	NULL	NULL
2110	Astyrrian's Bane	NULL	NULL	NULL	NULL	NULL	NULL	NULL	NULL
2111	Astyrrian Bait	NULL	NULL	NULL	NULL	NULL	NULL	NULL	NULL
2112	Wi's Folly	NULL	NULL	NULL	NULL	NULL	NULL	NULL	NULL
2113	Archer's Bane	NULL	NULL	NULL	NULL	NULL	NULL	NULL	NULL
2114	Archer Bait	NULL	NULL	NULL	NULL	NULL	NULL	NULL	NULL
2115	Fortified Lock	NULL	NULL	NULL	NULL	NULL	NULL	NULL	NULL
2116	Aura of Atlan's Alacrity	NULL	NULL	NULL	NULL	NULL	NULL	NULL	NULL
2117	Aura of Mystic's Blessing	NULL	NULL	NULL	NULL	NULL	NULL	NULL	NULL
2118	Clouded Motives	NULL	NULL	NULL	NULL	NULL	NULL	NULL	NULL
2119	Vagabond's Gift	NULL	NULL	NULL	NULL	NULL	NULL	NULL	NULL
2120	Dissolving Vortex	32	NULL	NULL	NULL	NULL	NULL	NULL	NULL
2121	Corrosive Flash	32	NULL	NULL	NULL	NULL	NULL	NULL	NULL
2122	Disintegration	32	NULL	NULL	NULL	NULL	NULL	NULL	NULL
2123	Celdiseth's Searing	32	NULL	NULL	NULL	NULL	NULL	NULL	NULL
2124	Sau Kolin's Sword	1	NULL	NULL	NULL	NULL	NULL	NULL	NULL
2125	Flensing Wings	1	NULL	NULL	NULL	NULL	NULL	NULL	NULL
2126	Thousand Fists	4	NULL	NULL	NULL	NULL	NULL	NULL	NULL
2127	Silencia's Scorn	16	NULL	NULL	NULL	NULL	NULL	NULL	NULL
2128	Ilservian's Flame	16	NULL	NULL	NULL	NULL	NULL	NULL	NULL
2129	Sizzling Fury	16	NULL	NULL	NULL	NULL	NULL	NULL	NULL
2130	Infernae	16	NULL	NULL	NULL	NULL	NULL	NULL	NULL
2131	Stinging Needles	2	NULL	NULL	NULL	NULL	NULL	NULL	NULL
2132	The Spike	2	NULL	NULL	NULL	NULL	NULL	NULL	NULL
2133	Outlander's Insolence	2	NULL	NULL	NULL	NULL	NULL	NULL	NULL
2134	Fusillade	2	NULL	NULL	NULL	NULL	NULL	NULL	NULL
2135	Winter's Embrace	8	NULL	NULL	NULL	NULL	NULL	NULL	NULL
2136	Icy Torment	8	NULL	NULL	NULL	NULL	NULL	NULL	NULL
2137	Sudden Frost	8	NULL	NULL	NULL	NULL	NULL	NULL	NULL
2138	Blizzard	8	NULL	NULL	NULL	NULL	NULL	NULL	NULL
2139	Luminous Wrath	64	NULL	NULL	NULL	NULL	NULL	NULL	NULL
2140	Alset's Coil	64	NULL	NULL	NULL	NULL	NULL	NULL	NULL
2141	Lhen's Flare	64	NULL	NULL	NULL	NULL	NULL	NULL	NULL
2142	Tempest	64	NULL	NULL	NULL	NULL	NULL	NULL	NULL
2143	Pummeling Storm	4	NULL	NULL	NULL	NULL	NULL	NULL	NULL
2144	Crushing Shame	4	NULL	NULL	NULL	NULL	NULL	NULL	NULL
2145	Cameron's Curse	4	NULL	NULL	NULL	NULL	NULL	NULL	NULL
2146	Evisceration	1	NULL	NULL	NULL	NULL	NULL	NULL	NULL
2147	Rending Wind	1	NULL	NULL	NULL	NULL	NULL	NULL	NULL
2148	Caustic Boon	NULL	NULL	NULL	NULL	NULL	NULL	NULL	NULL
2149	Caustic Blessing	NULL	NULL	NULL	NULL	NULL	NULL	NULL	NULL
2150	Boon of the Blade Turner	NULL	NULL	NULL	NULL	NULL	NULL	NULL	NULL
2151	Blessing of the Blade Turner	NULL	NULL	NULL	NULL	NULL	NULL	NULL	NULL
2152	Boon of the Mace Turner	NULL	NULL	NULL	NULL	NULL	NULL	NULL	NULL
2153	Blessing of the Mace Turner	NULL	NULL	NULL	NULL	NULL	NULL	NULL	NULL
2154	Icy Boon	NULL	NULL	NULL	NULL	NULL	NULL	NULL	NULL
2155	Icy Blessing	NULL	NULL	NULL	NULL	NULL	NULL	NULL	NULL
2156	Fiery Boon	NULL	NULL	NULL	NULL	NULL	NULL	NULL	NULL
2157	Fiery Blessing	NULL	NULL	NULL	NULL	NULL	NULL	NULL	NULL
2158	Storm's Boon	NULL	NULL	NULL	NULL	NULL	NULL	NULL	NULL
2159	Storm's Blessing	NULL	NULL	NULL	NULL	NULL	NULL	NULL	NULL
2160	Boon of the Arrow Turner	NULL	NULL	NULL	NULL	NULL	NULL	NULL	NULL
2161	Blessing of the Arrow Turner	NULL	NULL	NULL	NULL	NULL	NULL	NULL	NULL
2162	Olthoi's Gift	NULL	NULL	NULL	NULL	NULL	NULL	NULL	NULL
2163	Acid Vulnerability Self VII	NULL	NULL	NULL	NULL	NULL	NULL	NULL	NULL
2164	Swordsman's Gift	NULL	NULL	NULL	NULL	NULL	NULL	NULL	NULL
2165	Blade Vulnerability Self VII	NULL	NULL	NULL	NULL	NULL	NULL	NULL	NULL
2166	Tusker's Gift	NULL	NULL	NULL	NULL	NULL	NULL	NULL	NULL
2167	Bludgeoning Vulnerability Self VII	NULL	NULL	NULL	NULL	NULL	NULL	NULL	NULL
2168	Gelidite's Gift	NULL	NULL	NULL	NULL	NULL	NULL	NULL	NULL
2169	Cold Vulnerability Self VII	NULL	NULL	NULL	NULL	NULL	NULL	NULL	NULL
2170	Inferno's Gift	NULL	NULL	NULL	NULL	NULL	NULL	NULL	NULL
2171	Fire Vulnerability Self VII	NULL	NULL	NULL	NULL	NULL	NULL	NULL	NULL
2172	Astyrrian's Gift	NULL	NULL	NULL	NULL	NULL	NULL	NULL	NULL
2173	Lightning Vulnerability Self VII	NULL	NULL	NULL	NULL	NULL	NULL	NULL	NULL
2174	Archer's Gift	NULL	NULL	NULL	NULL	NULL	NULL	NULL	NULL
2175	Piercing Vulnerability Self VII	NULL	NULL	NULL	NULL	NULL	NULL	NULL	NULL
2176	Enervation	NULL	NULL	NULL	NULL	NULL	NULL	NULL	NULL
2177	Exhaustion Self VII	NULL	NULL	NULL	NULL	NULL	NULL	NULL	NULL
2178	Decrepitude's Grasp	NULL	NULL	NULL	NULL	NULL	NULL	NULL	NULL
2179	Fester Self VII	NULL	NULL	NULL	NULL	NULL	NULL	NULL	NULL
2180	Energy Flux	NULL	NULL	NULL	NULL	NULL	NULL	NULL	NULL
2181	Mana Depletion Self VII	NULL	NULL	NULL	NULL	NULL	NULL	NULL	NULL
2182	Battlemage's Boon	NULL	NULL	NULL	NULL	NULL	NULL	NULL	NULL
2183	Battlemage's Blessing	NULL	NULL	NULL	NULL	NULL	NULL	NULL	NULL
2184	Hydra's Head	NULL	NULL	NULL	NULL	NULL	NULL	NULL	NULL
2185	Robustify	NULL	NULL	NULL	NULL	NULL	NULL	NULL	NULL
2186	Tenaciousness	NULL	NULL	NULL	NULL	NULL	NULL	NULL	NULL
2187	Unflinching Persistence	NULL	NULL	NULL	NULL	NULL	NULL	NULL	NULL
2188	Bottle Breaker	NULL	NULL	NULL	NULL	NULL	NULL	NULL	NULL
2189	Alchemy Ineptitude Self VII	NULL	NULL	NULL	NULL	NULL	NULL	NULL	NULL
2190	Silencia's Boon	NULL	NULL	NULL	NULL	NULL	NULL	NULL	NULL
2191	Silencia's Blessing	NULL	NULL	NULL	NULL	NULL	NULL	NULL	NULL
2192	Hands of Chorizite	NULL	NULL	NULL	NULL	NULL	NULL	NULL	NULL
2193	Arcane Benightedness Self VII	NULL	NULL	NULL	NULL	NULL	NULL	NULL	NULL
2194	Aliester's Boon	NULL	NULL	NULL	NULL	NULL	NULL	NULL	NULL
2195	Aliester's Blessing	NULL	NULL	NULL	NULL	NULL	NULL	NULL	NULL
2196	Jibril's Boon	NULL	NULL	NULL	NULL	NULL	NULL	NULL	NULL
2197	Jibril's Blessing	NULL	NULL	NULL	NULL	NULL	NULL	NULL	NULL
2198	Jibril's Vitae	NULL	NULL	NULL	NULL	NULL	NULL	NULL	NULL
2199	Armor Tinkering Ignorance Self VII	NULL	NULL	NULL	NULL	NULL	NULL	NULL	NULL
2200	Light Weapon Ineptitude Other VII	NULL	NULL	NULL	NULL	NULL	NULL	NULL	NULL
2201	Light Weapon Ineptitude Self VII	NULL	NULL	NULL	NULL	NULL	NULL	NULL	NULL
2202	Light Weapon Mastery Other VII	NULL	NULL	NULL	NULL	NULL	NULL	NULL	NULL
2203	Light Weapon Mastery Self VII	NULL	NULL	NULL	NULL	NULL	NULL	NULL	NULL
2204	Missile Weapon Ineptitude Other VII	NULL	NULL	NULL	NULL	NULL	NULL	NULL	NULL
2205	Missile Weapon Ineptitude Self VII	NULL	NULL	NULL	NULL	NULL	NULL	NULL	NULL
2206	Missile Weapon Mastery Other VII	NULL	NULL	NULL	NULL	NULL	NULL	NULL	NULL
2207	Missile Weapon Mastery Self VII	NULL	NULL	NULL	NULL	NULL	NULL	NULL	NULL
2208	Challenger's Legacy	NULL	NULL	NULL	NULL	NULL	NULL	NULL	NULL
2209	Cooking Ineptitude Self VII	NULL	NULL	NULL	NULL	NULL	NULL	NULL	NULL
2210	Morimoto's Boon	NULL	NULL	NULL	NULL	NULL	NULL	NULL	NULL
2211	Morimoto's Blessing	NULL	NULL	NULL	NULL	NULL	NULL	NULL	NULL
2212	Wrath of Adja	NULL	NULL	NULL	NULL	NULL	NULL	NULL	NULL
2213	Creature Enchantment Ineptitude Self VII	NULL	NULL	NULL	NULL	NULL	NULL	NULL	NULL
2214	Adja's Boon	NULL	NULL	NULL	NULL	NULL	NULL	NULL	NULL
2215	Adja's Blessing	NULL	NULL	NULL	NULL	NULL	NULL	NULL	NULL
2216	Missile Weapon Ineptitude Other VII	NULL	NULL	NULL	NULL	NULL	NULL	NULL	NULL
2217	Missile Weapon Ineptitude Self VII	NULL	NULL	NULL	NULL	NULL	NULL	NULL	NULL
2218	Missile Weapon Mastery Other VII	NULL	NULL	NULL	NULL	NULL	NULL	NULL	NULL
2219	Missile Weapon Mastery Self VII	NULL	NULL	NULL	NULL	NULL	NULL	NULL	NULL
2220	Finesse Weapon Ineptitude Other VII	NULL	NULL	NULL	NULL	NULL	NULL	NULL	NULL
2221	Finesse Weapon Ineptitude Self VII	NULL	NULL	NULL	NULL	NULL	NULL	NULL	NULL
2222	Finesse Weapon Mastery Other VII	NULL	NULL	NULL	NULL	NULL	NULL	NULL	NULL
2223	Finesse Weapon Mastery Self VII	NULL	NULL	NULL	NULL	NULL	NULL	NULL	NULL
2224	Hearts on Sleeves	NULL	NULL	NULL	NULL	NULL	NULL	NULL	NULL
2225	Deception Ineptitude Self VII	NULL	NULL	NULL	NULL	NULL	NULL	NULL	NULL
2226	Ketnan's Boon	NULL	NULL	NULL	NULL	NULL	NULL	NULL	NULL
2227	Ketnan's Blessing	NULL	NULL	NULL	NULL	NULL	NULL	NULL	NULL
2228	Broadside of a Barn	NULL	NULL	NULL	NULL	NULL	NULL	NULL	NULL
2229	Defenselessness Self VII	NULL	NULL	NULL	NULL	NULL	NULL	NULL	NULL
2230	Sashi Mu's Kiss	NULL	NULL	NULL	NULL	NULL	NULL	NULL	NULL
2231	Faithlessness Self VII	NULL	NULL	NULL	NULL	NULL	NULL	NULL	NULL
2232	Odif's Boon	NULL	NULL	NULL	NULL	NULL	NULL	NULL	NULL
2233	Odif's Blessing	NULL	NULL	NULL	NULL	NULL	NULL	NULL	NULL
2234	Twisted Digits	NULL	NULL	NULL	NULL	NULL	NULL	NULL	NULL
2235	Fletching Ineptitude Self VII	NULL	NULL	NULL	NULL	NULL	NULL	NULL	NULL
2236	Lilitha's Boon	NULL	NULL	NULL	NULL	NULL	NULL	NULL	NULL
2237	Lilitha's Blessing	NULL	NULL	NULL	NULL	NULL	NULL	NULL	NULL
2238	Unsteady Hands	NULL	NULL	NULL	NULL	NULL	NULL	NULL	NULL
2239	Healing Ineptitude Self VII	NULL	NULL	NULL	NULL	NULL	NULL	NULL	NULL
2240	Avalenne's Boon	NULL	NULL	NULL	NULL	NULL	NULL	NULL	NULL
2241	Avalenne's Blessing	NULL	NULL	NULL	NULL	NULL	NULL	NULL	NULL
2242	Web of Deflection	NULL	NULL	NULL	NULL	NULL	NULL	NULL	NULL
2243	Aura of Deflection	NULL	NULL	NULL	NULL	NULL	NULL	NULL	NULL
2244	Web of Defense	NULL	NULL	NULL	NULL	NULL	NULL	NULL	NULL
2245	Aura of Defense	NULL	NULL	NULL	NULL	NULL	NULL	NULL	NULL
2246	Wrath of Celcynd	NULL	NULL	NULL	NULL	NULL	NULL	NULL	NULL
2247	Item Enchantment Ineptitude Self VII	NULL	NULL	NULL	NULL	NULL	NULL	NULL	NULL
2248	Celcynd's Boon	NULL	NULL	NULL	NULL	NULL	NULL	NULL	NULL
2249	Celcynd's Blessing	NULL	NULL	NULL	NULL	NULL	NULL	NULL	NULL
2250	Yoshi's Boon	NULL	NULL	NULL	NULL	NULL	NULL	NULL	NULL
2251	Yoshi's Blessing	NULL	NULL	NULL	NULL	NULL	NULL	NULL	NULL
2252	Unfortunate Appraisal	NULL	NULL	NULL	NULL	NULL	NULL	NULL	NULL
2253	Item Tinkering Ignorance Self VII	NULL	NULL	NULL	NULL	NULL	NULL	NULL	NULL
2254	Feat of Radaz	NULL	NULL	NULL	NULL	NULL	NULL	NULL	NULL
2255	Jumping Ineptitude Self VII	NULL	NULL	NULL	NULL	NULL	NULL	NULL	NULL
2256	Jahannan's Boon	NULL	NULL	NULL	NULL	NULL	NULL	NULL	NULL
2257	Jahannan's Blessing	NULL	NULL	NULL	NULL	NULL	NULL	NULL	NULL
2258	Gears Unwound	NULL	NULL	NULL	NULL	NULL	NULL	NULL	NULL
2259	Leaden Feet Self VII	NULL	NULL	NULL	NULL	NULL	NULL	NULL	NULL
2260	Kwipetian Vision	NULL	NULL	NULL	NULL	NULL	NULL	NULL	NULL
2261	Leadership Ineptitude Self VII	NULL	NULL	NULL	NULL	NULL	NULL	NULL	NULL
2262	Ar-Pei's Boon	NULL	NULL	NULL	NULL	NULL	NULL	NULL	NULL
2263	Ar-Pei's Blessing	NULL	NULL	NULL	NULL	NULL	NULL	NULL	NULL
2264	Wrath of Harlune	NULL	NULL	NULL	NULL	NULL	NULL	NULL	NULL
2265	Life Magic Ineptitude Self VII	NULL	NULL	NULL	NULL	NULL	NULL	NULL	NULL
2266	Harlune's Boon	NULL	NULL	NULL	NULL	NULL	NULL	NULL	NULL
2267	Harlune's Blessing	NULL	NULL	NULL	NULL	NULL	NULL	NULL	NULL
2268	Fat Fingers	NULL	NULL	NULL	NULL	NULL	NULL	NULL	NULL
2269	Lockpick Ineptitude Self VII	NULL	NULL	NULL	NULL	NULL	NULL	NULL	NULL
2270	Oswald's Boon	NULL	NULL	NULL	NULL	NULL	NULL	NULL	NULL
2271	Oswald's Blessing	NULL	NULL	NULL	NULL	NULL	NULL	NULL	NULL
2272	Light Weapon Ineptitude Other VII	NULL	NULL	NULL	NULL	NULL	NULL	NULL	NULL
2273	Light Weapon Ineptitude Self VII	NULL	NULL	NULL	NULL	NULL	NULL	NULL	NULL
2274	Light Weapon Mastery Other VII	NULL	NULL	NULL	NULL	NULL	NULL	NULL	NULL
2275	Light Weapon Mastery Self VII	NULL	NULL	NULL	NULL	NULL	NULL	NULL	NULL
2276	Celdiseth's Boon	NULL	NULL	NULL	NULL	NULL	NULL	NULL	NULL
2277	Celdiseth's Blessing	NULL	NULL	NULL	NULL	NULL	NULL	NULL	NULL
2278	Eyes Clouded	NULL	NULL	NULL	NULL	NULL	NULL	NULL	NULL
2279	Magic Item Tinkering Ignorance Self VII	NULL	NULL	NULL	NULL	NULL	NULL	NULL	NULL
2280	Web of Resistance	NULL	NULL	NULL	NULL	NULL	NULL	NULL	NULL
2281	Aura of Resistance	NULL	NULL	NULL	NULL	NULL	NULL	NULL	NULL
2282	Futility	NULL	NULL	NULL	NULL	NULL	NULL	NULL	NULL
2283	Magic Yield Self VII	NULL	NULL	NULL	NULL	NULL	NULL	NULL	NULL
2284	Inefficient Investment	NULL	NULL	NULL	NULL	NULL	NULL	NULL	NULL
2285	Mana Conversion Ineptitude Self VII	NULL	NULL	NULL	NULL	NULL	NULL	NULL	NULL
2286	Nuhmudira's Boon	NULL	NULL	NULL	NULL	NULL	NULL	NULL	NULL
2287	Nuhmudira's Blessing	NULL	NULL	NULL	NULL	NULL	NULL	NULL	NULL
2288	Topheron's Boon	NULL	NULL	NULL	NULL	NULL	NULL	NULL	NULL
2289	Topheron's Blessing	NULL	NULL	NULL	NULL	NULL	NULL	NULL	NULL
2290	Ignorance's Bliss	NULL	NULL	NULL	NULL	NULL	NULL	NULL	NULL
2291	Monster Unfamiliarity Self VII	NULL	NULL	NULL	NULL	NULL	NULL	NULL	NULL
2292	Kaluhc's Boon	NULL	NULL	NULL	NULL	NULL	NULL	NULL	NULL
2293	Kaluhc's Blessing	NULL	NULL	NULL	NULL	NULL	NULL	NULL	NULL
2294	Introversion	NULL	NULL	NULL	NULL	NULL	NULL	NULL	NULL
2295	Person Unfamiliarity Self VII	NULL	NULL	NULL	NULL	NULL	NULL	NULL	NULL
2296	Light Weapon Ineptitude Other VII	NULL	NULL	NULL	NULL	NULL	NULL	NULL	NULL
2297	Light Weapon Ineptitude Self VII	NULL	NULL	NULL	NULL	NULL	NULL	NULL	NULL
2298	Light Weapon Mastery Other VII	NULL	NULL	NULL	NULL	NULL	NULL	NULL	NULL
2299	Light Weapon Mastery Self VII	NULL	NULL	NULL	NULL	NULL	NULL	NULL	NULL
2300	Saladur's Boon	NULL	NULL	NULL	NULL	NULL	NULL	NULL	NULL
2301	Saladur's Blessing	NULL	NULL	NULL	NULL	NULL	NULL	NULL	NULL
2302	Light Weapon Ineptitude Other VII	NULL	NULL	NULL	NULL	NULL	NULL	NULL	NULL
2303	Light Weapon Ineptitude Self VII	NULL	NULL	NULL	NULL	NULL	NULL	NULL	NULL
2304	Light Weapon Mastery Other VII	NULL	NULL	NULL	NULL	NULL	NULL	NULL	NULL
2305	Light Weapon Mastery Self VII	NULL	NULL	NULL	NULL	NULL	NULL	NULL	NULL
2306	Heavy Weapon Ineptitude Other VII	NULL	NULL	NULL	NULL	NULL	NULL	NULL	NULL
2307	Heavy Weapon Ineptitude Self VII	NULL	NULL	NULL	NULL	NULL	NULL	NULL	NULL
2308	Heavy Weapon Mastery Other VII	NULL	NULL	NULL	NULL	NULL	NULL	NULL	NULL
2309	Heavy Weapon Mastery Self VII	NULL	NULL	NULL	NULL	NULL	NULL	NULL	NULL
2310	Missile Weapon Ineptitude Other VII	NULL	NULL	NULL	NULL	NULL	NULL	NULL	NULL
2311	Missile Weapon Ineptitude Self VII	NULL	NULL	NULL	NULL	NULL	NULL	NULL	NULL
2312	Missile Weapon Mastery Other VII	NULL	NULL	NULL	NULL	NULL	NULL	NULL	NULL
2313	Missile Weapon Mastery Self VII	NULL	NULL	NULL	NULL	NULL	NULL	NULL	NULL
2314	Light Weapon Ineptitude Other VII	NULL	NULL	NULL	NULL	NULL	NULL	NULL	NULL
2315	Light Weapon Mastery Other VII	NULL	NULL	NULL	NULL	NULL	NULL	NULL	NULL
2316	Light Weapon Mastery Self VII	NULL	NULL	NULL	NULL	NULL	NULL	NULL	NULL
2317	Light Weapon Ineptitude Other VII	NULL	NULL	NULL	NULL	NULL	NULL	NULL	NULL
2318	Gravity Well	NULL	NULL	NULL	NULL	NULL	NULL	NULL	NULL
2319	Vulnerability Self VII	NULL	NULL	NULL	NULL	NULL	NULL	NULL	NULL
2320	Wrath of the Hieromancer	NULL	NULL	NULL	NULL	NULL	NULL	NULL	NULL
2321	War Magic Ineptitude Self VII	NULL	NULL	NULL	NULL	NULL	NULL	NULL	NULL
2322	Hieromancer's Boon	NULL	NULL	NULL	NULL	NULL	NULL	NULL	NULL
2323	Hieromancer's Blessing	NULL	NULL	NULL	NULL	NULL	NULL	NULL	NULL
2324	Koga's Boon	NULL	NULL	NULL	NULL	NULL	NULL	NULL	NULL
2325	Koga's Blessing	NULL	NULL	NULL	NULL	NULL	NULL	NULL	NULL
2326	Eye of the Grunt	NULL	NULL	NULL	NULL	NULL	NULL	NULL	NULL
2327	Weapon Tinkering Ignorance Self VII	NULL	NULL	NULL	NULL	NULL	NULL	NULL	NULL
2328	Vitality Siphon	NULL	NULL	NULL	NULL	NULL	NULL	NULL	NULL
2329	Essence Void	NULL	NULL	NULL	NULL	NULL	NULL	NULL	NULL
2330	Vigor Siphon	NULL	NULL	NULL	NULL	NULL	NULL	NULL	NULL
2331	Health to Mana Other VII	NULL	NULL	NULL	NULL	NULL	NULL	NULL	NULL
2332	Cannibalize	NULL	NULL	NULL	NULL	NULL	NULL	NULL	NULL
2333	Health to Stamina Other VII	NULL	NULL	NULL	NULL	NULL	NULL	NULL	NULL
2334	Self Sacrifice	NULL	NULL	NULL	NULL	NULL	NULL	NULL	NULL
2335	Gift of Vitality	NULL	NULL	NULL	NULL	NULL	NULL	NULL	NULL
2336	Gift of Essence	NULL	NULL	NULL	NULL	NULL	NULL	NULL	NULL
2337	Gift of Vigor	NULL	NULL	NULL	NULL	NULL	NULL	NULL	NULL
2338	Mana to Health Other VII	NULL	NULL	NULL	NULL	NULL	NULL	NULL	NULL
2339	Energize Vitality	NULL	NULL	NULL	NULL	NULL	NULL	NULL	NULL
2340	Mana to Stamina Other VII	NULL	NULL	NULL	NULL	NULL	NULL	NULL	NULL
2341	Energize Vigor	NULL	NULL	NULL	NULL	NULL	NULL	NULL	NULL
2342	Stamina to Health Other VII	NULL	NULL	NULL	NULL	NULL	NULL	NULL	NULL
2343	Rushed Recovery	NULL	NULL	NULL	NULL	NULL	NULL	NULL	NULL
2344	Stamina to Mana Other VII	NULL	NULL	NULL	NULL	NULL	NULL	NULL	NULL
2345	Meditative Trance	NULL	NULL	NULL	NULL	NULL	NULL	NULL	NULL
2346	Malediction	NULL	NULL	NULL	NULL	NULL	NULL	NULL	NULL
2347	Concentration	NULL	NULL	NULL	NULL	NULL	NULL	NULL	NULL
2348	Brilliance	NULL	NULL	NULL	NULL	NULL	NULL	NULL	NULL
2349	Hieromancer's Ward	NULL	NULL	NULL	NULL	NULL	NULL	NULL	NULL
2350	Greater Decay Durance	NULL	NULL	NULL	NULL	NULL	NULL	NULL	NULL
2351	Greater Consumption Durance	NULL	NULL	NULL	NULL	NULL	NULL	NULL	NULL
2352	Greater Stasis Durance	NULL	NULL	NULL	NULL	NULL	NULL	NULL	NULL
2353	Greater Stimulation Durance	NULL	NULL	NULL	NULL	NULL	NULL	NULL	NULL
2354	Lesser Piercing Durance	NULL	NULL	NULL	NULL	NULL	NULL	NULL	NULL
2355	Lesser Slashing Durance	NULL	NULL	NULL	NULL	NULL	NULL	NULL	NULL
2356	Lesser Bludgeoning Durance	NULL	NULL	NULL	NULL	NULL	NULL	NULL	NULL
2357	Fauna Perlustration	NULL	NULL	NULL	NULL	NULL	NULL	NULL	NULL
2358	Lyceum Recall	NULL	NULL	NULL	NULL	NULL	NULL	NULL	NULL
2359	Portal Sending	NULL	NULL	NULL	NULL	NULL	NULL	NULL	NULL
2360	Portal Sending	NULL	NULL	NULL	NULL	NULL	NULL	NULL	NULL
2361	Portal Sending	NULL	NULL	NULL	NULL	NULL	NULL	NULL	NULL
2362	Portal Sending	NULL	NULL	NULL	NULL	NULL	NULL	NULL	NULL
2363	Portal Sending	NULL	NULL	NULL	NULL	NULL	NULL	NULL	NULL
2364	Egress	NULL	NULL	NULL	NULL	NULL	NULL	NULL	NULL
2365	something you're gonna fear for a long time	NULL	NULL	NULL	NULL	NULL	NULL	NULL	NULL
2366	Bovine Intervention	4	NULL	NULL	NULL	NULL	NULL	NULL	NULL
2367	Groovy Portal Sending	NULL	NULL	NULL	NULL	NULL	NULL	NULL	NULL
2368	a powerful force	NULL	NULL	NULL	NULL	NULL	NULL	NULL	NULL
2369	Expulsion	NULL	NULL	NULL	NULL	NULL	NULL	NULL	NULL
2370	Gift of Rotting Flesh	NULL	NULL	NULL	NULL	NULL	NULL	NULL	NULL
2371	Curse of Mortal Flesh	NULL	NULL	NULL	NULL	NULL	NULL	NULL	NULL
2372	Price of Immortality	NULL	NULL	NULL	NULL	NULL	NULL	NULL	NULL
2373	Enervation of the Heart	NULL	NULL	NULL	NULL	NULL	NULL	NULL	NULL
2374	Enervation of the Limb	NULL	NULL	NULL	NULL	NULL	NULL	NULL	NULL
2375	Enervation of the Mind	NULL	NULL	NULL	NULL	NULL	NULL	NULL	NULL
2376	Glimpse of Annihilation	NULL	NULL	NULL	NULL	NULL	NULL	NULL	NULL
2377	Vision of Annihilation	NULL	NULL	NULL	NULL	NULL	NULL	NULL	NULL
2378	Beast Murmur	NULL	NULL	NULL	NULL	NULL	NULL	NULL	NULL
2379	Beast Whisper	NULL	NULL	NULL	NULL	NULL	NULL	NULL	NULL
2380	Grip of Instrumentality	NULL	NULL	NULL	NULL	NULL	NULL	NULL	NULL
2381	Touch of Instrumentality	NULL	NULL	NULL	NULL	NULL	NULL	NULL	NULL
2382	Unnatural Persistence	NULL	NULL	NULL	NULL	NULL	NULL	NULL	NULL
2383	Dark Flame	16	NULL	NULL	NULL	NULL	NULL	NULL	NULL
2384	Arcane Restoration	NULL	NULL	NULL	NULL	NULL	NULL	NULL	NULL
2385	Vigilance	NULL	NULL	NULL	NULL	NULL	NULL	NULL	NULL
2386	Indomitability	NULL	NULL	NULL	NULL	NULL	NULL	NULL	NULL
2387	Determination	NULL	NULL	NULL	NULL	NULL	NULL	NULL	NULL
2388	Caution	NULL	NULL	NULL	NULL	NULL	NULL	NULL	NULL
2389	Vigor	NULL	NULL	NULL	NULL	NULL	NULL	NULL	NULL
2390	Haste	NULL	NULL	NULL	NULL	NULL	NULL	NULL	NULL
2391	Prowess	NULL	NULL	NULL	NULL	NULL	NULL	NULL	NULL
2392	Serenity	NULL	NULL	NULL	NULL	NULL	NULL	NULL	NULL
2393	Force Armor	NULL	NULL	NULL	NULL	NULL	NULL	NULL	NULL
2394	Acid Shield	NULL	NULL	NULL	NULL	NULL	NULL	NULL	NULL
2395	Electric Shield	NULL	NULL	NULL	NULL	NULL	NULL	NULL	NULL
2396	Flame Shield	NULL	NULL	NULL	NULL	NULL	NULL	NULL	NULL
2397	Ice Shield	NULL	NULL	NULL	NULL	NULL	NULL	NULL	NULL
2398	Bludgeon Shield	NULL	NULL	NULL	NULL	NULL	NULL	NULL	NULL
2399	Piercing Shield	NULL	NULL	NULL	NULL	NULL	NULL	NULL	NULL
2400	Slashing Shield	NULL	NULL	NULL	NULL	NULL	NULL	NULL	NULL
2401	Into the Garden	NULL	NULL	NULL	NULL	NULL	NULL	NULL	NULL
2402	Essence Lull	NULL	NULL	NULL	NULL	NULL	NULL	NULL	NULL
2403	Balanced breakfast	NULL	NULL	NULL	NULL	NULL	NULL	NULL	NULL
2404	Collector Acid Protection	NULL	NULL	NULL	NULL	NULL	NULL	NULL	NULL
2405	Collector Blade Protection	NULL	NULL	NULL	NULL	NULL	NULL	NULL	NULL
2406	Collector Bludgeoning Protection	NULL	NULL	NULL	NULL	NULL	NULL	NULL	NULL
2407	Collector Cold Protection	NULL	NULL	NULL	NULL	NULL	NULL	NULL	NULL
2408	Collector Fire Protection	NULL	NULL	NULL	NULL	NULL	NULL	NULL	NULL
2409	Collector Lightning Protection	NULL	NULL	NULL	NULL	NULL	NULL	NULL	NULL
2410	Collector Piercing Protection	NULL	NULL	NULL	NULL	NULL	NULL	NULL	NULL
2411	Discipline	NULL	NULL	NULL	NULL	NULL	NULL	NULL	NULL
2412	Enduring Coordination	NULL	NULL	NULL	NULL	NULL	NULL	NULL	NULL
2413	Enduring Focus	NULL	NULL	NULL	NULL	NULL	NULL	NULL	NULL
2414	Enduring Stoicism	NULL	NULL	NULL	NULL	NULL	NULL	NULL	NULL
2415	Eye of the Hunter	NULL	NULL	NULL	NULL	NULL	NULL	NULL	NULL
2416	High Tension String	NULL	NULL	NULL	NULL	NULL	NULL	NULL	NULL
2417	Obedience	NULL	NULL	NULL	NULL	NULL	NULL	NULL	NULL
2418	Occult Potence	NULL	NULL	NULL	NULL	NULL	NULL	NULL	NULL
2419	Panic Attack	NULL	NULL	NULL	NULL	NULL	NULL	NULL	NULL
2420	Panoply of the Queenslayer	NULL	NULL	NULL	NULL	NULL	NULL	NULL	NULL
2421	Paralyzing Fear	NULL	NULL	NULL	NULL	NULL	NULL	NULL	NULL
2422	Send to Dryreach	NULL	NULL	NULL	NULL	NULL	NULL	NULL	NULL
2423	Precise	NULL	NULL	NULL	NULL	NULL	NULL	NULL	NULL
2424	Rabbit's Eye	NULL	NULL	NULL	NULL	NULL	NULL	NULL	NULL
2425	Stone Wall	NULL	NULL	NULL	NULL	NULL	NULL	NULL	NULL
2426	Strong Pull	NULL	NULL	NULL	NULL	NULL	NULL	NULL	NULL
2427	Sugar Rush	NULL	NULL	NULL	NULL	NULL	NULL	NULL	NULL
2428	Timaru's Shelter	NULL	NULL	NULL	NULL	NULL	NULL	NULL	NULL
2429	Timaru's Shelter	NULL	NULL	NULL	NULL	NULL	NULL	NULL	NULL
2430	Timaru's Shelter	NULL	NULL	NULL	NULL	NULL	NULL	NULL	NULL
2431	Vivification	NULL	NULL	NULL	NULL	NULL	NULL	NULL	NULL
2432	Acid Ward	NULL	NULL	NULL	NULL	NULL	NULL	NULL	NULL
2433	Flame Ward	NULL	NULL	NULL	NULL	NULL	NULL	NULL	NULL
2434	Frost Ward	NULL	NULL	NULL	NULL	NULL	NULL	NULL	NULL
2435	Lightning Ward	NULL	NULL	NULL	NULL	NULL	NULL	NULL	NULL
2436	Laying on of Hands	NULL	NULL	NULL	NULL	NULL	NULL	NULL	NULL
2437	Greater Rockslide	NULL	NULL	NULL	NULL	NULL	NULL	NULL	NULL
2438	Lesser Rockslide	NULL	NULL	NULL	NULL	NULL	NULL	NULL	NULL
2439	Rockslide	NULL	NULL	NULL	NULL	NULL	NULL	NULL	NULL
2440	Greater Stone Cliffs	NULL	NULL	NULL	NULL	NULL	NULL	NULL	NULL
2441	Lesser Stone Cliffs	NULL	NULL	NULL	NULL	NULL	NULL	NULL	NULL
2442	Stone Cliffs	NULL	NULL	NULL	NULL	NULL	NULL	NULL	NULL
2443	Greater Strength of Earth	NULL	NULL	NULL	NULL	NULL	NULL	NULL	NULL
2444	Lesser Strength of Earth	NULL	NULL	NULL	NULL	NULL	NULL	NULL	NULL
2445	Strength of Earth	NULL	NULL	NULL	NULL	NULL	NULL	NULL	NULL
2446	Greater Growth	NULL	NULL	NULL	NULL	NULL	NULL	NULL	NULL
2447	Lesser Growth	NULL	NULL	NULL	NULL	NULL	NULL	NULL	NULL
2448	Growth	NULL	NULL	NULL	NULL	NULL	NULL	NULL	NULL
2449	Greater Hunter's Acumen	NULL	NULL	NULL	NULL	NULL	NULL	NULL	NULL
2450	Lesser Hunter's Acumen	NULL	NULL	NULL	NULL	NULL	NULL	NULL	NULL
2451	Hunter's Acumen	NULL	NULL	NULL	NULL	NULL	NULL	NULL	NULL
2452	Greater Thorns	NULL	NULL	NULL	NULL	NULL	NULL	NULL	NULL
2453	Lesser Thorns	NULL	NULL	NULL	NULL	NULL	NULL	NULL	NULL
2454	Thorns	NULL	NULL	NULL	NULL	NULL	NULL	NULL	NULL
2455	Greater Cascade	NULL	NULL	NULL	NULL	NULL	NULL	NULL	NULL
2456	Lesser Cascade	NULL	NULL	NULL	NULL	NULL	NULL	NULL	NULL
2457	Cascade	NULL	NULL	NULL	NULL	NULL	NULL	NULL	NULL
2458	Greater Cascade	NULL	NULL	NULL	NULL	NULL	NULL	NULL	NULL
2459	Lesser Cascade	NULL	NULL	NULL	NULL	NULL	NULL	NULL	NULL
2460	Cascade	NULL	NULL	NULL	NULL	NULL	NULL	NULL	NULL
2461	Greater Cascade	NULL	NULL	NULL	NULL	NULL	NULL	NULL	NULL
2462	Lesser Cascade	NULL	NULL	NULL	NULL	NULL	NULL	NULL	NULL
2463	Cascade	NULL	NULL	NULL	NULL	NULL	NULL	NULL	NULL
2464	Greater Cascade	NULL	NULL	NULL	NULL	NULL	NULL	NULL	NULL
2465	Lesser Cascade	NULL	NULL	NULL	NULL	NULL	NULL	NULL	NULL
2466	Cascade	NULL	NULL	NULL	NULL	NULL	NULL	NULL	NULL
2467	Greater Cascade	NULL	NULL	NULL	NULL	NULL	NULL	NULL	NULL
2468	Lesser Cascade	NULL	NULL	NULL	NULL	NULL	NULL	NULL	NULL
2469	Cascade	NULL	NULL	NULL	NULL	NULL	NULL	NULL	NULL
2470	Greater Still Water	NULL	NULL	NULL	NULL	NULL	NULL	NULL	NULL
2471	Lesser Still Water	NULL	NULL	NULL	NULL	NULL	NULL	NULL	NULL
2472	Still Water	NULL	NULL	NULL	NULL	NULL	NULL	NULL	NULL
2473	Greater Torrent	NULL	NULL	NULL	NULL	NULL	NULL	NULL	NULL
2474	Lesser Torrent	NULL	NULL	NULL	NULL	NULL	NULL	NULL	NULL
2475	Torrent	NULL	NULL	NULL	NULL	NULL	NULL	NULL	NULL
2476	Safe Harbor	NULL	NULL	NULL	NULL	NULL	NULL	NULL	NULL
2477	Free Trip to the Aluvian Casino	NULL	NULL	NULL	NULL	NULL	NULL	NULL	NULL
2478	Cragstone Reinforcements camp recall	NULL	NULL	NULL	NULL	NULL	NULL	NULL	NULL
2479	Advance Camp Recall	NULL	NULL	NULL	NULL	NULL	NULL	NULL	NULL
2480	Free Trip to the Gharun'dim Casino	NULL	NULL	NULL	NULL	NULL	NULL	NULL	NULL
2481	Zaikhal Reinforcement Camp Recall	NULL	NULL	NULL	NULL	NULL	NULL	NULL	NULL
2482	Zaikhal Advance Camp Recall	NULL	NULL	NULL	NULL	NULL	NULL	NULL	NULL
2483	Free Trip to the Sho Casino	NULL	NULL	NULL	NULL	NULL	NULL	NULL	NULL
2484	Hebian-to Reinforcements Camp Portal	NULL	NULL	NULL	NULL	NULL	NULL	NULL	NULL
2485	Hebian-to Advance Camp Recall	NULL	NULL	NULL	NULL	NULL	NULL	NULL	NULL
2486	Blood Thirst	NULL	NULL	NULL	NULL	NULL	NULL	NULL	NULL
2487	Spirit Strike	NULL	NULL	NULL	NULL	NULL	NULL	NULL	NULL
2488	Weapon Familiarity	NULL	NULL	NULL	NULL	NULL	NULL	NULL	NULL
2489	Free Ride to the Shoushi Southeast Outpost Portal	NULL	NULL	NULL	NULL	NULL	NULL	NULL	NULL
2490	Free Ride to the Holtburg South Outpost	NULL	NULL	NULL	NULL	NULL	NULL	NULL	NULL
2491	Free Ride to the Holtburg West Outpost	NULL	NULL	NULL	NULL	NULL	NULL	NULL	NULL
2492	Free Ride to the Shoushi West Outpost	NULL	NULL	NULL	NULL	NULL	NULL	NULL	NULL
2493	Free Ride to the Yaraq East Outpost	NULL	NULL	NULL	NULL	NULL	NULL	NULL	NULL
2494	Free Ride to the Yaraq North Outpost	NULL	NULL	NULL	NULL	NULL	NULL	NULL	NULL
2495	Send Reinforcements	NULL	NULL	NULL	NULL	NULL	NULL	NULL	NULL
2496	Send Reinforcements	NULL	NULL	NULL	NULL	NULL	NULL	NULL	NULL
2497	Send Reinforcements	NULL	NULL	NULL	NULL	NULL	NULL	NULL	NULL
2498	Send Reinforcements	NULL	NULL	NULL	NULL	NULL	NULL	NULL	NULL
2499	Send Reinforcements	NULL	NULL	NULL	NULL	NULL	NULL	NULL	NULL
2500	Send Reinforcements	NULL	NULL	NULL	NULL	NULL	NULL	NULL	NULL
2501	Major Alchemical Prowess	NULL	NULL	NULL	NULL	NULL	NULL	NULL	NULL
2502	Major Arcane Prowess	NULL	NULL	NULL	NULL	NULL	NULL	NULL	NULL
2503	Major Armor Tinkering Expertise	NULL	NULL	NULL	NULL	NULL	NULL	NULL	NULL
2504	Major Light Weapon Aptitude	NULL	NULL	NULL	NULL	NULL	NULL	NULL	NULL
2505	Major Missile Weapon Aptitude	NULL	NULL	NULL	NULL	NULL	NULL	NULL	NULL
2506	Major Cooking Prowess	NULL	NULL	NULL	NULL	NULL	NULL	NULL	NULL
2507	Major Creature Enchantment Aptitude	NULL	NULL	NULL	NULL	NULL	NULL	NULL	NULL
2508	Major Missile Weapon Aptitude	NULL	NULL	NULL	NULL	NULL	NULL	NULL	NULL
2509	Major Finesse Weapon Aptitude	NULL	NULL	NULL	NULL	NULL	NULL	NULL	NULL
2510	Major Deception Prowess	NULL	NULL	NULL	NULL	NULL	NULL	NULL	NULL
2511	Major Fealty	NULL	NULL	NULL	NULL	NULL	NULL	NULL	NULL
2512	Major Fletching Prowess	NULL	NULL	NULL	NULL	NULL	NULL	NULL	NULL
2513	Major Healing Prowess	NULL	NULL	NULL	NULL	NULL	NULL	NULL	NULL
2514	Major Impregnability	NULL	NULL	NULL	NULL	NULL	NULL	NULL	NULL
2515	Major Invulnerability	NULL	NULL	NULL	NULL	NULL	NULL	NULL	NULL
2516	Major Item Enchantment Aptitude	NULL	NULL	NULL	NULL	NULL	NULL	NULL	NULL
2517	Major Item Tinkering Expertise	NULL	NULL	NULL	NULL	NULL	NULL	NULL	NULL
2518	Major Jumping Prowess	NULL	NULL	NULL	NULL	NULL	NULL	NULL	NULL
2519	Major Leadership	NULL	NULL	NULL	NULL	NULL	NULL	NULL	NULL
2520	Major Life Magic Aptitude	NULL	NULL	NULL	NULL	NULL	NULL	NULL	NULL
2521	Major Lockpick Prowess	NULL	NULL	NULL	NULL	NULL	NULL	NULL	NULL
2522	Major Light Weapon Aptitude	NULL	NULL	NULL	NULL	NULL	NULL	NULL	NULL
2523	Major Magic Item Tinkering Expertise	NULL	NULL	NULL	NULL	NULL	NULL	NULL	NULL
2524	Major Magic Resistance	NULL	NULL	NULL	NULL	NULL	NULL	NULL	NULL
2525	Major Mana Conversion Prowess	NULL	NULL	NULL	NULL	NULL	NULL	NULL	NULL
2526	Major Monster Attunement	NULL	NULL	NULL	NULL	NULL	NULL	NULL	NULL
2527	Major Person Attunement	NULL	NULL	NULL	NULL	NULL	NULL	NULL	NULL
2528	Major Light Weapon Aptitude	NULL	NULL	NULL	NULL	NULL	NULL	NULL	NULL
2529	Major Sprint	NULL	NULL	NULL	NULL	NULL	NULL	NULL	NULL
2530	Major Light Weapon Aptitude	NULL	NULL	NULL	NULL	NULL	NULL	NULL	NULL
2531	Major Heavy Weapon Aptitude	NULL	NULL	NULL	NULL	NULL	NULL	NULL	NULL
2532	Major Missile Weapon Aptitude	NULL	NULL	NULL	NULL	NULL	NULL	NULL	NULL
2533	Major Light Weapon Aptitude	NULL	NULL	NULL	NULL	NULL	NULL	NULL	NULL
2534	Major War Magic Aptitude	NULL	NULL	NULL	NULL	NULL	NULL	NULL	NULL
2535	Major Weapon Tinkering Expertise	NULL	NULL	NULL	NULL	NULL	NULL	NULL	NULL
2536	Minor Alchemical Prowess	NULL	NULL	NULL	NULL	NULL	NULL	NULL	NULL
2537	Minor Arcane Prowess	NULL	NULL	NULL	NULL	NULL	NULL	NULL	NULL
2538	Minor Armor Tinkering Expertise	NULL	NULL	NULL	NULL	NULL	NULL	NULL	NULL
2539	Minor Light Weapon Aptitude	NULL	NULL	NULL	NULL	NULL	NULL	NULL	NULL
2540	Minor Missile Weapon Aptitude	NULL	NULL	NULL	NULL	NULL	NULL	NULL	NULL
2541	Minor Cooking Prowess	NULL	NULL	NULL	NULL	NULL	NULL	NULL	NULL
2542	Minor Creature Enchantment Aptitude	NULL	NULL	NULL	NULL	NULL	NULL	NULL	NULL
2543	Minor Missile Weapon Aptitude	NULL	NULL	NULL	NULL	NULL	NULL	NULL	NULL
2544	Minor Finesse Weapon Aptitude	NULL	NULL	NULL	NULL	NULL	NULL	NULL	NULL
2545	Minor Deception Prowess	NULL	NULL	NULL	NULL	NULL	NULL	NULL	NULL
2546	Minor Fealty	NULL	NULL	NULL	NULL	NULL	NULL	NULL	NULL
2547	Minor Fletching Prowess	NULL	NULL	NULL	NULL	NULL	NULL	NULL	NULL
2548	Minor Healing Prowess	NULL	NULL	NULL	NULL	NULL	NULL	NULL	NULL
2549	Minor Impregnability	NULL	NULL	NULL	NULL	NULL	NULL	NULL	NULL
2550	Minor Invulnerability	NULL	NULL	NULL	NULL	NULL	NULL	NULL	NULL
2551	Minor Item Enchantment Aptitude	NULL	NULL	NULL	NULL	NULL	NULL	NULL	NULL
2552	Minor Item Tinkering Expertise	NULL	NULL	NULL	NULL	NULL	NULL	NULL	NULL
2553	Minor Jumping Prowess	NULL	NULL	NULL	NULL	NULL	NULL	NULL	NULL
2554	Minor Leadership	NULL	NULL	NULL	NULL	NULL	NULL	NULL	NULL
2555	Minor Life Magic Aptitude	NULL	NULL	NULL	NULL	NULL	NULL	NULL	NULL
2556	Minor Lockpick Prowess	NULL	NULL	NULL	NULL	NULL	NULL	NULL	NULL
2557	Minor Light Weapon Aptitude	NULL	NULL	NULL	NULL	NULL	NULL	NULL	NULL
2558	Minor Magic Item Tinkering Expertise	NULL	NULL	NULL	NULL	NULL	NULL	NULL	NULL
2559	Minor Magic Resistance	NULL	NULL	NULL	NULL	NULL	NULL	NULL	NULL
2560	Minor Mana Conversion Prowess	NULL	NULL	NULL	NULL	NULL	NULL	NULL	NULL
2561	Minor Monster Attunement	NULL	NULL	NULL	NULL	NULL	NULL	NULL	NULL
2562	Minor Person Attunement	NULL	NULL	NULL	NULL	NULL	NULL	NULL	NULL
2563	Minor Light Weapon Aptitude	NULL	NULL	NULL	NULL	NULL	NULL	NULL	NULL
2564	Minor Sprint	NULL	NULL	NULL	NULL	NULL	NULL	NULL	NULL
2565	Minor Light Weapon Aptitude	NULL	NULL	NULL	NULL	NULL	NULL	NULL	NULL
2566	Minor Heavy Weapon Aptitude	NULL	NULL	NULL	NULL	NULL	NULL	NULL	NULL
2567	Minor Missile Weapon Aptitude	NULL	NULL	NULL	NULL	NULL	NULL	NULL	NULL
2568	Minor Light Weapon Aptitude	NULL	NULL	NULL	NULL	NULL	NULL	NULL	NULL
2569	Minor War Magic Aptitude	NULL	NULL	NULL	NULL	NULL	NULL	NULL	NULL
2570	Minor Weapon Tinkering Expertise	NULL	NULL	NULL	NULL	NULL	NULL	NULL	NULL
2571	Major Armor	NULL	NULL	NULL	NULL	NULL	NULL	NULL	NULL
2572	Major Coordination	NULL	NULL	NULL	NULL	NULL	NULL	NULL	NULL
2573	Major Endurance	NULL	NULL	NULL	NULL	NULL	NULL	NULL	NULL
2574	Major Focus	NULL	NULL	NULL	NULL	NULL	NULL	NULL	NULL
2575	Major Quickness	NULL	NULL	NULL	NULL	NULL	NULL	NULL	NULL
2576	Major Strength	NULL	NULL	NULL	NULL	NULL	NULL	NULL	NULL
2577	Major Willpower	NULL	NULL	NULL	NULL	NULL	NULL	NULL	NULL
2578	Minor Armor	NULL	NULL	NULL	NULL	NULL	NULL	NULL	NULL
2579	Minor Coordination	NULL	NULL	NULL	NULL	NULL	NULL	NULL	NULL
2580	Minor Endurance	NULL	NULL	NULL	NULL	NULL	NULL	NULL	NULL
2581	Minor Focus	NULL	NULL	NULL	NULL	NULL	NULL	NULL	NULL
2582	Minor Quickness	NULL	NULL	NULL	NULL	NULL	NULL	NULL	NULL
2583	Minor Strength	NULL	NULL	NULL	NULL	NULL	NULL	NULL	NULL
2584	Minor Willpower	NULL	NULL	NULL	NULL	NULL	NULL	NULL	NULL
2585	Major Acid Bane	NULL	NULL	NULL	NULL	NULL	NULL	NULL	NULL
2586	Major Blood Thirst	NULL	NULL	NULL	NULL	NULL	NULL	NULL	NULL
2587	Major Bludgeoning Bane	NULL	NULL	NULL	NULL	NULL	NULL	NULL	NULL
2588	Major Defender	NULL	NULL	NULL	NULL	NULL	NULL	NULL	NULL
2589	Major Flame Bane	NULL	NULL	NULL	NULL	NULL	NULL	NULL	NULL
2590	Major Frost Bane	NULL	NULL	NULL	NULL	NULL	NULL	NULL	NULL
2591	Major Heart Thirst	NULL	NULL	NULL	NULL	NULL	NULL	NULL	NULL
2592	Major Impenetrability	NULL	NULL	NULL	NULL	NULL	NULL	NULL	NULL
2593	Major Piercing Bane	NULL	NULL	NULL	NULL	NULL	NULL	NULL	NULL
2594	Major Slashing Bane	NULL	NULL	NULL	NULL	NULL	NULL	NULL	NULL
2595	Major Storm Bane	NULL	NULL	NULL	NULL	NULL	NULL	NULL	NULL
2596	Major Swift Hunter	NULL	NULL	NULL	NULL	NULL	NULL	NULL	NULL
2597	Minor Acid Bane	NULL	NULL	NULL	NULL	NULL	NULL	NULL	NULL
2598	Minor Blood Thirst	NULL	NULL	NULL	NULL	NULL	NULL	NULL	NULL
2599	Minor Bludgeoning Bane	NULL	NULL	NULL	NULL	NULL	NULL	NULL	NULL
2600	Minor Defender	NULL	NULL	NULL	NULL	NULL	NULL	NULL	NULL
2601	Minor Flame Bane	NULL	NULL	NULL	NULL	NULL	NULL	NULL	NULL
2602	Minor Frost Bane	NULL	NULL	NULL	NULL	NULL	NULL	NULL	NULL
2603	Minor Heart Thirst	NULL	NULL	NULL	NULL	NULL	NULL	NULL	NULL
2604	Minor Impenetrability	NULL	NULL	NULL	NULL	NULL	NULL	NULL	NULL
2605	Minor Piercing Bane	NULL	NULL	NULL	NULL	NULL	NULL	NULL	NULL
2606	Minor Slashing Bane	NULL	NULL	NULL	NULL	NULL	NULL	NULL	NULL
2607	Minor Storm Bane	NULL	NULL	NULL	NULL	NULL	NULL	NULL	NULL
2608	Minor Swift Hunter	NULL	NULL	NULL	NULL	NULL	NULL	NULL	NULL
2609	Major Acid Ward	NULL	NULL	NULL	NULL	NULL	NULL	NULL	NULL
2610	Major Bludgeoning Ward	NULL	NULL	NULL	NULL	NULL	NULL	NULL	NULL
2611	Major Flame Ward	NULL	NULL	NULL	NULL	NULL	NULL	NULL	NULL
2612	Major Frost Ward	NULL	NULL	NULL	NULL	NULL	NULL	NULL	NULL
2613	Major Piercing Ward	NULL	NULL	NULL	NULL	NULL	NULL	NULL	NULL
2614	Major Slashing Ward	NULL	NULL	NULL	NULL	NULL	NULL	NULL	NULL
2615	Major Storm Ward	NULL	NULL	NULL	NULL	NULL	NULL	NULL	NULL
2616	Minor Acid Ward	NULL	NULL	NULL	NULL	NULL	NULL	NULL	NULL
2617	Minor Bludgeoning Ward	NULL	NULL	NULL	NULL	NULL	NULL	NULL	NULL
2618	Minor Flame Ward	NULL	NULL	NULL	NULL	NULL	NULL	NULL	NULL
2619	Minor Frost Ward	NULL	NULL	NULL	NULL	NULL	NULL	NULL	NULL
2620	Minor Piercing Ward	NULL	NULL	NULL	NULL	NULL	NULL	NULL	NULL
2621	Minor Slashing Ward	NULL	NULL	NULL	NULL	NULL	NULL	NULL	NULL
2622	Minor Storm Ward	NULL	NULL	NULL	NULL	NULL	NULL	NULL	NULL
2623	Major Health Gain	NULL	NULL	NULL	NULL	NULL	NULL	NULL	NULL
2624	Major Mana Gain	NULL	NULL	NULL	NULL	NULL	NULL	NULL	NULL
2625	Major Stamina Gain	NULL	NULL	NULL	NULL	NULL	NULL	NULL	NULL
2626	Minor Health Gain	NULL	NULL	NULL	NULL	NULL	NULL	NULL	NULL
2627	Minor Mana Gain	NULL	NULL	NULL	NULL	NULL	NULL	NULL	NULL
2628	Minor Stamina Gain	NULL	NULL	NULL	NULL	NULL	NULL	NULL	NULL
2629	Huntress' Boon	NULL	NULL	NULL	NULL	NULL	NULL	NULL	NULL
2630	Prey's Reflex	NULL	NULL	NULL	NULL	NULL	NULL	NULL	NULL
2631	Secret Descent	NULL	NULL	NULL	NULL	NULL	NULL	NULL	NULL
2632	Secret Ascent	NULL	NULL	NULL	NULL	NULL	NULL	NULL	NULL
2633	Breaking and Entering	NULL	NULL	NULL	NULL	NULL	NULL	NULL	NULL
2634	Cautious Egress	NULL	NULL	NULL	NULL	NULL	NULL	NULL	NULL
2635	Witshire Passage	NULL	NULL	NULL	NULL	NULL	NULL	NULL	NULL
2636	Karenua's Curse	NULL	NULL	NULL	NULL	NULL	NULL	NULL	NULL
2637	Invoking Aun Tanua	16	NULL	NULL	NULL	NULL	NULL	NULL	NULL
2638	Heart of Oak	NULL	NULL	NULL	NULL	NULL	NULL	NULL	NULL
2639	Repulsion	NULL	NULL	NULL	NULL	NULL	NULL	NULL	NULL
2640	Devourer	NULL	NULL	NULL	NULL	NULL	NULL	NULL	NULL
2641	Force to Arms	NULL	NULL	NULL	NULL	NULL	NULL	NULL	NULL
2642	Consumption	NULL	NULL	NULL	NULL	NULL	NULL	NULL	NULL
2643	Stasis	NULL	NULL	NULL	NULL	NULL	NULL	NULL	NULL
2644	Lifestone Tie	NULL	NULL	NULL	NULL	NULL	NULL	NULL	NULL
2645	Portal Recall	NULL	NULL	NULL	NULL	NULL	NULL	NULL	NULL
2646	Secondary Portal Tie	NULL	NULL	NULL	NULL	NULL	NULL	NULL	NULL
2647	Secondary Portal Recall	NULL	NULL	NULL	NULL	NULL	NULL	NULL	NULL
2648	Summon Secondary Portal I	NULL	NULL	NULL	NULL	NULL	NULL	NULL	NULL
2649	Summon Secondary Portal II	NULL	NULL	NULL	NULL	NULL	NULL	NULL	NULL
2650	Summon Secondary Portal III	NULL	NULL	NULL	NULL	NULL	NULL	NULL	NULL
2651	Portal Sending Self Sacrifice	NULL	NULL	NULL	NULL	NULL	NULL	NULL	NULL
2652	Portal Sending Merciless	NULL	NULL	NULL	NULL	NULL	NULL	NULL	NULL
2653	Feeble Willpower	NULL	NULL	NULL	NULL	NULL	NULL	NULL	NULL
2654	Feeble Endurance	NULL	NULL	NULL	NULL	NULL	NULL	NULL	NULL
2655	Feeble Focus	NULL	NULL	NULL	NULL	NULL	NULL	NULL	NULL
2656	Feeble Quickness	NULL	NULL	NULL	NULL	NULL	NULL	NULL	NULL
2657	Feeble Strength	NULL	NULL	NULL	NULL	NULL	NULL	NULL	NULL
2658	Feeble Coordination	NULL	NULL	NULL	NULL	NULL	NULL	NULL	NULL
2659	Moderate Coordination	NULL	NULL	NULL	NULL	NULL	NULL	NULL	NULL
2660	Moderate Endurance	NULL	NULL	NULL	NULL	NULL	NULL	NULL	NULL
2661	Moderate Focus	NULL	NULL	NULL	NULL	NULL	NULL	NULL	NULL
2662	Moderate Quickness	NULL	NULL	NULL	NULL	NULL	NULL	NULL	NULL
2663	Moderate Strength	NULL	NULL	NULL	NULL	NULL	NULL	NULL	NULL
2664	Moderate Willpower	NULL	NULL	NULL	NULL	NULL	NULL	NULL	NULL
2665	Essence Sluice	NULL	NULL	NULL	NULL	NULL	NULL	NULL	NULL
2666	Essence Glutton	NULL	NULL	NULL	NULL	NULL	NULL	NULL	NULL
2667	Essence Spike	NULL	NULL	NULL	NULL	NULL	NULL	NULL	NULL
2668	Nuhmudiras Benefaction	NULL	NULL	NULL	NULL	NULL	NULL	NULL	NULL
2669	Nuhmudiras Bestowment	NULL	NULL	NULL	NULL	NULL	NULL	NULL	NULL
2670	Nuhmudiras Endowment	NULL	NULL	NULL	NULL	NULL	NULL	NULL	NULL
2671	Portal to the Callous Heart	NULL	NULL	NULL	NULL	NULL	NULL	NULL	NULL
2672	Ring of True Pain	4	NULL	NULL	NULL	NULL	NULL	NULL	NULL
2673	Ring of Unspeakable Agony	4	NULL	NULL	NULL	NULL	NULL	NULL	NULL
2674	Vicious Rebuke	2	NULL	NULL	NULL	NULL	NULL	NULL	NULL
2675	Feeble Light Weapon Aptitude	NULL	NULL	NULL	NULL	NULL	NULL	NULL	NULL
2676	Feeble Missile Weapon Aptitude	NULL	NULL	NULL	NULL	NULL	NULL	NULL	NULL
2677	Feeble Missile Weapon Aptitude	NULL	NULL	NULL	NULL	NULL	NULL	NULL	NULL
2678	Feeble Finesse Weapon Aptitude	NULL	NULL	NULL	NULL	NULL	NULL	NULL	NULL
2679	Feeble Light Weapon Aptitude	NULL	NULL	NULL	NULL	NULL	NULL	NULL	NULL
2680	Feeble Mana Conversion Prowess	NULL	NULL	NULL	NULL	NULL	NULL	NULL	NULL
2681	Feeble Light Weapon Aptitude	NULL	NULL	NULL	NULL	NULL	NULL	NULL	NULL
2682	Feeble Light Weapon Aptitude	NULL	NULL	NULL	NULL	NULL	NULL	NULL	NULL
2683	Feeble Heavy Weapon Aptitude	NULL	NULL	NULL	NULL	NULL	NULL	NULL	NULL
2684	Feeble Missile Weapon Aptitude	NULL	NULL	NULL	NULL	NULL	NULL	NULL	NULL
2685	Feeble Light Weapon Aptitude	NULL	NULL	NULL	NULL	NULL	NULL	NULL	NULL
2686	Moderate Light Weapon Aptitude	NULL	NULL	NULL	NULL	NULL	NULL	NULL	NULL
2687	Moderate Missile Weapon Aptitude	NULL	NULL	NULL	NULL	NULL	NULL	NULL	NULL
2688	Moderate Missile Weapon Aptitude	NULL	NULL	NULL	NULL	NULL	NULL	NULL	NULL
2689	Moderate Finesse Weapon Aptitude	NULL	NULL	NULL	NULL	NULL	NULL	NULL	NULL
2690	Moderate Light Weapon Aptitude	NULL	NULL	NULL	NULL	NULL	NULL	NULL	NULL
2691	Moderate Mana Conversion Prowess	NULL	NULL	NULL	NULL	NULL	NULL	NULL	NULL
2692	Moderate Light Weapon Aptitude	NULL	NULL	NULL	NULL	NULL	NULL	NULL	NULL
2693	Moderate Light Weapon Aptitude	NULL	NULL	NULL	NULL	NULL	NULL	NULL	NULL
2694	Moderate Heavy Weapon Aptitude	NULL	NULL	NULL	NULL	NULL	NULL	NULL	NULL
2695	Moderate Missile Weapon Aptitude	NULL	NULL	NULL	NULL	NULL	NULL	NULL	NULL
2696	Moderate Light Weapon Aptitude	NULL	NULL	NULL	NULL	NULL	NULL	NULL	NULL
2697	Aerfalle's Touch	NULL	NULL	NULL	NULL	NULL	NULL	NULL	NULL
2698	Aerfalle's Embrace	NULL	NULL	NULL	NULL	NULL	NULL	NULL	NULL
2699	Auroric Whip	64	NULL	NULL	NULL	NULL	NULL	NULL	NULL
2700	Corrosive Cloud	32	NULL	NULL	NULL	NULL	NULL	NULL	NULL
2701	Elemental Fury	16	NULL	NULL	NULL	NULL	NULL	NULL	NULL
2702	Elemental Fury	8	NULL	NULL	NULL	NULL	NULL	NULL	NULL
2703	Elemental Fury	32	NULL	NULL	NULL	NULL	NULL	NULL	NULL
2704	Elemental Fury	64	NULL	NULL	NULL	NULL	NULL	NULL	NULL
2705	Aerfalle's Enforcement	NULL	NULL	NULL	NULL	NULL	NULL	NULL	NULL
2706	Aerfalle's Gaze	NULL	NULL	NULL	NULL	NULL	NULL	NULL	NULL
2707	Elemental Pit	NULL	NULL	NULL	NULL	NULL	NULL	NULL	NULL
2708	Stasis Field	NULL	NULL	NULL	NULL	NULL	NULL	NULL	NULL
2709	Summon Primary Portal I	NULL	NULL	NULL	NULL	NULL	NULL	NULL	NULL
2710	Volcanic Blast	16	NULL	NULL	NULL	NULL	NULL	NULL	NULL
2711	Acid Arc I	32	NULL	NULL	NULL	NULL	NULL	NULL	NULL
2712	Acid Arc II	32	NULL	NULL	NULL	NULL	NULL	NULL	NULL
2713	Acid Arc III	32	NULL	NULL	NULL	NULL	NULL	NULL	NULL
2714	Acid Arc IV	32	NULL	NULL	NULL	NULL	NULL	NULL	NULL
2715	Acid Arc V	32	NULL	NULL	NULL	NULL	NULL	NULL	NULL
2716	Acid Arc VI	32	NULL	NULL	NULL	NULL	NULL	NULL	NULL
2717	Acid Arc VII	32	NULL	NULL	NULL	NULL	NULL	NULL	NULL
2718	Force Arc I	2	NULL	NULL	NULL	NULL	NULL	NULL	NULL
2719	Force Arc II	2	NULL	NULL	NULL	NULL	NULL	NULL	NULL
2720	Force Arc III	2	NULL	NULL	NULL	NULL	NULL	NULL	NULL
2721	Force Arc IV	2	NULL	NULL	NULL	NULL	NULL	NULL	NULL
2722	Force Arc V	2	NULL	NULL	NULL	NULL	NULL	NULL	NULL
2723	Force Arc VI	2	NULL	NULL	NULL	NULL	NULL	NULL	NULL
2724	Force Arc VII	2	NULL	NULL	NULL	NULL	NULL	NULL	NULL
2725	Frost Arc I	8	NULL	NULL	NULL	NULL	NULL	NULL	NULL
2726	Frost Arc II	8	NULL	NULL	NULL	NULL	NULL	NULL	NULL
2727	Frost Arc III	8	NULL	NULL	NULL	NULL	NULL	NULL	NULL
2728	Frost Arc IV	8	NULL	NULL	NULL	NULL	NULL	NULL	NULL
2729	Frost Arc V	8	NULL	NULL	NULL	NULL	NULL	NULL	NULL
2730	Frost Arc VI	8	NULL	NULL	NULL	NULL	NULL	NULL	NULL
2731	Frost Arc VII	8	NULL	NULL	NULL	NULL	NULL	NULL	NULL
2732	Lightning Arc I	64	NULL	NULL	NULL	NULL	NULL	NULL	NULL
2733	Lightning Arc II	64	NULL	NULL	NULL	NULL	NULL	NULL	NULL
2734	Lightning Arc III	64	NULL	NULL	NULL	NULL	NULL	NULL	NULL
2735	Lightning Arc IV	64	NULL	NULL	NULL	NULL	NULL	NULL	NULL
2736	Lightning Arc V	64	NULL	NULL	NULL	NULL	NULL	NULL	NULL
2737	Lightning Arc VI	64	NULL	NULL	NULL	NULL	NULL	NULL	NULL
2738	Lightning Arc VII	64	NULL	NULL	NULL	NULL	NULL	NULL	NULL
2739	Flame Arc I	16	NULL	NULL	NULL	NULL	NULL	NULL	NULL
2740	Flame Arc II	16	NULL	NULL	NULL	NULL	NULL	NULL	NULL
2741	Flame Arc III	16	NULL	NULL	NULL	NULL	NULL	NULL	NULL
2742	Flame Arc IV	16	NULL	NULL	NULL	NULL	NULL	NULL	NULL
2743	Flame Arc V	16	NULL	NULL	NULL	NULL	NULL	NULL	NULL
2744	Flame Arc VI	16	NULL	NULL	NULL	NULL	NULL	NULL	NULL
2745	Flame Arc VII	16	NULL	NULL	NULL	NULL	NULL	NULL	NULL
2746	Shock Arc I	4	NULL	NULL	NULL	NULL	NULL	NULL	NULL
2747	Shock Arc II	4	NULL	NULL	NULL	NULL	NULL	NULL	NULL
2748	Shock Arc III	4	NULL	NULL	NULL	NULL	NULL	NULL	NULL
2749	Shock Arc IV	4	NULL	NULL	NULL	NULL	NULL	NULL	NULL
2750	Shock Arc V	4	NULL	NULL	NULL	NULL	NULL	NULL	NULL
2751	Shock Arc VI	4	NULL	NULL	NULL	NULL	NULL	NULL	NULL
2752	Shock Arc VII	4	NULL	NULL	NULL	NULL	NULL	NULL	NULL
2753	Blade Arc I	1	NULL	NULL	NULL	NULL	NULL	NULL	NULL
2754	Blade Arc II	1	NULL	NULL	NULL	NULL	NULL	NULL	NULL
2755	Blade Arc III	1	NULL	NULL	NULL	NULL	NULL	NULL	NULL
2756	Blade Arc IV	1	NULL	NULL	NULL	NULL	NULL	NULL	NULL
2757	Blade Arc V	1	NULL	NULL	NULL	NULL	NULL	NULL	NULL
2758	Blade Arc VI	1	NULL	NULL	NULL	NULL	NULL	NULL	NULL
2759	Blade Arc VII	1	NULL	NULL	NULL	NULL	NULL	NULL	NULL
2760	Martyr's Hecatomb I	128	NULL	NULL	0.25	NULL	NULL	NULL	NULL
2761	Martyr's Hecatomb II	128	NULL	NULL	0.25	NULL	NULL	NULL	NULL
2762	Martyr's Hecatomb III	128	NULL	NULL	0.25	NULL	NULL	NULL	NULL
2763	Martyr's Hecatomb IV	128	NULL	NULL	0.25	NULL	NULL	NULL	NULL
2764	Martyr's Hecatomb V	128	NULL	NULL	0.25	NULL	NULL	NULL	NULL
2765	Martyr's Hecatomb VI	128	NULL	NULL	0.25	NULL	NULL	NULL	NULL
2766	Martyr's Hecatomb VII	128	NULL	NULL	0.25	NULL	NULL	NULL	NULL
2767	Martyr's Tenacity I	256	NULL	NULL	0.25	NULL	NULL	NULL	NULL
2768	Martyr's Tenacity II	256	NULL	NULL	0.25	NULL	NULL	NULL	NULL
2769	Martyr's Tenacity III	256	NULL	NULL	0.25	NULL	NULL	NULL	NULL
2770	Martyr's Tenacity IV	256	NULL	NULL	0.25	NULL	NULL	NULL	NULL
2771	Martyr's Tenacity V	256	NULL	NULL	0.25	NULL	NULL	NULL	NULL
2772	Martyr's Tenacity VI	256	NULL	NULL	0.25	NULL	NULL	NULL	NULL
2773	Martyr's Tenacity VII	256	NULL	NULL	0.25	NULL	NULL	NULL	NULL
2774	Martyr's Blight I	512	NULL	NULL	0.25	NULL	NULL	NULL	NULL
2775	Martyr's Blight II	512	NULL	NULL	0.25	NULL	NULL	NULL	NULL
2776	Martyr's Blight III	512	NULL	NULL	0.25	NULL	NULL	NULL	NULL
2777	Martyr's Blight IV	512	NULL	NULL	0.25	NULL	NULL	NULL	NULL
2778	Martyr's Blight V	512	NULL	NULL	0.25	NULL	NULL	NULL	NULL
2779	Martyr's Blight VI	512	NULL	NULL	0.25	NULL	NULL	NULL	NULL
2780	Martyr's Blight VII	512	NULL	NULL	0.25	NULL	NULL	NULL	NULL
2781	Lesser Elemental Fury	32	NULL	NULL	NULL	NULL	NULL	NULL	NULL
2782	Lesser Elemental Fury	16	NULL	NULL	NULL	NULL	NULL	NULL	NULL
2783	Lesser Elemental Fury	8	NULL	NULL	NULL	NULL	NULL	NULL	NULL
2784	Lesser Elemental Fury	64	NULL	NULL	NULL	NULL	NULL	NULL	NULL
2785	Lesser Stasis Field	NULL	NULL	NULL	NULL	NULL	NULL	NULL	NULL
2786	Madness	NULL	NULL	NULL	NULL	NULL	NULL	NULL	NULL
2787	Supremacy	NULL	NULL	NULL	NULL	NULL	NULL	NULL	NULL
2788	Essence Blight	NULL	512	NULL	NULL	-5000	NULL	NULL	NULL
2789	Elemental Destruction	NULL	128	NULL	NULL	-8000	NULL	NULL	NULL
2790	Weight of the World	NULL	NULL	NULL	NULL	NULL	NULL	NULL	NULL
2791	Rolling Death	32	NULL	NULL	NULL	NULL	NULL	NULL	NULL
2792	Rolling Death	16	NULL	NULL	NULL	NULL	NULL	NULL	NULL
2793	Rolling Death	8	NULL	NULL	NULL	NULL	NULL	NULL	NULL
2794	Rolling Death	64	NULL	NULL	NULL	NULL	NULL	NULL	NULL
2795	Citadel Library	NULL	NULL	NULL	NULL	NULL	NULL	NULL	NULL
2796	Citadel Surface	NULL	NULL	NULL	NULL	NULL	NULL	NULL	NULL
2797	Proving Grounds Rolling Death	NULL	NULL	NULL	NULL	NULL	NULL	NULL	NULL
2798	Proving Grounds High	NULL	NULL	NULL	NULL	NULL	NULL	NULL	NULL
2799	Proving Grounds Low	NULL	NULL	NULL	NULL	NULL	NULL	NULL	NULL
2800	Proving Grounds Mid	NULL	NULL	NULL	NULL	NULL	NULL	NULL	NULL
2801	Proving Grounds Extreme	NULL	NULL	NULL	NULL	NULL	NULL	NULL	NULL
2802	Proving Grounds High	NULL	NULL	NULL	NULL	NULL	NULL	NULL	NULL
2803	Proving Grounds Low	NULL	NULL	NULL	NULL	NULL	NULL	NULL	NULL
2804	Proving Grounds Mid	NULL	NULL	NULL	NULL	NULL	NULL	NULL	NULL
2805	Impudence	NULL	NULL	NULL	NULL	NULL	NULL	NULL	NULL
2806	Impudence	NULL	NULL	NULL	NULL	NULL	NULL	NULL	NULL
2807	Impudence	NULL	NULL	NULL	NULL	NULL	NULL	NULL	NULL
2808	Impudence	NULL	NULL	NULL	NULL	NULL	NULL	NULL	NULL
2809	Moderate Arcane Prowess	NULL	NULL	NULL	NULL	NULL	NULL	NULL	NULL
2810	Moderate Life Magic Aptitude	NULL	NULL	NULL	NULL	NULL	NULL	NULL	NULL
2811	Moderate Magic Resistance	NULL	NULL	NULL	NULL	NULL	NULL	NULL	NULL
2812	Moderate War Magic Aptitude	NULL	NULL	NULL	NULL	NULL	NULL	NULL	NULL
2813	Mount Lethe Recall	NULL	NULL	NULL	NULL	NULL	NULL	NULL	NULL
2814	Priest's Curse	2	NULL	NULL	NULL	NULL	NULL	NULL	NULL
2815	Boom Black Firework OUT	2	NULL	NULL	NULL	NULL	NULL	NULL	NULL
2816	Big Boom Black Firework OUT	2	NULL	NULL	NULL	NULL	NULL	NULL	NULL
2817	Shockwave Black Firework OUT	2	NULL	NULL	NULL	NULL	NULL	NULL	NULL
2818	Spiral Black Firework OUT	2	NULL	NULL	NULL	NULL	NULL	NULL	NULL
2819	Sparkle Black Firework OUT	2	NULL	NULL	NULL	NULL	NULL	NULL	NULL
2820	Blossom Black Firework OUT	2	NULL	NULL	NULL	NULL	NULL	NULL	NULL
2821	Ring Black Firework OUT	2	NULL	NULL	NULL	NULL	NULL	NULL	NULL
2822	Boom Blue Firework OUT	2	NULL	NULL	NULL	NULL	NULL	NULL	NULL
2823	Big Boom Blue Firework OUT	2	NULL	NULL	NULL	NULL	NULL	NULL	NULL
2824	Shockwave Blue Firework OUT	2	NULL	NULL	NULL	NULL	NULL	NULL	NULL
2825	Spiral Blue Firework OUT	2	NULL	NULL	NULL	NULL	NULL	NULL	NULL
2826	Sparkle Blue Firework OUT	2	NULL	NULL	NULL	NULL	NULL	NULL	NULL
2827	Blossom Blue Firework OUT	2	NULL	NULL	NULL	NULL	NULL	NULL	NULL
2828	Ring Blue Firework OUT	2	NULL	NULL	NULL	NULL	NULL	NULL	NULL
2829	Boom Green Firework OUT	2	NULL	NULL	NULL	NULL	NULL	NULL	NULL
2830	Big Boom Green Firework OUT	2	NULL	NULL	NULL	NULL	NULL	NULL	NULL
2831	Shockwave Green Firework OUT	2	NULL	NULL	NULL	NULL	NULL	NULL	NULL
2832	Spiral Green Firework OUT	2	NULL	NULL	NULL	NULL	NULL	NULL	NULL
2833	Sparkle Green Firework OUT	2	NULL	NULL	NULL	NULL	NULL	NULL	NULL
2834	Blossom Green Firework OUT	2	NULL	NULL	NULL	NULL	NULL	NULL	NULL
2835	Ring Green Firework OUT	2	NULL	NULL	NULL	NULL	NULL	NULL	NULL
2836	Boom Orange Firework OUT	2	NULL	NULL	NULL	NULL	NULL	NULL	NULL
2837	Big Boom Orange Firework OUT	2	NULL	NULL	NULL	NULL	NULL	NULL	NULL
2838	Shockwave Orange Firework OUT	2	NULL	NULL	NULL	NULL	NULL	NULL	NULL
2839	Spiral Orange Firework OUT	2	NULL	NULL	NULL	NULL	NULL	NULL	NULL
2840	Sparkle Orange Firework OUT	2	NULL	NULL	NULL	NULL	NULL	NULL	NULL
2841	Blossom Orange Firework OUT	2	NULL	NULL	NULL	NULL	NULL	NULL	NULL
2842	Ring Orange Firework OUT	2	NULL	NULL	NULL	NULL	NULL	NULL	NULL
2843	Boom Purple Firework OUT	2	NULL	NULL	NULL	NULL	NULL	NULL	NULL
2844	Big Boom Purple Firework OUT	2	NULL	NULL	NULL	NULL	NULL	NULL	NULL
2845	Shockwave Purple Firework OUT	2	NULL	NULL	NULL	NULL	NULL	NULL	NULL
2846	Spiral Purple Firework OUT	2	NULL	NULL	NULL	NULL	NULL	NULL	NULL
2847	Sparkle Purple Firework OUT	2	NULL	NULL	NULL	NULL	NULL	NULL	NULL
2848	Blossom Purple Firework OUT	2	NULL	NULL	NULL	NULL	NULL	NULL	NULL
2849	Ring Purple Firework OUT	2	NULL	NULL	NULL	NULL	NULL	NULL	NULL
2850	Boom Red Firework OUT	2	NULL	NULL	NULL	NULL	NULL	NULL	NULL
2851	Big Boom Red Firework OUT	2	NULL	NULL	NULL	NULL	NULL	NULL	NULL
2852	Shockwave Red Firework OUT	2	NULL	NULL	NULL	NULL	NULL	NULL	NULL
2853	Spiral Red Firework OUT	2	NULL	NULL	NULL	NULL	NULL	NULL	NULL
2854	Sparkle Red Firework OUT	2	NULL	NULL	NULL	NULL	NULL	NULL	NULL
2855	Blossom Red Firework OUT	2	NULL	NULL	NULL	NULL	NULL	NULL	NULL
2856	Ring Red Firework OUT	2	NULL	NULL	NULL	NULL	NULL	NULL	NULL
2857	Boom White Firework OUT	2	NULL	NULL	NULL	NULL	NULL	NULL	NULL
2858	Big Boom White Firework OUT	2	NULL	NULL	NULL	NULL	NULL	NULL	NULL
2859	Shockwave White Firework OUT	2	NULL	NULL	NULL	NULL	NULL	NULL	NULL
2860	Spiral White Firework OUT	2	NULL	NULL	NULL	NULL	NULL	NULL	NULL
2861	Sparkle White Firework OUT	2	NULL	NULL	NULL	NULL	NULL	NULL	NULL
2862	Blossom White Firework OUT	2	NULL	NULL	NULL	NULL	NULL	NULL	NULL
2863	Ring White Firework OUT	2	NULL	NULL	NULL	NULL	NULL	NULL	NULL
2864	Boom Yellow Firework OUT	2	NULL	NULL	NULL	NULL	NULL	NULL	NULL
2865	Big Boom Yellow Firework OUT	2	NULL	NULL	NULL	NULL	NULL	NULL	NULL
2866	Shockwave Yellow Firework OUT	2	NULL	NULL	NULL	NULL	NULL	NULL	NULL
2867	Spiral Yellow Firework OUT	2	NULL	NULL	NULL	NULL	NULL	NULL	NULL
2868	Sparkle Yellow Firework OUT	2	NULL	NULL	NULL	NULL	NULL	NULL	NULL
2869	Blossom Yellow Firework OUT	2	NULL	NULL	NULL	NULL	NULL	NULL	NULL
2870	Ring Yellow Firework OUT	2	NULL	NULL	NULL	NULL	NULL	NULL	NULL
2871	Boom Black Firework UP	2	NULL	NULL	NULL	NULL	NULL	NULL	NULL
2872	Big Boom Black Firework UP	2	NULL	NULL	NULL	NULL	NULL	NULL	NULL
2873	Shockwave Black Firework UP	2	NULL	NULL	NULL	NULL	NULL	NULL	NULL
2874	Spiral Black Firework UP	2	NULL	NULL	NULL	NULL	NULL	NULL	NULL
2875	Sparkle Black Firework UP	2	NULL	NULL	NULL	NULL	NULL	NULL	NULL
2876	Blossom Black Firework UP	2	NULL	NULL	NULL	NULL	NULL	NULL	NULL
2877	Ring Black Firework UP	2	NULL	NULL	NULL	NULL	NULL	NULL	NULL
2878	Boom Blue Firework UP	2	NULL	NULL	NULL	NULL	NULL	NULL	NULL
2879	Big Boom Blue Firework UP	2	NULL	NULL	NULL	NULL	NULL	NULL	NULL
2880	Shockwave Blue Firework UP	2	NULL	NULL	NULL	NULL	NULL	NULL	NULL
2881	Spiral Blue Firework UP	2	NULL	NULL	NULL	NULL	NULL	NULL	NULL
2882	Sparkle Blue Firework UP	2	NULL	NULL	NULL	NULL	NULL	NULL	NULL
2883	Blossom Blue Firework UP	2	NULL	NULL	NULL	NULL	NULL	NULL	NULL
2884	Ring Blue Firework UP	2	NULL	NULL	NULL	NULL	NULL	NULL	NULL
2885	Boom Green Firework UP	2	NULL	NULL	NULL	NULL	NULL	NULL	NULL
2886	Big Boom Green Firework UP	2	NULL	NULL	NULL	NULL	NULL	NULL	NULL
2887	Shockwave Green Firework UP	2	NULL	NULL	NULL	NULL	NULL	NULL	NULL
2888	Spiral Green Firework UP	2	NULL	NULL	NULL	NULL	NULL	NULL	NULL
2889	Sparkle Green Firework UP	2	NULL	NULL	NULL	NULL	NULL	NULL	NULL
2890	Blossom Green Firework UP	2	NULL	NULL	NULL	NULL	NULL	NULL	NULL
2891	Ring Green Firework UP	2	NULL	NULL	NULL	NULL	NULL	NULL	NULL
2892	Boom Orange Firework UP	2	NULL	NULL	NULL	NULL	NULL	NULL	NULL
2893	Big Boom Orange Firework UP	2	NULL	NULL	NULL	NULL	NULL	NULL	NULL
2894	Shockwave Orange Firework UP	2	NULL	NULL	NULL	NULL	NULL	NULL	NULL
2895	Spiral Orange Firework UP	2	NULL	NULL	NULL	NULL	NULL	NULL	NULL
2896	Sparkle Orange Firework UP	2	NULL	NULL	NULL	NULL	NULL	NULL	NULL
2897	Blossom Orange Firework UP	2	NULL	NULL	NULL	NULL	NULL	NULL	NULL
2898	Ring Orange Firework UP	2	NULL	NULL	NULL	NULL	NULL	NULL	NULL
2899	Boom Purple Firework UP	2	NULL	NULL	NULL	NULL	NULL	NULL	NULL
2900	Big Boom Purple Firework UP	2	NULL	NULL	NULL	NULL	NULL	NULL	NULL
2901	Shockwave Purple Firework UP	2	NULL	NULL	NULL	NULL	NULL	NULL	NULL
2902	Spiral Purple Firework UP	2	NULL	NULL	NULL	NULL	NULL	NULL	NULL
2903	Sparkle Purple Firework UP	2	NULL	NULL	NULL	NULL	NULL	NULL	NULL
2904	Blossom Purple Firework UP	2	NULL	NULL	NULL	NULL	NULL	NULL	NULL
2905	Ring Purple Firework UP	2	NULL	NULL	NULL	NULL	NULL	NULL	NULL
2906	Boom Red Firework UP	2	NULL	NULL	NULL	NULL	NULL	NULL	NULL
2907	Big Boom Red Firework UP	2	NULL	NULL	NULL	NULL	NULL	NULL	NULL
2908	Shockwave Red Firework UP	2	NULL	NULL	NULL	NULL	NULL	NULL	NULL
2909	Spiral Red Firework UP	2	NULL	NULL	NULL	NULL	NULL	NULL	NULL
2910	Sparkle Red Firework UP	2	NULL	NULL	NULL	NULL	NULL	NULL	NULL
2911	Blossom Red Firework UP	2	NULL	NULL	NULL	NULL	NULL	NULL	NULL
2912	Ring Red Firework UP	2	NULL	NULL	NULL	NULL	NULL	NULL	NULL
2913	Boom White Firework UP	2	NULL	NULL	NULL	NULL	NULL	NULL	NULL
2914	Big Boom White Firework UP	2	NULL	NULL	NULL	NULL	NULL	NULL	NULL
2915	Shockwave White Firework UP	2	NULL	NULL	NULL	NULL	NULL	NULL	NULL
2916	Spiral White Firework UP	2	NULL	NULL	NULL	NULL	NULL	NULL	NULL
2917	Sparkle White Firework UP	2	NULL	NULL	NULL	NULL	NULL	NULL	NULL
2918	Blossom White Firework UP	2	NULL	NULL	NULL	NULL	NULL	NULL	NULL
2919	Ring White Firework UP	2	NULL	NULL	NULL	NULL	NULL	NULL	NULL
2920	Boom Yellow Firework UP	2	NULL	NULL	NULL	NULL	NULL	NULL	NULL
2921	Big Boom Yellow Firework UP	2	NULL	NULL	NULL	NULL	NULL	NULL	NULL
2922	Shockwave Yellow Firework UP	2	NULL	NULL	NULL	NULL	NULL	NULL	NULL
2923	Spiral Yellow Firework UP	2	NULL	NULL	NULL	NULL	NULL	NULL	NULL
2924	Sparkle Yellow Firework UP	2	NULL	NULL	NULL	NULL	NULL	NULL	NULL
2925	Blossom Yellow Firework UP	2	NULL	NULL	NULL	NULL	NULL	NULL	NULL
2926	Ring Yellow Firework UP	2	NULL	NULL	NULL	NULL	NULL	NULL	NULL
2927	Old School Fireworks	NULL	128	NULL	NULL	8	NULL	NULL	NULL
2928	Tusker Hide	NULL	NULL	NULL	NULL	NULL	NULL	NULL	NULL
2929	Tusker Might	NULL	NULL	NULL	NULL	NULL	NULL	NULL	NULL
2930	Tusker Skin	NULL	NULL	NULL	NULL	NULL	NULL	NULL	NULL
2931	Recall Aphus Lassel	NULL	NULL	NULL	NULL	NULL	NULL	NULL	NULL
2932	Tusker Leap	NULL	NULL	NULL	NULL	NULL	NULL	NULL	NULL
2933	Tusker Sprint	NULL	NULL	NULL	NULL	NULL	NULL	NULL	NULL
2934	Tusker Fists	4	NULL	NULL	NULL	NULL	NULL	NULL	NULL
2935	Trial of the Tusker Hero	NULL	NULL	NULL	NULL	NULL	NULL	NULL	NULL
2936	Entrance to Tusker Island	NULL	NULL	NULL	NULL	NULL	NULL	NULL	NULL
2937	Moderate Impregnability	NULL	NULL	NULL	NULL	NULL	NULL	NULL	NULL
2938	Moderate Invulnerability	NULL	NULL	NULL	NULL	NULL	NULL	NULL	NULL
2939	Entering the Temple	NULL	NULL	NULL	NULL	NULL	NULL	NULL	NULL
2940	Entering the Temple	NULL	NULL	NULL	NULL	NULL	NULL	NULL	NULL
2941	Ulgrim's Recall	NULL	NULL	NULL	NULL	NULL	NULL	NULL	NULL
2942	Free Ride to the Abandoned Mine	NULL	NULL	NULL	NULL	NULL	NULL	NULL	NULL
2943	Recall to the Singularity Caul	NULL	NULL	NULL	NULL	NULL	NULL	NULL	NULL
2944	Storage Warehouse	NULL	NULL	NULL	NULL	NULL	NULL	NULL	NULL
2945	Storage Warehouse	NULL	NULL	NULL	NULL	NULL	NULL	NULL	NULL
2946	Moderate Creature Magic Aptitude	NULL	NULL	NULL	NULL	NULL	NULL	NULL	NULL
2947	Nullify All Magic Other	NULL	NULL	0	NULL	NULL	0	285	2
2948	Hieromancer's Great Ward	NULL	NULL	NULL	NULL	NULL	NULL	NULL	NULL
2949	Lightbringer's Way	NULL	NULL	NULL	NULL	NULL	NULL	NULL	NULL
2950	Maiden's Kiss	NULL	NULL	NULL	NULL	NULL	NULL	NULL	NULL
2951	Gates of Knorr	NULL	NULL	NULL	NULL	NULL	NULL	NULL	NULL
2952	Courtyard of Knorr	NULL	NULL	NULL	NULL	NULL	NULL	NULL	NULL
2953	Interior Gates of Knorr	NULL	NULL	NULL	NULL	NULL	NULL	NULL	NULL
2954	Barracks Conveyance	NULL	NULL	NULL	NULL	NULL	NULL	NULL	NULL
2955	Forge Conveyance	NULL	NULL	NULL	NULL	NULL	NULL	NULL	NULL
2956	Research Chambers Conveyance	NULL	NULL	NULL	NULL	NULL	NULL	NULL	NULL
2957	Seat of Knorr	NULL	NULL	NULL	NULL	NULL	NULL	NULL	NULL
2958	Blessing of the Priestess	NULL	NULL	NULL	NULL	NULL	NULL	NULL	NULL
2959	Mark of the Priestess	NULL	NULL	NULL	NULL	NULL	NULL	NULL	NULL
2960	Greater Bludgeoning Durance	NULL	NULL	NULL	NULL	NULL	NULL	NULL	NULL
2961	Greater Piercing Durance	NULL	NULL	NULL	NULL	NULL	NULL	NULL	NULL
2962	Greater Slashing Durance	NULL	NULL	NULL	NULL	NULL	NULL	NULL	NULL
2963	Aura of Hunter's Cunning	NULL	NULL	NULL	NULL	NULL	NULL	NULL	NULL
2964	Aura of Hunter's Mark	NULL	NULL	NULL	NULL	NULL	NULL	NULL	NULL
2965	Aura of Murderous Intent	NULL	NULL	NULL	NULL	NULL	NULL	NULL	NULL
2966	Aura of Murderous Thirst	NULL	NULL	NULL	NULL	NULL	NULL	NULL	NULL
2967	Aura of The Speedy Hunter	NULL	NULL	NULL	NULL	NULL	NULL	NULL	NULL
2968	Vision of the Hunter	NULL	NULL	NULL	NULL	NULL	NULL	NULL	NULL
2969	Mother's Blessing	NULL	NULL	NULL	NULL	NULL	NULL	NULL	NULL
2970	Hunter's Lash	1	NULL	NULL	NULL	NULL	NULL	NULL	NULL
2971	Bullseye	NULL	NULL	NULL	NULL	NULL	NULL	NULL	NULL
2972	Oswald's Room	NULL	NULL	NULL	NULL	NULL	NULL	NULL	NULL
2973	Access to the Secret Lair	NULL	NULL	NULL	NULL	NULL	NULL	NULL	NULL
2974	Vagabond Passed	NULL	NULL	NULL	NULL	NULL	NULL	NULL	NULL
2975	Moderate Item Enchantment Aptitude	NULL	NULL	NULL	NULL	NULL	NULL	NULL	NULL
2976	Acid Spray	32	NULL	NULL	NULL	NULL	NULL	NULL	NULL
2977	Portal spell to a hidden place	NULL	NULL	NULL	NULL	NULL	NULL	NULL	NULL
2978	Nullify All Magic Other	NULL	NULL	0	NULL	NULL	0	335	0
2979	Destiny's Wind	NULL	NULL	NULL	NULL	NULL	NULL	NULL	NULL
2980	Endless Vigor	NULL	NULL	NULL	NULL	NULL	NULL	NULL	NULL
2981	Fellowship Heal I	NULL	128	NULL	NULL	8	NULL	NULL	NULL
2982	Fellowship Alchemy Mastery I	NULL	NULL	NULL	NULL	NULL	NULL	NULL	NULL
2983	Fellowship Evaporate Life Magic Self	NULL	NULL	2	NULL	NULL	0	35	2
2984	Lyceum of Kivik Lir	NULL	NULL	NULL	NULL	NULL	NULL	NULL	NULL
2985	Ardence	NULL	NULL	NULL	NULL	NULL	NULL	NULL	NULL
2986	Vim	NULL	NULL	NULL	NULL	NULL	NULL	NULL	NULL
2987	Volition	NULL	NULL	NULL	NULL	NULL	NULL	NULL	NULL
2988	Beaten into Submission	NULL	NULL	NULL	NULL	NULL	NULL	NULL	NULL
2989	Portal to the Bandit Hideout.	NULL	NULL	NULL	NULL	NULL	NULL	NULL	NULL
2990	Knocked Out	NULL	NULL	NULL	NULL	NULL	NULL	NULL	NULL
2991	Winter's Kiss	NULL	NULL	NULL	NULL	NULL	NULL	NULL	NULL
2992	Depletion	NULL	NULL	NULL	NULL	NULL	NULL	NULL	NULL
2993	Grace of the Unicorn	NULL	NULL	NULL	NULL	NULL	NULL	NULL	NULL
2994	Plague	NULL	NULL	NULL	NULL	NULL	NULL	NULL	NULL
2995	Power of the Dragon	NULL	NULL	NULL	NULL	NULL	NULL	NULL	NULL
2996	Scourge	NULL	NULL	NULL	NULL	NULL	NULL	NULL	NULL
2997	Splendor of the Firebird	NULL	NULL	NULL	NULL	NULL	NULL	NULL	NULL
2998	Wrath of the Puppeteer	16	NULL	NULL	NULL	NULL	NULL	NULL	NULL
2999	Endurance of the Abyss	NULL	NULL	NULL	NULL	NULL	NULL	NULL	NULL
3000	Ire of the Dark Prince	NULL	NULL	NULL	NULL	NULL	NULL	NULL	NULL
3001	Puppet String	NULL	NULL	NULL	NULL	NULL	NULL	NULL	NULL
3002	Will of the Quiddity	NULL	NULL	NULL	NULL	NULL	NULL	NULL	NULL
3003	Dark Wave	NULL	NULL	NULL	NULL	NULL	NULL	NULL	NULL
3004	Puppet Strings	NULL	NULL	NULL	NULL	NULL	NULL	NULL	NULL
3005	Dispersion	NULL	NULL	NULL	NULL	NULL	NULL	NULL	NULL
3006	Foresight	NULL	NULL	NULL	NULL	NULL	NULL	NULL	NULL
3007	Uncanny Dodge	NULL	NULL	NULL	NULL	NULL	NULL	NULL	NULL
3008	Finesse	NULL	NULL	NULL	NULL	NULL	NULL	NULL	NULL
3009	Thew	NULL	NULL	NULL	NULL	NULL	NULL	NULL	NULL
3010	Zeal	NULL	NULL	NULL	NULL	NULL	NULL	NULL	NULL
3011	Endless Sight	NULL	NULL	NULL	NULL	NULL	NULL	NULL	NULL
3012	Far Sight	NULL	NULL	NULL	NULL	NULL	NULL	NULL	NULL
3013	Fruit of the Oasis	NULL	NULL	NULL	NULL	NULL	NULL	NULL	NULL
3014	Water of the Oasis	NULL	NULL	NULL	NULL	NULL	NULL	NULL	NULL
3015	Shade of the Oasis	NULL	NULL	NULL	NULL	NULL	NULL	NULL	NULL
3016	Raptor's Sight	NULL	NULL	NULL	NULL	NULL	NULL	NULL	NULL
3017	Greater Battle Dungeon Sending from Candeth Keep	NULL	NULL	NULL	NULL	NULL	NULL	NULL	NULL
3018	Greater Battle Dungeon Sending from Fort Tethana	NULL	NULL	NULL	NULL	NULL	NULL	NULL	NULL
3019	Greater Battle Dungeon Sending from Nanto	NULL	NULL	NULL	NULL	NULL	NULL	NULL	NULL
3020	Greater Battle Dungeon Sending from Plateau	NULL	NULL	NULL	NULL	NULL	NULL	NULL	NULL
3021	Greater Battle Dungeon Sending from Qalabar	NULL	NULL	NULL	NULL	NULL	NULL	NULL	NULL
3022	Greater Battle Dungeon Sending from Tou-Tou	NULL	NULL	NULL	NULL	NULL	NULL	NULL	NULL
3023	Greater Battle Dungeon Sending from Xarabydun	NULL	NULL	NULL	NULL	NULL	NULL	NULL	NULL
3024	Greater Battle Dungeon Sending from Yaraq	NULL	NULL	NULL	NULL	NULL	NULL	NULL	NULL
3025	Shriek	4	NULL	NULL	NULL	NULL	NULL	NULL	NULL
3026	Lesser Battle Dungeon Sending from Candeth Keep	NULL	NULL	NULL	NULL	NULL	NULL	NULL	NULL
3027	Lesser Battle Dungeon Sending from Fort Tethana	NULL	NULL	NULL	NULL	NULL	NULL	NULL	NULL
3028	Lesser Battle Dungeon Sending from Nanto	NULL	NULL	NULL	NULL	NULL	NULL	NULL	NULL
3029	Lesser Battle Dungeon Sending from Plateau	NULL	NULL	NULL	NULL	NULL	NULL	NULL	NULL
3030	Lesser Battle Dungeon Sending from Qalabar	NULL	NULL	NULL	NULL	NULL	NULL	NULL	NULL
3031	Lesser Battle Dungeon Sending from Tou-Tou	NULL	NULL	NULL	NULL	NULL	NULL	NULL	NULL
3032	Lesser Battle Dungeon Sending from Xarabydun	NULL	NULL	NULL	NULL	NULL	NULL	NULL	NULL
3033	Lesser Battle Dungeon Sending from Yaraq	NULL	NULL	NULL	NULL	NULL	NULL	NULL	NULL
3034	Benediction of Immortality	NULL	NULL	NULL	NULL	NULL	NULL	NULL	NULL
3035	Closing of the Great Divide	NULL	NULL	NULL	NULL	NULL	NULL	NULL	NULL
3036	Cold Grip of the Grave	NULL	256	NULL	NULL	-300	NULL	NULL	NULL
3037	Death's Call	NULL	128	NULL	NULL	-40	NULL	NULL	NULL
3038	Death's Embrace	NULL	128	NULL	NULL	-50	NULL	NULL	NULL
3039	Death's Feast	NULL	128	NULL	NULL	-150	NULL	NULL	NULL
3040	Places Death's Kiss upon you.	NULL	128	NULL	NULL	-30	NULL	NULL	NULL
3041	Essence Dissolution	NULL	128	NULL	NULL	-175	NULL	NULL	NULL
3042	Grip of Death	NULL	NULL	NULL	NULL	NULL	NULL	NULL	NULL
3043	Kiss of the Grave	NULL	NULL	NULL	NULL	NULL	NULL	NULL	NULL
3044	Lesser Benediction of Immortality	NULL	NULL	NULL	NULL	NULL	NULL	NULL	NULL
3045	Lesser Closing of the Great Divide	NULL	NULL	NULL	NULL	NULL	NULL	NULL	NULL
3046	Lesser Mists of Bur	NULL	NULL	NULL	NULL	NULL	NULL	NULL	NULL
3047	Matron's Barb	NULL	128	NULL	NULL	-250	NULL	NULL	NULL
3048	Minor Benediction of Immortality	NULL	NULL	NULL	NULL	NULL	NULL	NULL	NULL
3049	Minor Closing of the Great Divide	NULL	NULL	NULL	NULL	NULL	NULL	NULL	NULL
3050	Minor Mists of Bur	NULL	NULL	NULL	NULL	NULL	NULL	NULL	NULL
3051	Mire Foot	NULL	NULL	NULL	NULL	NULL	NULL	NULL	NULL
3052	Mists of Bur	NULL	NULL	NULL	NULL	NULL	NULL	NULL	NULL
3053	Paralyzing Touch	NULL	NULL	NULL	NULL	NULL	NULL	NULL	NULL
3054	Soul Dissolution	NULL	128	NULL	NULL	-750	NULL	NULL	NULL
3055	Asphyxiation	NULL	NULL	NULL	NULL	NULL	NULL	NULL	NULL
3056	Death's Vice	NULL	NULL	NULL	NULL	NULL	NULL	NULL	NULL
3057	Enervation	NULL	NULL	NULL	NULL	NULL	NULL	NULL	NULL
3058	Asphyiaxtion	NULL	NULL	NULL	NULL	NULL	NULL	NULL	NULL
3059	Enervation	NULL	NULL	NULL	NULL	NULL	NULL	NULL	NULL
3060	Poison Blood	NULL	NULL	NULL	NULL	NULL	NULL	NULL	NULL
3061	Taint Mana	NULL	NULL	NULL	NULL	NULL	NULL	NULL	NULL
3062	Asphyxiation	NULL	NULL	NULL	NULL	NULL	NULL	NULL	NULL
3063	Enervation	NULL	NULL	NULL	NULL	NULL	NULL	NULL	NULL
3064	Poison Blood	NULL	NULL	NULL	NULL	NULL	NULL	NULL	NULL
3065	Taint Mana	NULL	NULL	NULL	NULL	NULL	NULL	NULL	NULL
3066	Lesser Ward of Rebirth	NULL	NULL	NULL	NULL	NULL	NULL	NULL	NULL
3067	Matron's Curse	NULL	NULL	NULL	NULL	NULL	NULL	NULL	NULL
3068	Minor Ward of Rebirth	NULL	NULL	NULL	NULL	NULL	NULL	NULL	NULL
3069	Poison Blood	NULL	NULL	NULL	NULL	NULL	NULL	NULL	NULL
3070	Taint Mana	NULL	NULL	NULL	NULL	NULL	NULL	NULL	NULL
3071	Ward of Rebirth	NULL	NULL	NULL	NULL	NULL	NULL	NULL	NULL
3072	Hall of the Temple Guardians	NULL	NULL	NULL	NULL	NULL	NULL	NULL	NULL
3073	Matron's Outer Chamber	NULL	NULL	NULL	NULL	NULL	NULL	NULL	NULL
3074	Bruised Flesh	NULL	NULL	NULL	NULL	NULL	NULL	NULL	NULL
3075	Flesh of Cloth	NULL	NULL	NULL	NULL	NULL	NULL	NULL	NULL
3076	Exposed Flesh	NULL	NULL	NULL	NULL	NULL	NULL	NULL	NULL
3077	Flesh of Flint	NULL	NULL	NULL	NULL	NULL	NULL	NULL	NULL
3078	Weaken Flesh	NULL	NULL	NULL	NULL	NULL	NULL	NULL	NULL
3079	Thin Skin	NULL	NULL	NULL	NULL	NULL	NULL	NULL	NULL
3080	Bruised Flesh	NULL	NULL	NULL	NULL	NULL	NULL	NULL	NULL
3081	Flesh of Cloth	NULL	NULL	NULL	NULL	NULL	NULL	NULL	NULL
3082	Exposed Flesh	NULL	NULL	NULL	NULL	NULL	NULL	NULL	NULL
3083	Flesh of Flint	NULL	NULL	NULL	NULL	NULL	NULL	NULL	NULL
3084	Weaken Flesh	NULL	NULL	NULL	NULL	NULL	NULL	NULL	NULL
3085	Bruised Flesh	NULL	NULL	NULL	NULL	NULL	NULL	NULL	NULL
3086	Flesh of Cloth	NULL	NULL	NULL	NULL	NULL	NULL	NULL	NULL
3087	Exposed Flesh	NULL	NULL	NULL	NULL	NULL	NULL	NULL	NULL
3088	Flesh of Flint	NULL	NULL	NULL	NULL	NULL	NULL	NULL	NULL
3089	Weaken Flesh	NULL	NULL	NULL	NULL	NULL	NULL	NULL	NULL
3090	Thin Skin	NULL	NULL	NULL	NULL	NULL	NULL	NULL	NULL
3091	Thin Skin	NULL	NULL	NULL	NULL	NULL	NULL	NULL	NULL
3092	Lesser Skin of the Fiazhat	NULL	NULL	NULL	NULL	NULL	NULL	NULL	NULL
3093	Minor Skin of the Fiazhat	NULL	NULL	NULL	NULL	NULL	NULL	NULL	NULL
3094	Skin of the Fiazhat	NULL	NULL	NULL	NULL	NULL	NULL	NULL	NULL
3095	Crypt of Jexki Ki	NULL	NULL	NULL	NULL	NULL	NULL	NULL	NULL
3096	Crypt of Ibrexi Jekti	NULL	NULL	NULL	NULL	NULL	NULL	NULL	NULL
3097	Hall of the Guardians	NULL	NULL	NULL	NULL	NULL	NULL	NULL	NULL
3098	Hall of the Greater Guardians	NULL	NULL	NULL	NULL	NULL	NULL	NULL	NULL
3099	Hall of the Lesser Guardians	NULL	NULL	NULL	NULL	NULL	NULL	NULL	NULL
3100	Antechamber of Ixir Zi's Temple	NULL	NULL	NULL	NULL	NULL	NULL	NULL	NULL
3101	Crypt of Ixir Zi	NULL	NULL	NULL	NULL	NULL	NULL	NULL	NULL
3102	Kivik Lir's Temple	NULL	NULL	NULL	NULL	NULL	NULL	NULL	NULL
3103	Crypt of Kixkti Xri	NULL	NULL	NULL	NULL	NULL	NULL	NULL	NULL
3104	Hall of the Arbiter	NULL	NULL	NULL	NULL	NULL	NULL	NULL	NULL
3105	Hall of the Arbiter	NULL	NULL	NULL	NULL	NULL	NULL	NULL	NULL
3106	Hall of the Arbiter	NULL	NULL	NULL	NULL	NULL	NULL	NULL	NULL
3107	Flay Soul	1	NULL	NULL	NULL	NULL	NULL	NULL	NULL
3108	Flay Soul	1	NULL	NULL	NULL	NULL	NULL	NULL	NULL
3109	Liquefy Flesh	32	NULL	NULL	NULL	NULL	NULL	NULL	NULL
3110	Sear Flesh	16	NULL	NULL	NULL	NULL	NULL	NULL	NULL
3111	Soul Hammer	4	NULL	NULL	NULL	NULL	NULL	NULL	NULL
3112	Soul Spike	2	NULL	NULL	NULL	NULL	NULL	NULL	NULL
3113	Flay Soul	1	NULL	NULL	NULL	NULL	NULL	NULL	NULL
3114	Liquefy Flesh	32	NULL	NULL	NULL	NULL	NULL	NULL	NULL
3115	Sear Flesh	16	NULL	NULL	NULL	NULL	NULL	NULL	NULL
3116	Soul Hammer	4	NULL	NULL	NULL	NULL	NULL	NULL	NULL
3117	Soul Spike	2	NULL	NULL	NULL	NULL	NULL	NULL	NULL
3118	Liquefy Flesh	32	NULL	NULL	NULL	NULL	NULL	NULL	NULL
3119	Sear Flesh	16	NULL	NULL	NULL	NULL	NULL	NULL	NULL
3120	Soul Hammer	4	NULL	NULL	NULL	NULL	NULL	NULL	NULL
3121	Soul Spike	2	NULL	NULL	NULL	NULL	NULL	NULL	NULL
3122	Sacrificial Edge	2	NULL	NULL	NULL	NULL	NULL	NULL	NULL
3123	Sacrificial Edges	2	NULL	NULL	NULL	NULL	NULL	NULL	NULL
3124	Blight Mana	NULL	NULL	NULL	NULL	NULL	NULL	NULL	NULL
3125	EnervateBeing	NULL	NULL	NULL	NULL	NULL	NULL	NULL	NULL
3126	Poison Health	NULL	NULL	NULL	NULL	NULL	NULL	NULL	NULL
3127	Fell Wind	NULL	NULL	NULL	NULL	NULL	NULL	NULL	NULL
3128	Infected Blood	NULL	NULL	NULL	NULL	NULL	NULL	NULL	NULL
3129	Infirmed Mana	NULL	NULL	NULL	NULL	NULL	NULL	NULL	NULL
3130	Halls of Liazk Itzi	NULL	NULL	NULL	NULL	NULL	NULL	NULL	NULL
3131	Halls of Liazk Itzi	NULL	NULL	NULL	NULL	NULL	NULL	NULL	NULL
3132	Halls of Liazk Itzi	NULL	NULL	NULL	NULL	NULL	NULL	NULL	NULL
3133	Halls of Liazk Itzi	NULL	NULL	NULL	NULL	NULL	NULL	NULL	NULL
3134	Halls of Liazk Itzi	NULL	NULL	NULL	NULL	NULL	NULL	NULL	NULL
3135	Halls of Liazk Itzi	NULL	NULL	NULL	NULL	NULL	NULL	NULL	NULL
3136	Halls of Liazk Itzi	NULL	NULL	NULL	NULL	NULL	NULL	NULL	NULL
3137	Halls of Liazk Itzi	NULL	NULL	NULL	NULL	NULL	NULL	NULL	NULL
3138	Antechamber of Liazk Itzi	NULL	NULL	NULL	NULL	NULL	NULL	NULL	NULL
3139	Liazk Itzi's Crypt	NULL	NULL	NULL	NULL	NULL	NULL	NULL	NULL
3140	Lair of Liazk Itzi	NULL	NULL	NULL	NULL	NULL	NULL	NULL	NULL
3141	Lair of Liazk Itzi	NULL	NULL	NULL	NULL	NULL	NULL	NULL	NULL
3142	Lair of Liazk Itzi	NULL	NULL	NULL	NULL	NULL	NULL	NULL	NULL
3143	Lair of Liazk Itzi	NULL	NULL	NULL	NULL	NULL	NULL	NULL	NULL
3144	Liazk Itzi Guardians	NULL	NULL	NULL	NULL	NULL	NULL	NULL	NULL
3145	Liazk Itzi Guardians	NULL	NULL	NULL	NULL	NULL	NULL	NULL	NULL
3146	Liazk Itzi Guardians	NULL	NULL	NULL	NULL	NULL	NULL	NULL	NULL
3147	Liazk Itzi Guardians	NULL	NULL	NULL	NULL	NULL	NULL	NULL	NULL
3148	Liazk Itzi's Offering Room	NULL	NULL	NULL	NULL	NULL	NULL	NULL	NULL
3149	Liazk Itzi's Offering Room	NULL	NULL	NULL	NULL	NULL	NULL	NULL	NULL
3150	Liazk Itzi's Offering Room	NULL	NULL	NULL	NULL	NULL	NULL	NULL	NULL
3151	Liazk Itzi's Offering Room	NULL	NULL	NULL	NULL	NULL	NULL	NULL	NULL
3152	Inferior Scythe Aegis	NULL	NULL	NULL	NULL	NULL	NULL	NULL	NULL
3153	Lesser Scythe Aegis	NULL	NULL	NULL	NULL	NULL	NULL	NULL	NULL
3154	Scythe Aegis	NULL	NULL	NULL	NULL	NULL	NULL	NULL	NULL
3155	Lesser Alacrity of the Conclave	NULL	NULL	NULL	NULL	NULL	NULL	NULL	NULL
3156	Alacrity of the Conclave	NULL	NULL	NULL	NULL	NULL	NULL	NULL	NULL
3157	Greater Alacrity of the Conclave	NULL	NULL	NULL	NULL	NULL	NULL	NULL	NULL
3158	Superior Alacrity of the Conclave	NULL	NULL	NULL	NULL	NULL	NULL	NULL	NULL
3159	Lesser Vivify the Conclave	NULL	NULL	NULL	NULL	NULL	NULL	NULL	NULL
3160	Vivify the Conclave	NULL	NULL	NULL	NULL	NULL	NULL	NULL	NULL
3161	Greater Vivify the Conclave	NULL	NULL	NULL	NULL	NULL	NULL	NULL	NULL
3162	Superior Vivify the Conclave	NULL	NULL	NULL	NULL	NULL	NULL	NULL	NULL
3163	Lesser Acumen of the Conclave	NULL	NULL	NULL	NULL	NULL	NULL	NULL	NULL
3164	Acumen of the Conclave	NULL	NULL	NULL	NULL	NULL	NULL	NULL	NULL
3165	Greater Acumen of the Conclave	NULL	NULL	NULL	NULL	NULL	NULL	NULL	NULL
3166	Superior Acumen of the Conclave	NULL	NULL	NULL	NULL	NULL	NULL	NULL	NULL
3167	Lesser Speed the Conclave	NULL	NULL	NULL	NULL	NULL	NULL	NULL	NULL
3168	Speed the Conclave	NULL	NULL	NULL	NULL	NULL	NULL	NULL	NULL
3169	Greater Speed the Conclave	NULL	NULL	NULL	NULL	NULL	NULL	NULL	NULL
3170	Superior Speed the Conclave	NULL	NULL	NULL	NULL	NULL	NULL	NULL	NULL
3171	Lesser Volition of the Conclave	NULL	NULL	NULL	NULL	NULL	NULL	NULL	NULL
3172	Volition of the Conclave	NULL	NULL	NULL	NULL	NULL	NULL	NULL	NULL
3173	Greater Volition of the Conclave	NULL	NULL	NULL	NULL	NULL	NULL	NULL	NULL
3174	Superior Volition of the Conclave	NULL	NULL	NULL	NULL	NULL	NULL	NULL	NULL
3175	Lesser Empowering the Conclave	NULL	NULL	NULL	NULL	NULL	NULL	NULL	NULL
3176	Empowering the Conclave	NULL	NULL	NULL	NULL	NULL	NULL	NULL	NULL
3177	Greater Empowering the Conclave	NULL	NULL	NULL	NULL	NULL	NULL	NULL	NULL
3178	Superior Empowering the Conclave	NULL	NULL	NULL	NULL	NULL	NULL	NULL	NULL
3179	Eradicate All Magic Other	NULL	NULL	0	NULL	NULL	0	335	2
3180	Eradicate All Magic Self	NULL	NULL	0	NULL	NULL	0	335	2
3181	Nullify All Magic Other	NULL	NULL	0	NULL	NULL	0	285	1
3182	Nullify All Magic Self	NULL	NULL	0	NULL	NULL	0	285	1
3183	Nullify All Magic Self	NULL	NULL	0	NULL	NULL	0	285	0
3184	Eradicate Creature Magic Other	NULL	NULL	4	NULL	NULL	0	335	2
3185	Eradicate Creature Magic Self	NULL	NULL	4	NULL	NULL	0	335	2
3186	Nullify Creature Magic Other	NULL	NULL	4	NULL	NULL	0	285	1
3187	Nullify Creature Magic Self	NULL	NULL	4	NULL	NULL	0	285	1
3188	Nullify Creature Magic Other	NULL	NULL	4	NULL	NULL	0	285	0
3189	Nullify Creature Magic Self	NULL	NULL	4	NULL	NULL	0	285	0
3190	Eradicate Item Magic	NULL	NULL	3	NULL	NULL	0	335	2
3191	Nullify Item Magic	NULL	NULL	3	NULL	NULL	0	285	1
3192	Nullify Item Magic	NULL	NULL	3	NULL	NULL	0	285	0
3193	Eradicate Life Magic Other	NULL	NULL	2	NULL	NULL	0	335	2
3194	Eradicate Life Magic Self	NULL	NULL	2	NULL	NULL	0	335	2
3195	Nullify Life Magic Other	NULL	NULL	2	NULL	NULL	0	285	1
3196	Nullify Life Magic Self	NULL	NULL	2	NULL	NULL	0	285	1
3197	Nullify Life Magic Other	NULL	NULL	2	NULL	NULL	0	285	0
3198	Nullify Life Magic Self	NULL	NULL	2	NULL	NULL	0	285	0
3199	Minor Hermetic Link	NULL	NULL	NULL	NULL	NULL	NULL	NULL	NULL
3200	Major Hermetic Link	NULL	NULL	NULL	NULL	NULL	NULL	NULL	NULL
3201	Feeble Hermetic Link	NULL	NULL	NULL	NULL	NULL	NULL	NULL	NULL
3202	Moderate Hermetic Link	NULL	NULL	NULL	NULL	NULL	NULL	NULL	NULL
3203	Eradicate All Magic Other	NULL	NULL	0	NULL	NULL	0	335	2
3204	Blazing Heart	NULL	NULL	NULL	NULL	NULL	NULL	NULL	NULL
3205	Good Eating	NULL	NULL	NULL	NULL	NULL	NULL	NULL	NULL
3206	Enliven	NULL	NULL	NULL	NULL	NULL	NULL	NULL	NULL
3207	Ore Fire	NULL	NULL	NULL	NULL	NULL	NULL	NULL	NULL
3208	Innervate	NULL	NULL	NULL	NULL	NULL	NULL	NULL	NULL
3209	Refreshment	NULL	NULL	NULL	NULL	NULL	NULL	NULL	NULL
3210	Agitate	NULL	NULL	NULL	NULL	NULL	NULL	NULL	NULL
3211	Annoyance	NULL	NULL	NULL	NULL	NULL	NULL	NULL	NULL
3212	Guilt Trip	NULL	NULL	NULL	NULL	NULL	NULL	NULL	NULL
3213	Heart Ache	NULL	NULL	NULL	NULL	NULL	NULL	NULL	NULL
3214	Sorrow	NULL	NULL	NULL	NULL	NULL	NULL	NULL	NULL
3215	Underfoot	NULL	NULL	NULL	NULL	NULL	NULL	NULL	NULL
3216	Transport to the Forbidden Catacombs	NULL	NULL	NULL	NULL	NULL	NULL	NULL	NULL
3217	Cascade	NULL	NULL	NULL	NULL	NULL	NULL	NULL	NULL
3218	Greater Cascade	NULL	NULL	NULL	NULL	NULL	NULL	NULL	NULL
3219	Lesser Cascade	NULL	NULL	NULL	NULL	NULL	NULL	NULL	NULL
3220	Cascade	NULL	NULL	NULL	NULL	NULL	NULL	NULL	NULL
3221	Greater Cascade	NULL	NULL	NULL	NULL	NULL	NULL	NULL	NULL
3222	Lesser Cascade	NULL	NULL	NULL	NULL	NULL	NULL	NULL	NULL
3223	Cascade	NULL	NULL	NULL	NULL	NULL	NULL	NULL	NULL
3224	Greater Cascade	NULL	NULL	NULL	NULL	NULL	NULL	NULL	NULL
3225	Lesser Cascade	NULL	NULL	NULL	NULL	NULL	NULL	NULL	NULL
3226	Cascade	NULL	NULL	NULL	NULL	NULL	NULL	NULL	NULL
3227	Greater Cascade	NULL	NULL	NULL	NULL	NULL	NULL	NULL	NULL
3228	Lesser Cascade	NULL	NULL	NULL	NULL	NULL	NULL	NULL	NULL
3229	Cascade	NULL	NULL	NULL	NULL	NULL	NULL	NULL	NULL
3230	Greater Cascade	NULL	NULL	NULL	NULL	NULL	NULL	NULL	NULL
3231	Lesser Cascade	NULL	NULL	NULL	NULL	NULL	NULL	NULL	NULL
3232	Cascade	NULL	NULL	NULL	NULL	NULL	NULL	NULL	NULL
3233	Greater Cascade	NULL	NULL	NULL	NULL	NULL	NULL	NULL	NULL
3234	Lesser Cascade	NULL	NULL	NULL	NULL	NULL	NULL	NULL	NULL
3235	Dark Power	NULL	NULL	NULL	NULL	NULL	NULL	NULL	NULL
3236	Restorative Draught	NULL	128	NULL	NULL	60	NULL	NULL	NULL
3237	Fanaticism	NULL	NULL	NULL	NULL	NULL	NULL	NULL	NULL
3238	Portal to Nanner Island	NULL	NULL	NULL	NULL	NULL	NULL	NULL	NULL
3239	Insight of the Khe	NULL	NULL	NULL	NULL	NULL	NULL	NULL	NULL
3240	Wisdom of the Khe	NULL	NULL	NULL	NULL	NULL	NULL	NULL	NULL
3241	Flame Burst	16	NULL	NULL	NULL	NULL	NULL	NULL	NULL
3242	Weave of Chorizite	NULL	NULL	NULL	NULL	NULL	NULL	NULL	NULL
3243	Consecration	NULL	NULL	NULL	NULL	NULL	NULL	NULL	NULL
3244	Divine Manipulation	NULL	NULL	NULL	NULL	NULL	NULL	NULL	NULL
3245	Sacrosanct Touch	NULL	NULL	NULL	NULL	NULL	NULL	NULL	NULL
3246	Adja's Benefaction	NULL	NULL	NULL	NULL	NULL	NULL	NULL	NULL
3247	Adja's Favor	NULL	NULL	NULL	NULL	NULL	NULL	NULL	NULL
3248	Adja's Grace	NULL	NULL	NULL	NULL	NULL	NULL	NULL	NULL
3249	Ghostly Chorus	NULL	NULL	NULL	NULL	NULL	NULL	NULL	NULL
3250	Major Spirit Thirst	NULL	NULL	NULL	NULL	NULL	NULL	NULL	NULL
3251	Minor Spirit Thirst	NULL	NULL	NULL	NULL	NULL	NULL	NULL	NULL
3252	Spirit Thirst	NULL	NULL	NULL	NULL	NULL	NULL	NULL	NULL
3253	Aura of Spirit Drinker Self I	NULL	NULL	NULL	NULL	NULL	NULL	NULL	NULL
3254	Aura of Spirit Drinker Self II	NULL	NULL	NULL	NULL	NULL	NULL	NULL	NULL
3255	Aura of Spirit Drinker Self III	NULL	NULL	NULL	NULL	NULL	NULL	NULL	NULL
3256	Aura of Spirit Drinker Self IV	NULL	NULL	NULL	NULL	NULL	NULL	NULL	NULL
3257	Aura of Spirit Drinker Self V	NULL	NULL	NULL	NULL	NULL	NULL	NULL	NULL
3258	Aura of Spirit Drinker Self VI	NULL	NULL	NULL	NULL	NULL	NULL	NULL	NULL
3259	Aura of Infected Spirit Caress	NULL	NULL	NULL	NULL	NULL	NULL	NULL	NULL
3260	Spirit Loather I	NULL	NULL	NULL	NULL	NULL	NULL	NULL	NULL
3261	Spirit Loather II	NULL	NULL	NULL	NULL	NULL	NULL	NULL	NULL
3262	Spirit Loather III	NULL	NULL	NULL	NULL	NULL	NULL	NULL	NULL
3263	Spirit Loather IV	NULL	NULL	NULL	NULL	NULL	NULL	NULL	NULL
3264	Spirit Loather V	NULL	NULL	NULL	NULL	NULL	NULL	NULL	NULL
3265	Spirit Loather VI	NULL	NULL	NULL	NULL	NULL	NULL	NULL	NULL
3266	Spirit Pacification	NULL	NULL	NULL	NULL	NULL	NULL	NULL	NULL
3267	Bit Between Teeth	NULL	NULL	NULL	NULL	NULL	NULL	NULL	NULL
3268	Biting Bonds	NULL	NULL	NULL	NULL	NULL	NULL	NULL	NULL
3269	Under The Lash	NULL	NULL	NULL	NULL	NULL	NULL	NULL	NULL
3270	Hezhit's Safety	NULL	NULL	NULL	NULL	NULL	NULL	NULL	NULL
3271	Hezhit's Safety	NULL	NULL	NULL	NULL	NULL	NULL	NULL	NULL
3272	Hezhit's Safety	NULL	NULL	NULL	NULL	NULL	NULL	NULL	NULL
3273	Prison	NULL	NULL	NULL	NULL	NULL	NULL	NULL	NULL
3274	Prison	NULL	NULL	NULL	NULL	NULL	NULL	NULL	NULL
3275	Prison	NULL	NULL	NULL	NULL	NULL	NULL	NULL	NULL
3276	Prison	NULL	NULL	NULL	NULL	NULL	NULL	NULL	NULL
3277	Prison	NULL	NULL	NULL	NULL	NULL	NULL	NULL	NULL
3278	Prison	NULL	NULL	NULL	NULL	NULL	NULL	NULL	NULL
3279	Entrance to Hizk Ri's Temple	NULL	NULL	NULL	NULL	NULL	NULL	NULL	NULL
3280	Return to the Corridor	NULL	NULL	NULL	NULL	NULL	NULL	NULL	NULL
3281	Hizk Ri's Test	NULL	NULL	NULL	NULL	NULL	NULL	NULL	NULL
3282	Hizk Ri's Test	NULL	NULL	NULL	NULL	NULL	NULL	NULL	NULL
3283	Hizk Ri's Test	NULL	NULL	NULL	NULL	NULL	NULL	NULL	NULL
3284	Consort Hezhit	NULL	NULL	NULL	NULL	NULL	NULL	NULL	NULL
3285	Attendant Jrvik	NULL	NULL	NULL	NULL	NULL	NULL	NULL	NULL
3286	Well of Tears	NULL	NULL	NULL	NULL	NULL	NULL	NULL	NULL
3287	Well of Tears	NULL	NULL	NULL	NULL	NULL	NULL	NULL	NULL
3288	Well of Tears	NULL	NULL	NULL	NULL	NULL	NULL	NULL	NULL
3289	Patriarch Zixki	NULL	NULL	NULL	NULL	NULL	NULL	NULL	NULL
3290	Jrvik's Safety	NULL	NULL	NULL	NULL	NULL	NULL	NULL	NULL
3291	Jrvik's Safety	NULL	NULL	NULL	NULL	NULL	NULL	NULL	NULL
3292	Jrvik's Safety	NULL	NULL	NULL	NULL	NULL	NULL	NULL	NULL
3293	Prison	NULL	NULL	NULL	NULL	NULL	NULL	NULL	NULL
3294	Prison	NULL	NULL	NULL	NULL	NULL	NULL	NULL	NULL
3295	Prison	NULL	NULL	NULL	NULL	NULL	NULL	NULL	NULL
3296	Prison	NULL	NULL	NULL	NULL	NULL	NULL	NULL	NULL
3297	Prison	NULL	NULL	NULL	NULL	NULL	NULL	NULL	NULL
3298	Prison	NULL	NULL	NULL	NULL	NULL	NULL	NULL	NULL
3299	Zixk's Safety	NULL	NULL	NULL	NULL	NULL	NULL	NULL	NULL
3300	Zixk's Safety	NULL	NULL	NULL	NULL	NULL	NULL	NULL	NULL
3301	Zixk's Safety	NULL	NULL	NULL	NULL	NULL	NULL	NULL	NULL
3302	Prison	NULL	NULL	NULL	NULL	NULL	NULL	NULL	NULL
3303	Prison	NULL	NULL	NULL	NULL	NULL	NULL	NULL	NULL
3304	Prison	NULL	NULL	NULL	NULL	NULL	NULL	NULL	NULL
3305	Prison	NULL	NULL	NULL	NULL	NULL	NULL	NULL	NULL
3306	Prison	NULL	NULL	NULL	NULL	NULL	NULL	NULL	NULL
3307	Prison	NULL	NULL	NULL	NULL	NULL	NULL	NULL	NULL
3308	Flange Aegis	NULL	NULL	NULL	NULL	NULL	NULL	NULL	NULL
3309	Inferior Flange Aegis	NULL	NULL	NULL	NULL	NULL	NULL	NULL	NULL
3310	Inferior Lance Aegis	NULL	NULL	NULL	NULL	NULL	NULL	NULL	NULL
3311	Lance Aegis	NULL	NULL	NULL	NULL	NULL	NULL	NULL	NULL
3312	Lesser Flange Aegis	NULL	NULL	NULL	NULL	NULL	NULL	NULL	NULL
3313	Lesser Lance Aegis	NULL	NULL	NULL	NULL	NULL	NULL	NULL	NULL
3314	Chained to the Wall	NULL	NULL	NULL	NULL	NULL	NULL	NULL	NULL
3315	The Sewer	NULL	NULL	NULL	NULL	NULL	NULL	NULL	NULL
3316	The Sewer	NULL	NULL	NULL	NULL	NULL	NULL	NULL	NULL
3317	The Sewer	NULL	NULL	NULL	NULL	NULL	NULL	NULL	NULL
3318	Hizk Ri's Crypt	NULL	NULL	NULL	NULL	NULL	NULL	NULL	NULL
3319	Portal to Izji Qo's Temple	NULL	NULL	NULL	NULL	NULL	NULL	NULL	NULL
3320	Lesser Corrosive Ward	NULL	NULL	NULL	NULL	NULL	NULL	NULL	NULL
3321	Corrosive Ward	NULL	NULL	NULL	NULL	NULL	NULL	NULL	NULL
3322	Greater Corrosive Ward	NULL	NULL	NULL	NULL	NULL	NULL	NULL	NULL
3323	Superior Corrosive Ward	NULL	NULL	NULL	NULL	NULL	NULL	NULL	NULL
3324	Lesser Scythe Ward	NULL	NULL	NULL	NULL	NULL	NULL	NULL	NULL
3325	Scythe Ward	NULL	NULL	NULL	NULL	NULL	NULL	NULL	NULL
3326	Greater Scythe Ward	NULL	NULL	NULL	NULL	NULL	NULL	NULL	NULL
3327	Superior Scythe Ward	NULL	NULL	NULL	NULL	NULL	NULL	NULL	NULL
3328	Lesser Flange Ward	NULL	NULL	NULL	NULL	NULL	NULL	NULL	NULL
3329	Flange Ward	NULL	NULL	NULL	NULL	NULL	NULL	NULL	NULL
3330	Greater Flange Ward	NULL	NULL	NULL	NULL	NULL	NULL	NULL	NULL
3331	Superior Flange Ward	NULL	NULL	NULL	NULL	NULL	NULL	NULL	NULL
3332	Lesser Frore Ward	NULL	NULL	NULL	NULL	NULL	NULL	NULL	NULL
3333	Frore Ward	NULL	NULL	NULL	NULL	NULL	NULL	NULL	NULL
3334	Greater Frore Ward	NULL	NULL	NULL	NULL	NULL	NULL	NULL	NULL
3335	Superior Frore Ward	NULL	NULL	NULL	NULL	NULL	NULL	NULL	NULL
3336	Lesser Inferno Ward	NULL	NULL	NULL	NULL	NULL	NULL	NULL	NULL
3337	Inferno Ward	NULL	NULL	NULL	NULL	NULL	NULL	NULL	NULL
3338	Greater Inferno Ward	NULL	NULL	NULL	NULL	NULL	NULL	NULL	NULL
3339	Superior Inferno Ward	NULL	NULL	NULL	NULL	NULL	NULL	NULL	NULL
3340	Lesser Voltaic Ward	NULL	NULL	NULL	NULL	NULL	NULL	NULL	NULL
3341	Voltaic Ward	NULL	NULL	NULL	NULL	NULL	NULL	NULL	NULL
3342	Greater Voltaic Ward	NULL	NULL	NULL	NULL	NULL	NULL	NULL	NULL
3343	Superior Voltaic Ward	NULL	NULL	NULL	NULL	NULL	NULL	NULL	NULL
3344	Lesser Lance Ward	NULL	NULL	NULL	NULL	NULL	NULL	NULL	NULL
3345	Lance Ward	NULL	NULL	NULL	NULL	NULL	NULL	NULL	NULL
3346	Greater Lance Ward	NULL	NULL	NULL	NULL	NULL	NULL	NULL	NULL
3347	Superior Lance Ward	NULL	NULL	NULL	NULL	NULL	NULL	NULL	NULL
3348	Lesser Warden of the Clutch	NULL	NULL	NULL	NULL	NULL	NULL	NULL	NULL
3349	Inferior Warden of the Clutch	NULL	NULL	NULL	NULL	NULL	NULL	NULL	NULL
3350	Warden of the Clutch	NULL	NULL	NULL	NULL	NULL	NULL	NULL	NULL
3351	Potent Warden of the Clutch	NULL	NULL	NULL	NULL	NULL	NULL	NULL	NULL
3352	Lesser Guardian of the Clutch	NULL	NULL	NULL	NULL	NULL	NULL	NULL	NULL
3353	Inferior Guardian of the Clutch	NULL	NULL	NULL	NULL	NULL	NULL	NULL	NULL
3354	Guardian of the Clutch	NULL	NULL	NULL	NULL	NULL	NULL	NULL	NULL
3355	Potent Guardian of the Clutch	NULL	NULL	NULL	NULL	NULL	NULL	NULL	NULL
3356	Lesser Sanctifier of the Clutch	NULL	NULL	NULL	NULL	NULL	NULL	NULL	NULL
3357	Inferior Sanctifier of the Clutch	NULL	NULL	NULL	NULL	NULL	NULL	NULL	NULL
3358	Sanctifier of the Clutch	NULL	NULL	NULL	NULL	NULL	NULL	NULL	NULL
3359	Potent Sanctifier of the Clutch	NULL	NULL	NULL	NULL	NULL	NULL	NULL	NULL
3360	Entrance to the Burun Shrine	NULL	NULL	NULL	NULL	NULL	NULL	NULL	NULL
3361	The Art of Destruction	NULL	NULL	NULL	NULL	NULL	NULL	NULL	NULL
3362	Blessing of the Horn	NULL	NULL	NULL	NULL	NULL	NULL	NULL	NULL
3363	Blessing of the Scale	NULL	NULL	NULL	NULL	NULL	NULL	NULL	NULL
3364	Blessing of the Wing	NULL	NULL	NULL	NULL	NULL	NULL	NULL	NULL
3365	Gift of Enhancement	NULL	NULL	NULL	NULL	NULL	NULL	NULL	NULL
3366	The Heart's Touch	NULL	NULL	NULL	NULL	NULL	NULL	NULL	NULL
3367	Leaping Legs	NULL	NULL	NULL	NULL	NULL	NULL	NULL	NULL
3368	Mage's Understanding	NULL	NULL	NULL	NULL	NULL	NULL	NULL	NULL
3369	On the Run	NULL	NULL	NULL	NULL	NULL	NULL	NULL	NULL
3370	Power of Enchantment	NULL	NULL	NULL	NULL	NULL	NULL	NULL	NULL
3371	Greater Life Giver	NULL	NULL	NULL	NULL	NULL	NULL	NULL	NULL
3372	Debilitating Spore	NULL	256	NULL	NULL	-5000	NULL	NULL	NULL
3373	Diseased Air	NULL	512	NULL	NULL	-5000	NULL	NULL	NULL
3374	Kivik Lir's Scorn	NULL	NULL	NULL	NULL	NULL	NULL	NULL	NULL
3375	Fungal Bloom	NULL	NULL	NULL	NULL	NULL	NULL	NULL	NULL
3376	Lesser Vision Beyond the Grave	NULL	NULL	NULL	NULL	NULL	NULL	NULL	NULL
3377	Minor Vision Beyond the Grave	NULL	NULL	NULL	NULL	NULL	NULL	NULL	NULL
3378	Vision Beyond the Grave	NULL	NULL	NULL	NULL	NULL	NULL	NULL	NULL
3379	Vitae	NULL	NULL	NULL	NULL	NULL	NULL	NULL	NULL
3380	Vitae	NULL	NULL	NULL	NULL	NULL	NULL	NULL	NULL
3381	Debilitating Spore	NULL	256	NULL	NULL	-5000	NULL	NULL	NULL
3382	Diseased Air	NULL	512	NULL	NULL	-5000	NULL	NULL	NULL
3383	Fungal Bloom	NULL	NULL	NULL	NULL	NULL	NULL	NULL	NULL
3384	Lesser Conjurant Chant	NULL	NULL	NULL	NULL	NULL	NULL	NULL	NULL
3385	Conjurant Chant	NULL	NULL	NULL	NULL	NULL	NULL	NULL	NULL
3386	Greater Conjurant Chant	NULL	NULL	NULL	NULL	NULL	NULL	NULL	NULL
3387	Superior Conjurant Chant	NULL	NULL	NULL	NULL	NULL	NULL	NULL	NULL
3388	Lesser Artificant Chant	NULL	NULL	NULL	NULL	NULL	NULL	NULL	NULL
3389	Artificant Chant	NULL	NULL	NULL	NULL	NULL	NULL	NULL	NULL
3390	Greater Artificant Chant	NULL	NULL	NULL	NULL	NULL	NULL	NULL	NULL
3391	Superior Artificant Chant	NULL	NULL	NULL	NULL	NULL	NULL	NULL	NULL
3392	Lesser Vitaeic Chant	NULL	NULL	NULL	NULL	NULL	NULL	NULL	NULL
3393	Vitaeic Chant	NULL	NULL	NULL	NULL	NULL	NULL	NULL	NULL
3394	Greater Vitaeic Chant	NULL	NULL	NULL	NULL	NULL	NULL	NULL	NULL
3395	Superior Vitaeic Chant	NULL	NULL	NULL	NULL	NULL	NULL	NULL	NULL
3396	Lesser Conveyic Chant	NULL	NULL	NULL	NULL	NULL	NULL	NULL	NULL
3397	Conveyic Chant	NULL	NULL	NULL	NULL	NULL	NULL	NULL	NULL
3398	Greater Conveyic Chant	NULL	NULL	NULL	NULL	NULL	NULL	NULL	NULL
3399	Superior Conveyic Chant	NULL	NULL	NULL	NULL	NULL	NULL	NULL	NULL
3400	Lesser Hieromantic Chant	NULL	NULL	NULL	NULL	NULL	NULL	NULL	NULL
3401	Hieromantic Chant	NULL	NULL	NULL	NULL	NULL	NULL	NULL	NULL
3402	Greater Hieromantic Chant	NULL	NULL	NULL	NULL	NULL	NULL	NULL	NULL
3403	Superior Hieromantic Chant	NULL	NULL	NULL	NULL	NULL	NULL	NULL	NULL
3404	Evil Thirst	NULL	NULL	NULL	NULL	NULL	NULL	NULL	NULL
3405	Gift of the Fiazhat	NULL	NULL	NULL	NULL	NULL	NULL	NULL	NULL
3406	Kivik Lir's Boon	NULL	NULL	NULL	NULL	NULL	NULL	NULL	NULL
3407	Lesser Evil Thirst	NULL	NULL	NULL	NULL	NULL	NULL	NULL	NULL
3408	Lesser Gift of the Fiazhat	NULL	NULL	NULL	NULL	NULL	NULL	NULL	NULL
3409	Minor Evil Thirst	NULL	NULL	NULL	NULL	NULL	NULL	NULL	NULL
3410	Minor Gift of the Fiazhat	NULL	NULL	NULL	NULL	NULL	NULL	NULL	NULL
3411	Portal spell to a Hidden Chamber	NULL	NULL	NULL	NULL	NULL	NULL	NULL	NULL
3412	Halls of Kivik Lir	NULL	NULL	NULL	NULL	NULL	NULL	NULL	NULL
3413	Lesser Arena of Kivik Lir	NULL	NULL	NULL	NULL	NULL	NULL	NULL	NULL
3414	Arena of Kivik Lir	NULL	NULL	NULL	NULL	NULL	NULL	NULL	NULL
3415	Greater Arena of Kivik Lir	NULL	NULL	NULL	NULL	NULL	NULL	NULL	NULL
3416	Gallery of Kivik Lir	NULL	NULL	NULL	NULL	NULL	NULL	NULL	NULL
3417	Gallery of Kivik Lir	NULL	NULL	NULL	NULL	NULL	NULL	NULL	NULL
3418	Gallery of Kivik Lir	NULL	NULL	NULL	NULL	NULL	NULL	NULL	NULL
3419	Crypt of Kivik Lir	NULL	NULL	NULL	NULL	NULL	NULL	NULL	NULL
3420	Lesser Haven of Kivik Lir	NULL	NULL	NULL	NULL	NULL	NULL	NULL	NULL
3421	Haven of Kivik Lir	NULL	NULL	NULL	NULL	NULL	NULL	NULL	NULL
3422	Greater Haven of Kivik Lir	NULL	NULL	NULL	NULL	NULL	NULL	NULL	NULL
3423	Trials of Kivik Lir	NULL	NULL	NULL	NULL	NULL	NULL	NULL	NULL
3424	Triumph Against the Trials	NULL	NULL	NULL	NULL	NULL	NULL	NULL	NULL
3425	Lyceum of Kivik Lir	NULL	NULL	NULL	NULL	NULL	NULL	NULL	NULL
3426	Greater Withering	32	NULL	NULL	NULL	NULL	NULL	NULL	NULL
3427	Lesser Withering	32	NULL	NULL	NULL	NULL	NULL	NULL	NULL
3428	Withering	32	NULL	NULL	NULL	NULL	NULL	NULL	NULL
3429	Kivik Lir's Venom	NULL	NULL	NULL	NULL	NULL	NULL	NULL	NULL
3430	Inferior Scourge Aegis	NULL	NULL	NULL	NULL	NULL	NULL	NULL	NULL
3431	Lesser Scourge Aegis	NULL	NULL	NULL	NULL	NULL	NULL	NULL	NULL
3432	Scourge Aegis	NULL	NULL	NULL	NULL	NULL	NULL	NULL	NULL
3433	Decay	NULL	NULL	NULL	NULL	NULL	NULL	NULL	NULL
3434	Eyes Beyond the Mist	NULL	NULL	NULL	NULL	NULL	NULL	NULL	NULL
3435	Greater Mucor Blight	NULL	NULL	NULL	NULL	NULL	NULL	NULL	NULL
3436	Lesser Eyes Beyond the Mist	NULL	NULL	NULL	NULL	NULL	NULL	NULL	NULL
3437	Lesser Mucor Blight	NULL	NULL	NULL	NULL	NULL	NULL	NULL	NULL
3438	Minor Eyes Beyond the Mist	NULL	NULL	NULL	NULL	NULL	NULL	NULL	NULL
3439	Mucor Blight	NULL	NULL	NULL	NULL	NULL	NULL	NULL	NULL
3440	Health of the Lugian	NULL	NULL	NULL	NULL	NULL	NULL	NULL	NULL
3441	Insight of the Lugian	NULL	NULL	NULL	NULL	NULL	NULL	NULL	NULL
3442	Stamina of the Lugian	NULL	NULL	NULL	NULL	NULL	NULL	NULL	NULL
3443	Blight of the Swamp	NULL	NULL	NULL	NULL	NULL	NULL	NULL	NULL
3444	Justice of The Sleeping One	NULL	NULL	4	NULL	NULL	0	350	1
3445	The Sleeping One's Purge	NULL	NULL	2	NULL	NULL	0	355	1
3446	Wrath of the Swamp	NULL	NULL	NULL	NULL	NULL	NULL	NULL	NULL
3447	Asphyxiating Spore Cloud	NULL	NULL	NULL	NULL	NULL	NULL	NULL	NULL
3448	Mass Blood Affliction	NULL	NULL	NULL	NULL	NULL	NULL	NULL	NULL
3449	Mass Blood Disease	NULL	NULL	NULL	NULL	NULL	NULL	NULL	NULL
3450	Cloud of Mold Spores	NULL	NULL	NULL	NULL	NULL	NULL	NULL	NULL
3451	Concussive Belch	4	NULL	NULL	NULL	NULL	NULL	NULL	NULL
3452	Concussive Wail	4	NULL	NULL	NULL	NULL	NULL	NULL	NULL
3453	Feelun Blight	16	NULL	NULL	NULL	NULL	NULL	NULL	NULL
3454	Wrath of the Feelun	16	NULL	NULL	NULL	NULL	NULL	NULL	NULL
3455	Koruu Cloud	8	NULL	NULL	NULL	NULL	NULL	NULL	NULL
3456	Koruu's Wrath	8	NULL	NULL	NULL	NULL	NULL	NULL	NULL
3457	Mana Bolt	8	NULL	NULL	NULL	NULL	NULL	NULL	NULL
3458	Mana Purge	8	NULL	NULL	NULL	NULL	NULL	NULL	NULL
3459	Mucor Cloud	32	NULL	NULL	NULL	NULL	NULL	NULL	NULL
3460	Dissolving Vortex	32	NULL	NULL	NULL	NULL	NULL	NULL	NULL
3461	Batter Flesh	NULL	NULL	NULL	NULL	NULL	NULL	NULL	NULL
3462	Canker Flesh	NULL	NULL	NULL	NULL	NULL	NULL	NULL	NULL
3463	Char Flesh	NULL	NULL	NULL	NULL	NULL	NULL	NULL	NULL
3464	Numb Flesh	NULL	NULL	NULL	NULL	NULL	NULL	NULL	NULL
3465	Blood Affliction	NULL	NULL	NULL	NULL	NULL	NULL	NULL	NULL
3466	Blood Disease	NULL	NULL	NULL	NULL	NULL	NULL	NULL	NULL
3467	Choking Spores	NULL	NULL	NULL	NULL	NULL	NULL	NULL	NULL
3468	Mold Spores	NULL	NULL	NULL	NULL	NULL	NULL	NULL	NULL
3469	Parasitic Affliction	NULL	NULL	NULL	NULL	NULL	NULL	NULL	NULL
3470	Lesser Endless Well	NULL	NULL	NULL	NULL	NULL	NULL	NULL	NULL
3471	The Endless Well	NULL	NULL	NULL	NULL	NULL	NULL	NULL	NULL
3472	Greater Endless Well	NULL	NULL	NULL	NULL	NULL	NULL	NULL	NULL
3473	Superior Endless Well	NULL	NULL	NULL	NULL	NULL	NULL	NULL	NULL
3474	Lesser Soothing Wind	NULL	NULL	NULL	NULL	NULL	NULL	NULL	NULL
3475	The Soothing Wind	NULL	NULL	NULL	NULL	NULL	NULL	NULL	NULL
3476	Greater Soothing Wind	NULL	NULL	NULL	NULL	NULL	NULL	NULL	NULL
3477	Superior Soothing Wind	NULL	NULL	NULL	NULL	NULL	NULL	NULL	NULL
3478	Lesser Golden Wind	NULL	NULL	NULL	NULL	NULL	NULL	NULL	NULL
3479	The Golden Wind	NULL	NULL	NULL	NULL	NULL	NULL	NULL	NULL
3480	Greater Golden Wind	NULL	NULL	NULL	NULL	NULL	NULL	NULL	NULL
3481	Superior Golden Wind	NULL	NULL	NULL	NULL	NULL	NULL	NULL	NULL
3482	Izji Qo's Antechamber	NULL	NULL	NULL	NULL	NULL	NULL	NULL	NULL
3483	Izji Qo's Defenders	NULL	NULL	NULL	NULL	NULL	NULL	NULL	NULL
3484	Izji Qo's Defenders	NULL	NULL	NULL	NULL	NULL	NULL	NULL	NULL
3485	Izji Qo's Defenders	NULL	NULL	NULL	NULL	NULL	NULL	NULL	NULL
3486	Into the Receiving Chamber	NULL	NULL	NULL	NULL	NULL	NULL	NULL	NULL
3487	Into the Receiving Chamber	NULL	NULL	NULL	NULL	NULL	NULL	NULL	NULL
3488	Into the Receiving Chamber	NULL	NULL	NULL	NULL	NULL	NULL	NULL	NULL
3489	Into the Receiving Chamber	NULL	NULL	NULL	NULL	NULL	NULL	NULL	NULL
3490	Into the Receiving Chamber	NULL	NULL	NULL	NULL	NULL	NULL	NULL	NULL
3491	Into the Receiving Chamber	NULL	NULL	NULL	NULL	NULL	NULL	NULL	NULL
3492	Into the Receiving Chamber	NULL	NULL	NULL	NULL	NULL	NULL	NULL	NULL
3493	Into the Receiving Chamber	NULL	NULL	NULL	NULL	NULL	NULL	NULL	NULL
3494	Izji Qo's Crypt	NULL	NULL	NULL	NULL	NULL	NULL	NULL	NULL
3495	Izji Qo's Test	NULL	NULL	NULL	NULL	NULL	NULL	NULL	NULL
3496	Inzji Qo's Test	NULL	NULL	NULL	NULL	NULL	NULL	NULL	NULL
3497	Izji Qo's Test	NULL	NULL	NULL	NULL	NULL	NULL	NULL	NULL
3498	Disintegrated	NULL	NULL	NULL	NULL	NULL	NULL	NULL	NULL
3499	Arcanum Salvaging Self I	NULL	NULL	NULL	NULL	NULL	NULL	NULL	NULL
3500	Arcanum Salvaging Self II	NULL	NULL	NULL	NULL	NULL	NULL	NULL	NULL
3501	Arcanum Salvaging Self III	NULL	NULL	NULL	NULL	NULL	NULL	NULL	NULL
3502	Arcanum Salvaging Self IV	NULL	NULL	NULL	NULL	NULL	NULL	NULL	NULL
3503	Arcanum Salvaging Self V	NULL	NULL	NULL	NULL	NULL	NULL	NULL	NULL
3504	Arcanum Salvaging Self VI	NULL	NULL	NULL	NULL	NULL	NULL	NULL	NULL
3505	Arcanum Salvaging VII	NULL	NULL	NULL	NULL	NULL	NULL	NULL	NULL
3506	Arcanum Enlightenment I	NULL	NULL	NULL	NULL	NULL	NULL	NULL	NULL
3507	Arcanum Enlightenment II	NULL	NULL	NULL	NULL	NULL	NULL	NULL	NULL
3508	Arcanum Enlightenment III	NULL	NULL	NULL	NULL	NULL	NULL	NULL	NULL
3509	Arcanum Enlightenment IV	NULL	NULL	NULL	NULL	NULL	NULL	NULL	NULL
3510	Arcanum Enlightenment V	NULL	NULL	NULL	NULL	NULL	NULL	NULL	NULL
3511	Arcanum Enlightenment VI	NULL	NULL	NULL	NULL	NULL	NULL	NULL	NULL
3512	Arcanum Enlightenment VII	NULL	NULL	NULL	NULL	NULL	NULL	NULL	NULL
3513	Nuhmudira's Wisdom I	NULL	NULL	NULL	NULL	NULL	NULL	NULL	NULL
3514	Nuhmudira's Wisdom II	NULL	NULL	NULL	NULL	NULL	NULL	NULL	NULL
3515	Nuhmudira's Wisdom III	NULL	NULL	NULL	NULL	NULL	NULL	NULL	NULL
3516	Nuhmudira's Wisdom IV	NULL	NULL	NULL	NULL	NULL	NULL	NULL	NULL
3517	Nuhmudira's Wisdom V	NULL	NULL	NULL	NULL	NULL	NULL	NULL	NULL
3518	Nuhmudira's Wisdom VI	NULL	NULL	NULL	NULL	NULL	NULL	NULL	NULL
3519	Nuhmudira's Wisdom VII	NULL	NULL	NULL	NULL	NULL	NULL	NULL	NULL
3520	Nuhmudira's Enlightenment I	NULL	NULL	NULL	NULL	NULL	NULL	NULL	NULL
3521	Nuhmudira's Enlightenment II	NULL	NULL	NULL	NULL	NULL	NULL	NULL	NULL
3522	Nuhmudira's Enlightenment III	NULL	NULL	NULL	NULL	NULL	NULL	NULL	NULL
3523	Nuhmudira's Enlightenment IV	NULL	NULL	NULL	NULL	NULL	NULL	NULL	NULL
3524	Nuhmudira's Enlightenment V	NULL	NULL	NULL	NULL	NULL	NULL	NULL	NULL
3525	Nuhmudira Enlightenment VI	NULL	NULL	NULL	NULL	NULL	NULL	NULL	NULL
3526	Nuhmudira's Enlightenment	NULL	NULL	NULL	NULL	NULL	NULL	NULL	NULL
3527	Intoxication I	NULL	NULL	NULL	NULL	NULL	NULL	NULL	NULL
3528	Intoxication II	NULL	NULL	NULL	NULL	NULL	NULL	NULL	NULL
3529	Intoxication III	NULL	NULL	NULL	NULL	NULL	NULL	NULL	NULL
3530	Ketnan's Eye	NULL	NULL	NULL	NULL	NULL	NULL	NULL	NULL
3531	Bobo's Quickening	NULL	NULL	NULL	NULL	NULL	NULL	NULL	NULL
3532	Bobo's Focused Blessing	NULL	NULL	NULL	NULL	NULL	NULL	NULL	NULL
3533	Brighteyes' Favor	NULL	NULL	NULL	NULL	NULL	NULL	NULL	NULL
3534	Free Ride to the K'nath Lair	NULL	NULL	NULL	NULL	NULL	NULL	NULL	NULL
3535	Free Ride to Sanamar	NULL	NULL	NULL	NULL	NULL	NULL	NULL	NULL
3536	Portal Sending	NULL	NULL	NULL	NULL	NULL	NULL	NULL	NULL
3537	Portal Sending	NULL	NULL	NULL	NULL	NULL	NULL	NULL	NULL
3538	Portal Sending	NULL	NULL	NULL	NULL	NULL	NULL	NULL	NULL
3539	Portal Sending	NULL	NULL	NULL	NULL	NULL	NULL	NULL	NULL
3540	Portal Sending	NULL	NULL	NULL	NULL	NULL	NULL	NULL	NULL
3541	Portal Sending	NULL	NULL	NULL	NULL	NULL	NULL	NULL	NULL
3542	Portal Sending	NULL	NULL	NULL	NULL	NULL	NULL	NULL	NULL
3543	Portal Sending	NULL	NULL	NULL	NULL	NULL	NULL	NULL	NULL
3544	Portal Sending	NULL	NULL	NULL	NULL	NULL	NULL	NULL	NULL
3545	Portal Sending	NULL	NULL	NULL	NULL	NULL	NULL	NULL	NULL
3546	Portal Sending	NULL	NULL	NULL	NULL	NULL	NULL	NULL	NULL
3547	Portal Sending	NULL	NULL	NULL	NULL	NULL	NULL	NULL	NULL
3548	Portal Sending	NULL	NULL	NULL	NULL	NULL	NULL	NULL	NULL
3549	Portal Sending	NULL	NULL	NULL	NULL	NULL	NULL	NULL	NULL
3550	Portal Sending	NULL	NULL	NULL	NULL	NULL	NULL	NULL	NULL
3551	Portal Sending	NULL	NULL	NULL	NULL	NULL	NULL	NULL	NULL
3552	Portal Sending	NULL	NULL	NULL	NULL	NULL	NULL	NULL	NULL
3553	Portal Sending	NULL	NULL	NULL	NULL	NULL	NULL	NULL	NULL
3554	Portal Sending	NULL	NULL	NULL	NULL	NULL	NULL	NULL	NULL
3555	Portal Sending	NULL	NULL	NULL	NULL	NULL	NULL	NULL	NULL
3556	Portal Sending	NULL	NULL	NULL	NULL	NULL	NULL	NULL	NULL
3557	Portal Sending	NULL	NULL	NULL	NULL	NULL	NULL	NULL	NULL
3558	Portal Sending	NULL	NULL	NULL	NULL	NULL	NULL	NULL	NULL
3559	Portal Sending	NULL	NULL	NULL	NULL	NULL	NULL	NULL	NULL
3560	Portal Sending	NULL	NULL	NULL	NULL	NULL	NULL	NULL	NULL
3561	Portal Sending	NULL	NULL	NULL	NULL	NULL	NULL	NULL	NULL
3562	Portal Sending	NULL	NULL	NULL	NULL	NULL	NULL	NULL	NULL
3563	Portal Sending	NULL	NULL	NULL	NULL	NULL	NULL	NULL	NULL
3564	Portal Sending	NULL	NULL	NULL	NULL	NULL	NULL	NULL	NULL
3565	Portal Sending	NULL	NULL	NULL	NULL	NULL	NULL	NULL	NULL
3566	Portal Sending	NULL	NULL	NULL	NULL	NULL	NULL	NULL	NULL
3567	Fiun Flee	NULL	NULL	NULL	NULL	NULL	NULL	NULL	NULL
3568	Fiun Efficiency	NULL	NULL	NULL	NULL	NULL	NULL	NULL	NULL
3569	Mana Boost	NULL	NULL	NULL	NULL	NULL	NULL	NULL	NULL
3570	Stamina Boost	NULL	NULL	NULL	NULL	NULL	NULL	NULL	NULL
3571	Health Boost	NULL	NULL	NULL	NULL	NULL	NULL	NULL	NULL
3572	Inner Brilliance	NULL	NULL	NULL	NULL	NULL	NULL	NULL	NULL
3573	Inner Might	NULL	NULL	NULL	NULL	NULL	NULL	NULL	NULL
3574	Inner Will	NULL	NULL	NULL	NULL	NULL	NULL	NULL	NULL
3575	Perfect Balance	NULL	NULL	NULL	NULL	NULL	NULL	NULL	NULL
3576	Perfect Health	NULL	NULL	NULL	NULL	NULL	NULL	NULL	NULL
3577	Perfect Speed	NULL	NULL	NULL	NULL	NULL	NULL	NULL	NULL
3578	Depths of Liazk Itzi's Temple	NULL	NULL	NULL	NULL	NULL	NULL	NULL	NULL
3579	Underpassage of Liazk Itzi's Temple	NULL	NULL	NULL	NULL	NULL	NULL	NULL	NULL
3580	Center of Liazk Itzi's Temple	NULL	NULL	NULL	NULL	NULL	NULL	NULL	NULL
3581	Secrets of Liazk Itzi's Temple	NULL	NULL	NULL	NULL	NULL	NULL	NULL	NULL
3582	Eaten!	NULL	NULL	NULL	NULL	NULL	NULL	NULL	NULL
3583	Regurgitated	NULL	NULL	NULL	NULL	NULL	NULL	NULL	NULL
3584	Qin Xikit's Receiving Chamber	NULL	NULL	NULL	NULL	NULL	NULL	NULL	NULL
3585	Eaten!	NULL	NULL	NULL	NULL	NULL	NULL	NULL	NULL
3586	Qin Xikit's Antechamber	NULL	NULL	NULL	NULL	NULL	NULL	NULL	NULL
3587	Portal Sending	NULL	NULL	NULL	NULL	NULL	NULL	NULL	NULL
3588	Secrets of Qin Xikit's Temple	NULL	NULL	NULL	NULL	NULL	NULL	NULL	NULL
3589	Qin Xikit's Tomb	NULL	NULL	NULL	NULL	NULL	NULL	NULL	NULL
3590	Regurgitated!	NULL	NULL	NULL	NULL	NULL	NULL	NULL	NULL
3591	Access to Xi Ru's Font	NULL	NULL	NULL	NULL	NULL	NULL	NULL	NULL
3592	Qin Xikit's Island	NULL	NULL	NULL	NULL	NULL	NULL	NULL	NULL
3593	Eaten!	NULL	NULL	NULL	NULL	NULL	NULL	NULL	NULL
3594	Underpassage of Hizk Ri's Temple	NULL	NULL	NULL	NULL	NULL	NULL	NULL	NULL
3595	Underpassage of Hizk Ri's Temple	NULL	NULL	NULL	NULL	NULL	NULL	NULL	NULL
3596	Center of Hizk Ri's Temple	NULL	NULL	NULL	NULL	NULL	NULL	NULL	NULL
3597	Secrets of Hizk Ri's Temple	NULL	NULL	NULL	NULL	NULL	NULL	NULL	NULL
3598	Regurgitated	NULL	NULL	NULL	NULL	NULL	NULL	NULL	NULL
3599	Eaten!	NULL	NULL	NULL	NULL	NULL	NULL	NULL	NULL
3600	Depths of Ixir Zi's Temple	NULL	NULL	NULL	NULL	NULL	NULL	NULL	NULL
3601	Underpassage of Ixir Zi's Temple	NULL	NULL	NULL	NULL	NULL	NULL	NULL	NULL
3602	Center of Ixir Zi's Temple	NULL	NULL	NULL	NULL	NULL	NULL	NULL	NULL
3603	Secrets of Ixir Zi's Temple	NULL	NULL	NULL	NULL	NULL	NULL	NULL	NULL
3604	Regurgitated	NULL	NULL	NULL	NULL	NULL	NULL	NULL	NULL
3605	Portal to Cragstone	NULL	NULL	NULL	NULL	NULL	NULL	NULL	NULL
3606	Eaten!	NULL	NULL	NULL	NULL	NULL	NULL	NULL	NULL
3607	Depth's of Izji Qo's Temple	NULL	NULL	NULL	NULL	NULL	NULL	NULL	NULL
3608	Underpassage of Izji Qo's Temple	NULL	NULL	NULL	NULL	NULL	NULL	NULL	NULL
3609	Center of Izji Qo's Temple	NULL	NULL	NULL	NULL	NULL	NULL	NULL	NULL
3610	Secrets of Izji Qo's Temple	NULL	NULL	NULL	NULL	NULL	NULL	NULL	NULL
3611	Regurgitated	NULL	NULL	NULL	NULL	NULL	NULL	NULL	NULL
3612	Eaten!	NULL	NULL	NULL	NULL	NULL	NULL	NULL	NULL
3613	Regurgitated	NULL	NULL	NULL	NULL	NULL	NULL	NULL	NULL
3614	Underpassage of Kivik Lir's Temple	NULL	NULL	NULL	NULL	NULL	NULL	NULL	NULL
3615	Center of Kivik Lir's Temple	NULL	NULL	NULL	NULL	NULL	NULL	NULL	NULL
3616	Secrets of Kivik Lir's Temple	NULL	NULL	NULL	NULL	NULL	NULL	NULL	NULL
3617	Depths of Kivik Lir's Temple	NULL	NULL	NULL	NULL	NULL	NULL	NULL	NULL
3618	Portal to Western Aphus Lassel	NULL	NULL	NULL	NULL	NULL	NULL	NULL	NULL
3619	Portal to the Black Death Catacombs	NULL	NULL	NULL	NULL	NULL	NULL	NULL	NULL
3620	Portal to Black Spawn Den	NULL	NULL	NULL	NULL	NULL	NULL	NULL	NULL
3621	Portal to Black Spawn Den	NULL	NULL	NULL	NULL	NULL	NULL	NULL	NULL
3622	Portal to Black Spawn Den	NULL	NULL	NULL	NULL	NULL	NULL	NULL	NULL
3623	Portal to Center of the Obsidian Plains	NULL	NULL	NULL	NULL	NULL	NULL	NULL	NULL
3624	Portal to Hills Citadel	NULL	NULL	NULL	NULL	NULL	NULL	NULL	NULL
3625	Portal to the Kara Wetlands	NULL	NULL	NULL	NULL	NULL	NULL	NULL	NULL
3626	Portal to the Marescent Plateau Base	NULL	NULL	NULL	NULL	NULL	NULL	NULL	NULL
3627	Portal to Neydisa Castle	NULL	NULL	NULL	NULL	NULL	NULL	NULL	NULL
3628	Portal to the Northern Landbridge	NULL	NULL	NULL	NULL	NULL	NULL	NULL	NULL
3629	Portal to the Olthoi Horde Nest	NULL	NULL	NULL	NULL	NULL	NULL	NULL	NULL
3630	Portal to the Olthoi North	NULL	NULL	NULL	NULL	NULL	NULL	NULL	NULL
3631	Portal to the Renegade Fortress	NULL	NULL	NULL	NULL	NULL	NULL	NULL	NULL
3632	Portal to Ridge Citadel	NULL	NULL	NULL	NULL	NULL	NULL	NULL	NULL
3633	Portal to the Southern Landbridge	NULL	NULL	NULL	NULL	NULL	NULL	NULL	NULL
3634	Portal To Valley of Death	NULL	NULL	NULL	NULL	NULL	NULL	NULL	NULL
3635	Portal to Wilderness Citadel	NULL	NULL	NULL	NULL	NULL	NULL	NULL	NULL
3636	Kern's Boon	NULL	NULL	NULL	NULL	NULL	NULL	NULL	NULL
3637	Ranger's Boon	NULL	NULL	NULL	NULL	NULL	NULL	NULL	NULL
3638	Ranger's Boon	NULL	NULL	NULL	NULL	NULL	NULL	NULL	NULL
3639	Ranger's Boon	NULL	NULL	NULL	NULL	NULL	NULL	NULL	NULL
3640	Enchanter's Boon	NULL	NULL	NULL	NULL	NULL	NULL	NULL	NULL
3641	Hieromancer's Boon	NULL	NULL	NULL	NULL	NULL	NULL	NULL	NULL
3642	Fencer's Boon	NULL	NULL	NULL	NULL	NULL	NULL	NULL	NULL
3643	Life Giver's Boon	NULL	NULL	NULL	NULL	NULL	NULL	NULL	NULL
3644	Kern's Boon	NULL	NULL	NULL	NULL	NULL	NULL	NULL	NULL
3645	Kern's Boon	NULL	NULL	NULL	NULL	NULL	NULL	NULL	NULL
3646	Kern's Boon	NULL	NULL	NULL	NULL	NULL	NULL	NULL	NULL
3647	Kern's Boon	NULL	NULL	NULL	NULL	NULL	NULL	NULL	NULL
3648	Soldier's Boon	NULL	NULL	NULL	NULL	NULL	NULL	NULL	NULL
3649	Aerfalle's Embrace	NULL	NULL	NULL	NULL	NULL	NULL	NULL	NULL
3650	Aerfalle's Enforcement	NULL	NULL	NULL	NULL	NULL	NULL	NULL	NULL
3651	Aerfalle's Gaze	NULL	NULL	NULL	NULL	NULL	NULL	NULL	NULL
3652	Aerfalle's Touch	NULL	NULL	NULL	NULL	NULL	NULL	NULL	NULL
3653	Acid Blast III	32	NULL	NULL	NULL	NULL	NULL	NULL	NULL
3654	Acid Volley I	32	NULL	NULL	NULL	NULL	NULL	NULL	NULL
3655	Acid Volley II	32	NULL	NULL	NULL	NULL	NULL	NULL	NULL
3656	Blade Blast III	1	NULL	NULL	NULL	NULL	NULL	NULL	NULL
3657	Blade Blast IV	1	NULL	NULL	NULL	NULL	NULL	NULL	NULL
3658	Blade Volley I	1	NULL	NULL	NULL	NULL	NULL	NULL	NULL
3659	Blade Volley II	1	NULL	NULL	NULL	NULL	NULL	NULL	NULL
3660	Bludgeoning Volley I	4	NULL	NULL	NULL	NULL	NULL	NULL	NULL
3661	Bludgeoning Volley II	4	NULL	NULL	NULL	NULL	NULL	NULL	NULL
3662	Flame Blast I	16	NULL	NULL	NULL	NULL	NULL	NULL	NULL
3663	Flame Volley III	16	NULL	NULL	NULL	NULL	NULL	NULL	NULL
3664	Flame Volley IV	16	NULL	NULL	NULL	NULL	NULL	NULL	NULL
3665	Force Blast III	2	NULL	NULL	NULL	NULL	NULL	NULL	NULL
3666	Force Blast IV	2	NULL	NULL	NULL	NULL	NULL	NULL	NULL
3667	Force Volley III	2	NULL	NULL	NULL	NULL	NULL	NULL	NULL
3668	Force Volley IV	2	NULL	NULL	NULL	NULL	NULL	NULL	NULL
3669	Frost Blast III	8	NULL	NULL	NULL	NULL	NULL	NULL	NULL
3670	Frost Blast IV	8	NULL	NULL	NULL	NULL	NULL	NULL	NULL
3671	Frost Volley III	8	NULL	NULL	NULL	NULL	NULL	NULL	NULL
3672	Frost Volley IV	8	NULL	NULL	NULL	NULL	NULL	NULL	NULL
3673	Lightning Blast III	64	NULL	NULL	NULL	NULL	NULL	NULL	NULL
3674	Lightning Blast IV	64	NULL	NULL	NULL	NULL	NULL	NULL	NULL
3675	Lightning Volley III	64	NULL	NULL	NULL	NULL	NULL	NULL	NULL
3676	Lightning Volley IV	64	NULL	NULL	NULL	NULL	NULL	NULL	NULL
3677	Shock Blast III	4	NULL	NULL	NULL	NULL	NULL	NULL	NULL
3678	Shock Blast IV	4	NULL	NULL	NULL	NULL	NULL	NULL	NULL
3679	Prodigal Acid Bane	NULL	NULL	NULL	NULL	NULL	NULL	NULL	NULL
3680	Prodigal Acid Protection	NULL	NULL	NULL	NULL	NULL	NULL	NULL	NULL
3681	Prodigal Alchemy Mastery	NULL	NULL	NULL	NULL	NULL	NULL	NULL	NULL
3682	Prodigal Arcane Enlightenment	NULL	NULL	NULL	NULL	NULL	NULL	NULL	NULL
3683	Prodigal Armor Expertise	NULL	NULL	NULL	NULL	NULL	NULL	NULL	NULL
3684	Prodigal Armor	NULL	NULL	NULL	NULL	NULL	NULL	NULL	NULL
3685	Prodigal Light Weapon Mastery	NULL	NULL	NULL	NULL	NULL	NULL	NULL	NULL
3686	Prodigal Blade Bane	NULL	NULL	NULL	NULL	NULL	NULL	NULL	NULL
3687	Prodigal Blade Protection	NULL	NULL	NULL	NULL	NULL	NULL	NULL	NULL
3688	Prodigal Blood Drinker	NULL	NULL	NULL	NULL	NULL	NULL	NULL	NULL
3689	Prodigal Bludgeon Bane	NULL	NULL	NULL	NULL	NULL	NULL	NULL	NULL
3690	Prodigal Bludgeon Protection	NULL	NULL	NULL	NULL	NULL	NULL	NULL	NULL
3691	Prodigal Missile Weapon Mastery	NULL	NULL	NULL	NULL	NULL	NULL	NULL	NULL
3692	Prodigal Cold Protection	NULL	NULL	NULL	NULL	NULL	NULL	NULL	NULL
3693	Prodigal Cooking Mastery	NULL	NULL	NULL	NULL	NULL	NULL	NULL	NULL
3694	Prodigal Coordination	NULL	NULL	NULL	NULL	NULL	NULL	NULL	NULL
3695	Prodigal Creature Enchantment Mastery	NULL	NULL	NULL	NULL	NULL	NULL	NULL	NULL
3696	Prodigal Missile Weapon Mastery	NULL	NULL	NULL	NULL	NULL	NULL	NULL	NULL
3697	Prodigal Finesse Weapon Mastery	NULL	NULL	NULL	NULL	NULL	NULL	NULL	NULL
3698	Prodigal Deception Mastery	NULL	NULL	NULL	NULL	NULL	NULL	NULL	NULL
3699	Prodigal Defender	NULL	NULL	NULL	NULL	NULL	NULL	NULL	NULL
3700	Prodigal Endurance	NULL	NULL	NULL	NULL	NULL	NULL	NULL	NULL
3701	Prodigal Fealty	NULL	NULL	NULL	NULL	NULL	NULL	NULL	NULL
3702	Prodigal Fire Protection	NULL	NULL	NULL	NULL	NULL	NULL	NULL	NULL
3703	Prodigal Flame Bane	NULL	NULL	NULL	NULL	NULL	NULL	NULL	NULL
3704	Prodigal Fletching Mastery	NULL	NULL	NULL	NULL	NULL	NULL	NULL	NULL
3705	Prodigal Focus	NULL	NULL	NULL	NULL	NULL	NULL	NULL	NULL
3706	Prodigal Frost Bane	NULL	NULL	NULL	NULL	NULL	NULL	NULL	NULL
3707	Prodigal Healing Mastery	NULL	NULL	NULL	NULL	NULL	NULL	NULL	NULL
3708	Prodigal Heart Seeker	NULL	NULL	NULL	NULL	NULL	NULL	NULL	NULL
3709	Prodigal Hermetic Link	NULL	NULL	NULL	NULL	NULL	NULL	NULL	NULL
3710	Prodigal Impenetrability	NULL	NULL	NULL	NULL	NULL	NULL	NULL	NULL
3711	Prodigal Impregnability	NULL	NULL	NULL	NULL	NULL	NULL	NULL	NULL
3712	Prodigal Invulnerability	NULL	NULL	NULL	NULL	NULL	NULL	NULL	NULL
3713	Prodigal Item Enchantment Mastery	NULL	NULL	NULL	NULL	NULL	NULL	NULL	NULL
3714	Prodigal Item Expertise	NULL	NULL	NULL	NULL	NULL	NULL	NULL	NULL
3715	Prodigal Jumping Mastery	NULL	NULL	NULL	NULL	NULL	NULL	NULL	NULL
3716	Prodigal Leadership Mastery	NULL	NULL	NULL	NULL	NULL	NULL	NULL	NULL
3717	Prodigal Life Magic Mastery	NULL	NULL	NULL	NULL	NULL	NULL	NULL	NULL
3718	Prodigal Lightning Bane	NULL	NULL	NULL	NULL	NULL	NULL	NULL	NULL
3719	Prodigal Lightning Protection	NULL	NULL	NULL	NULL	NULL	NULL	NULL	NULL
3720	Prodigal Lockpick Mastery	NULL	NULL	NULL	NULL	NULL	NULL	NULL	NULL
3721	Prodigal Light Weapon Mastery	NULL	NULL	NULL	NULL	NULL	NULL	NULL	NULL
3722	Prodigal Magic Item Expertise	NULL	NULL	NULL	NULL	NULL	NULL	NULL	NULL
3723	Prodigal Magic Resistance	NULL	NULL	NULL	NULL	NULL	NULL	NULL	NULL
3724	Prodigal Mana Conversion Mastery	NULL	NULL	NULL	NULL	NULL	NULL	NULL	NULL
3725	Prodigal Mana Renewal	NULL	NULL	NULL	NULL	NULL	NULL	NULL	NULL
3726	Prodigal Monster Attunement	NULL	NULL	NULL	NULL	NULL	NULL	NULL	NULL
3727	Prodigal Person Attunement	NULL	NULL	NULL	NULL	NULL	NULL	NULL	NULL
3728	Prodigal Piercing Bane	NULL	NULL	NULL	NULL	NULL	NULL	NULL	NULL
3729	Prodigal Piercing Protection	NULL	NULL	NULL	NULL	NULL	NULL	NULL	NULL
3730	Prodigal Quickness	NULL	NULL	NULL	NULL	NULL	NULL	NULL	NULL
3731	Prodigal Regeneration	NULL	NULL	NULL	NULL	NULL	NULL	NULL	NULL
3732	Prodigal Rejuvenation	NULL	NULL	NULL	NULL	NULL	NULL	NULL	NULL
3733	Prodigal Willpower	NULL	NULL	NULL	NULL	NULL	NULL	NULL	NULL
3734	Prodigal Light Weapon Mastery	NULL	NULL	NULL	NULL	NULL	NULL	NULL	NULL
3735	Prodigal Spirit Drinker	NULL	NULL	NULL	NULL	NULL	NULL	NULL	NULL
3736	Prodigal Sprint	NULL	NULL	NULL	NULL	NULL	NULL	NULL	NULL
3737	Prodigal Light Weapon Mastery	NULL	NULL	NULL	NULL	NULL	NULL	NULL	NULL
3738	Prodigal Strength	NULL	NULL	NULL	NULL	NULL	NULL	NULL	NULL
3739	Prodigal Swift Killer	NULL	NULL	NULL	NULL	NULL	NULL	NULL	NULL
3740	Prodigal Heavy Weapon Mastery	NULL	NULL	NULL	NULL	NULL	NULL	NULL	NULL
3741	Prodigal Missile Weapon Mastery	NULL	NULL	NULL	NULL	NULL	NULL	NULL	NULL
3742	Prodigal Light Weapon Mastery	NULL	NULL	NULL	NULL	NULL	NULL	NULL	NULL
3743	Prodigal War Magic Mastery	NULL	NULL	NULL	NULL	NULL	NULL	NULL	NULL
3744	Prodigal Weapon Expertise	NULL	NULL	NULL	NULL	NULL	NULL	NULL	NULL
3745	Inferior Inferno Aegis	NULL	NULL	NULL	NULL	NULL	NULL	NULL	NULL
3746	Inferno Aegis	NULL	NULL	NULL	NULL	NULL	NULL	NULL	NULL
3747	Lesser Inferno Aegis	NULL	NULL	NULL	NULL	NULL	NULL	NULL	NULL
3748	Master Salvager's Greater Boon	NULL	NULL	NULL	NULL	NULL	NULL	NULL	NULL
3749	Master Alchemist's Boon	NULL	NULL	NULL	NULL	NULL	NULL	NULL	NULL
3750	Master Alchemist's Greater Boon	NULL	NULL	NULL	NULL	NULL	NULL	NULL	NULL
3751	Master Chef's Boon	NULL	NULL	NULL	NULL	NULL	NULL	NULL	NULL
3752	Master Chef's Greater Boon	NULL	NULL	NULL	NULL	NULL	NULL	NULL	NULL
3753	Fletching Master's Boon	NULL	NULL	NULL	NULL	NULL	NULL	NULL	NULL
3754	Fletching Master's Greater Boon	NULL	NULL	NULL	NULL	NULL	NULL	NULL	NULL
3755	Master Lockpicker's Boon	NULL	NULL	NULL	NULL	NULL	NULL	NULL	NULL
3756	Master Lockpicker's Greater Boon	NULL	NULL	NULL	NULL	NULL	NULL	NULL	NULL
3757	Master Salvager's Boon	NULL	NULL	NULL	NULL	NULL	NULL	NULL	NULL
3758	Inky Armor	NULL	NULL	NULL	NULL	NULL	NULL	NULL	NULL
3759	Mana Giver	NULL	NULL	NULL	NULL	NULL	NULL	NULL	NULL
3760	Culinary Ecstasy	NULL	NULL	NULL	NULL	NULL	NULL	NULL	NULL
3761	Fiun Resistance	NULL	NULL	NULL	NULL	NULL	NULL	NULL	NULL
3762	Defiled Temple Portal Sending	NULL	NULL	NULL	NULL	NULL	NULL	NULL	NULL
3763	Balloon Ride	NULL	NULL	NULL	NULL	NULL	NULL	NULL	NULL
3764	Summons a portal to the Banderling Shrine	NULL	NULL	NULL	NULL	NULL	NULL	NULL	NULL
3765	Entry to the Mausoleum of Bitterness	NULL	NULL	NULL	NULL	NULL	NULL	NULL	NULL
3766	Entry to the Mausoleum of Bitterness	NULL	NULL	NULL	NULL	NULL	NULL	NULL	NULL
3767	Entry to the Mausoleum of Bitterness	NULL	NULL	NULL	NULL	NULL	NULL	NULL	NULL
3768	Bitter Punishment	NULL	NULL	NULL	NULL	NULL	NULL	NULL	NULL
3769	Entry to the Mausoleum of Anger	NULL	NULL	NULL	NULL	NULL	NULL	NULL	NULL
3770	Entry to the Mausoleum of Anger	NULL	NULL	NULL	NULL	NULL	NULL	NULL	NULL
3771	Entry to the Mausoleum of Anger	NULL	NULL	NULL	NULL	NULL	NULL	NULL	NULL
3772	Entry to the Mausoleum of Anger	NULL	NULL	NULL	NULL	NULL	NULL	NULL	NULL
3773	Entry to the Mausoleum of Anger	NULL	NULL	NULL	NULL	NULL	NULL	NULL	NULL
3774	Entry to the Mausoleum of Anger	NULL	NULL	NULL	NULL	NULL	NULL	NULL	NULL
3775	Angry Punishment	NULL	NULL	NULL	NULL	NULL	NULL	NULL	NULL
3776	Entry to the Mausoleum of Cruelty	NULL	NULL	NULL	NULL	NULL	NULL	NULL	NULL
3777	Entry to the Mausoleum of Cruelty	NULL	NULL	NULL	NULL	NULL	NULL	NULL	NULL
3778	Entry to the Mausoleum of Cruelty	NULL	NULL	NULL	NULL	NULL	NULL	NULL	NULL
3779	Entry to the Mausoleum of Cruelty	NULL	NULL	NULL	NULL	NULL	NULL	NULL	NULL
3780	Entry to the Mausoleum of Cruelty	NULL	NULL	NULL	NULL	NULL	NULL	NULL	NULL
3781	Entry to the Mausoleum of Cruelty	NULL	NULL	NULL	NULL	NULL	NULL	NULL	NULL
3782	Cruel Punishment	NULL	NULL	NULL	NULL	NULL	NULL	NULL	NULL
3783	Entry to the Accursed Mausoleum of Bitterness	NULL	NULL	NULL	NULL	NULL	NULL	NULL	NULL
3784	Entry to the Accursed Mausoleum of Bitterness	NULL	NULL	NULL	NULL	NULL	NULL	NULL	NULL
3785	Entry to the Accursed Mausoleum of Bitterness	NULL	NULL	NULL	NULL	NULL	NULL	NULL	NULL
3786	Entry to the Accursed Mausoleum of Bitterness	NULL	NULL	NULL	NULL	NULL	NULL	NULL	NULL
3787	Entry to the Accursed Mausoleum of Bitterness	NULL	NULL	NULL	NULL	NULL	NULL	NULL	NULL
3788	Entry to the Accursed Mausoleum of Bitterness	NULL	NULL	NULL	NULL	NULL	NULL	NULL	NULL
3789	Slaughter Punishment	NULL	NULL	NULL	NULL	NULL	NULL	NULL	NULL
3790	Entry to the Unholy Mausoleum of Bitterness	NULL	NULL	NULL	NULL	NULL	NULL	NULL	NULL
3791	Entry to the Unholy Mausoleum of Bitterness	NULL	NULL	NULL	NULL	NULL	NULL	NULL	NULL
3792	Entry to the Unholy Mausoleum of Bitterness	NULL	NULL	NULL	NULL	NULL	NULL	NULL	NULL
3793	Entry to the Unholy Mausoleum of Bitterness	NULL	NULL	NULL	NULL	NULL	NULL	NULL	NULL
3794	Entry to the Unholy Mausoleum of Bitterness	NULL	NULL	NULL	NULL	NULL	NULL	NULL	NULL
3795	Entry to the Unholy Mausoleum of Bitterness	NULL	NULL	NULL	NULL	NULL	NULL	NULL	NULL
3796	Entry to the Mausoleum of Bitterness	NULL	NULL	NULL	NULL	NULL	NULL	NULL	NULL
3797	Entry to the Mausoleum of Bitterness	NULL	NULL	NULL	NULL	NULL	NULL	NULL	NULL
3798	Entry to the Mausoleum of Bitterness	NULL	NULL	NULL	NULL	NULL	NULL	NULL	NULL
3799	Black Marrow Bliss	NULL	512	NULL	NULL	-5000	NULL	NULL	NULL
3800	Burning Spirit	NULL	NULL	NULL	NULL	NULL	NULL	NULL	NULL
3801	Shadow Touch	NULL	NULL	NULL	NULL	NULL	NULL	NULL	NULL
3802	Shadow Reek	NULL	NULL	NULL	NULL	NULL	NULL	NULL	NULL
3803	Shadow Shot	NULL	NULL	NULL	NULL	NULL	NULL	NULL	NULL
3804	Shadow Shot	NULL	NULL	NULL	NULL	NULL	NULL	NULL	NULL
3805	Acid Ring	32	NULL	NULL	NULL	NULL	NULL	NULL	NULL
3806	Flame Ring	16	NULL	NULL	NULL	NULL	NULL	NULL	NULL
3807	Force Ring	2	NULL	NULL	NULL	NULL	NULL	NULL	NULL
3808	Lightning Ring	64	NULL	NULL	NULL	NULL	NULL	NULL	NULL
3809	Minor Salvaging Aptitude	NULL	NULL	NULL	NULL	NULL	NULL	NULL	NULL
3810	Asheron's Benediction	NULL	NULL	NULL	NULL	NULL	NULL	NULL	NULL
3811	Blackmoor's Favor	NULL	NULL	NULL	NULL	NULL	NULL	NULL	NULL
3812	Tursh's Lair	NULL	NULL	NULL	NULL	NULL	NULL	NULL	NULL
3813	Free Ride to Shoushi	NULL	NULL	NULL	NULL	NULL	NULL	NULL	NULL
3814	Free Ride to Yaraq	NULL	NULL	NULL	NULL	NULL	NULL	NULL	NULL
3815	Free Ride to Holtburg	NULL	NULL	NULL	NULL	NULL	NULL	NULL	NULL
3816	Marksman's Ken	NULL	NULL	NULL	NULL	NULL	NULL	NULL	NULL
3817	Hunter's Ward	NULL	NULL	NULL	NULL	NULL	NULL	NULL	NULL
3818	Curse of Raven Fury	128	NULL	NULL	0.5	NULL	NULL	NULL	NULL
3819	Conscript's Might	NULL	NULL	NULL	NULL	NULL	NULL	NULL	NULL
3820	Conscript's Ward	NULL	NULL	NULL	NULL	NULL	NULL	NULL	NULL
3821	Augur's Will	NULL	NULL	NULL	NULL	NULL	NULL	NULL	NULL
3822	Augur's Glare	NULL	NULL	NULL	NULL	NULL	NULL	NULL	NULL
3823	Augur's Ward	NULL	NULL	NULL	NULL	NULL	NULL	NULL	NULL
3824	Marksman's Ken	NULL	NULL	NULL	NULL	NULL	NULL	NULL	NULL
3825	Marksman's Ken	NULL	NULL	NULL	NULL	NULL	NULL	NULL	NULL
3826	a powerful force	NULL	NULL	NULL	NULL	NULL	NULL	NULL	NULL
3827	Lunnum's Embrace	NULL	NULL	NULL	NULL	NULL	NULL	NULL	NULL
3828	Rage of Grael	NULL	NULL	NULL	NULL	NULL	NULL	NULL	NULL
3829	Blessing of the Sundew	NULL	NULL	NULL	NULL	NULL	NULL	NULL	NULL
3830	Blessing of the Fly Trap	NULL	NULL	NULL	NULL	NULL	NULL	NULL	NULL
3831	Blessing of the Pitcher Plant	NULL	NULL	NULL	NULL	NULL	NULL	NULL	NULL
3832	Master's Voice	NULL	NULL	NULL	NULL	NULL	NULL	NULL	NULL
3833	Minor Salvaging Aptitude	NULL	NULL	NULL	NULL	NULL	NULL	NULL	NULL
3834	Major Salvaging Aptitude	NULL	NULL	NULL	NULL	NULL	NULL	NULL	NULL
3835	Leviathan's Curse	NULL	128	NULL	NULL	-150	NULL	NULL	NULL
3836	Breath of the Deep	8	NULL	NULL	NULL	NULL	NULL	NULL	NULL
3837	Water Island Access	NULL	NULL	NULL	NULL	NULL	NULL	NULL	NULL
3838	Abandoned Mines Portal Sending	NULL	NULL	NULL	NULL	NULL	NULL	NULL	NULL
3839	Brilliant Access	NULL	NULL	NULL	NULL	NULL	NULL	NULL	NULL
3840	Dazzling Access	NULL	NULL	NULL	NULL	NULL	NULL	NULL	NULL
3841	Devastated Access	NULL	NULL	NULL	NULL	NULL	NULL	NULL	NULL
3842	Northeast Coast Portal Sending	NULL	NULL	NULL	NULL	NULL	NULL	NULL	NULL
3843	Fire Island Access	NULL	NULL	NULL	NULL	NULL	NULL	NULL	NULL
3844	Gatekeeper Access	NULL	NULL	NULL	NULL	NULL	NULL	NULL	NULL
3845	Radiant Access	NULL	NULL	NULL	NULL	NULL	NULL	NULL	NULL
3846	Ruined Access	NULL	NULL	NULL	NULL	NULL	NULL	NULL	NULL
3847	Cataracts of Xik Minru	NULL	NULL	NULL	NULL	NULL	NULL	NULL	NULL
3848	Combat Medication	NULL	NULL	NULL	NULL	NULL	NULL	NULL	NULL
3849	Night Runner	NULL	NULL	NULL	NULL	NULL	NULL	NULL	NULL
3850	Selflessness	NULL	NULL	NULL	NULL	NULL	NULL	NULL	NULL
3851	Corrupted Essence	NULL	NULL	NULL	NULL	NULL	NULL	NULL	NULL
3852	Ravenous Armor	NULL	NULL	NULL	NULL	NULL	NULL	NULL	NULL
3853	Ardent Defense	NULL	NULL	NULL	NULL	NULL	NULL	NULL	NULL
3854	True Loyalty	NULL	NULL	NULL	NULL	NULL	NULL	NULL	NULL
3855	Flight of Bats	NULL	NULL	NULL	NULL	NULL	NULL	NULL	NULL
3856	Ulgrim's Recall	NULL	NULL	NULL	NULL	NULL	NULL	NULL	NULL
3857	Pumpkin Rain	8	NULL	NULL	NULL	NULL	NULL	NULL	NULL
3858	Pumpkin Ring	16	NULL	NULL	NULL	NULL	NULL	NULL	NULL
3859	Pumpkin Wall	16	NULL	NULL	NULL	NULL	NULL	NULL	NULL
3860	Sweet Speed	NULL	NULL	NULL	NULL	NULL	NULL	NULL	NULL
3861	Taste for Blood	NULL	NULL	NULL	NULL	NULL	NULL	NULL	NULL
3862	Duke Raoul's Pride	NULL	NULL	NULL	NULL	NULL	NULL	NULL	NULL
3863	Hunter's Hardiness	NULL	NULL	NULL	NULL	NULL	NULL	NULL	NULL
3864	Zongo's Fist	NULL	NULL	NULL	NULL	NULL	NULL	NULL	NULL
3865	Glenden Wood Recall	NULL	NULL	NULL	NULL	NULL	NULL	NULL	NULL
3866	Glacial Speed	NULL	NULL	NULL	NULL	NULL	NULL	NULL	NULL
3867	Embrace of the Chill Shadow	NULL	NULL	NULL	NULL	NULL	NULL	NULL	NULL
3868	Dardante's Keep Portal Sending	NULL	NULL	NULL	NULL	NULL	NULL	NULL	NULL
3869	Invocation of the Black Book	NULL	NULL	NULL	NULL	NULL	NULL	NULL	NULL
3870	Syphon Creature Essence	NULL	NULL	NULL	NULL	NULL	0	135	1
3871	Syphon Item Essence	NULL	NULL	NULL	NULL	NULL	0	135	2
3872	Syphon Life Essence	NULL	NULL	NULL	NULL	NULL	0	135	1
3873	Essence's Command	NULL	NULL	NULL	NULL	NULL	0	35	2
3874	Death's Aura	NULL	128	NULL	NULL	8	NULL	NULL	NULL
3875	Acidic Curse	NULL	NULL	NULL	NULL	NULL	NULL	NULL	NULL
3876	Curse of the Blades	NULL	NULL	NULL	NULL	NULL	NULL	NULL	NULL
3877	Corrosive Strike	32	NULL	NULL	NULL	NULL	NULL	NULL	NULL
3878	Incendiary Strike	16	NULL	NULL	NULL	NULL	NULL	NULL	NULL
3879	Glacial Strike	8	NULL	NULL	NULL	NULL	NULL	NULL	NULL
3880	Galvanic Strike	64	NULL	NULL	NULL	NULL	NULL	NULL	NULL
3881	Corrosive Ring	32	NULL	NULL	NULL	NULL	NULL	NULL	NULL
3882	Incendiary Ring	16	NULL	NULL	NULL	NULL	NULL	NULL	NULL
3883	Pyroclastic Explosion	16	NULL	NULL	NULL	NULL	NULL	NULL	NULL
3884	Glacial Ring	8	NULL	NULL	NULL	NULL	NULL	NULL	NULL
3885	Galvanic Ring	64	NULL	NULL	NULL	NULL	NULL	NULL	NULL
3886	Magic Disarmament	NULL	NULL	NULL	NULL	NULL	NULL	NULL	NULL
3887	Entering the Hatch	NULL	NULL	NULL	NULL	NULL	NULL	NULL	NULL
3888	Passage to the Rare Chambers	NULL	NULL	NULL	NULL	NULL	NULL	NULL	NULL
3889	Inner Burial Chamber Portal Sending	NULL	NULL	NULL	NULL	NULL	NULL	NULL	NULL
3890	Will of the People	NULL	NULL	NULL	NULL	NULL	NULL	NULL	NULL
3891	Honor of the Bull	NULL	NULL	NULL	NULL	NULL	NULL	NULL	NULL
3892	Summon Flame Seekers	16	NULL	NULL	NULL	NULL	NULL	NULL	NULL
3893	Summon Burning Haze	16	NULL	NULL	NULL	NULL	NULL	NULL	NULL
3894	Dark Persistence	NULL	NULL	NULL	NULL	NULL	NULL	NULL	NULL
3895	Dark Reflexes	NULL	NULL	NULL	NULL	NULL	NULL	NULL	NULL
3896	Dark Equilibrium	NULL	NULL	NULL	NULL	NULL	NULL	NULL	NULL
3897	Dark Purpose	NULL	NULL	NULL	NULL	NULL	NULL	NULL	NULL
3898	Pooky's Recall 1	NULL	NULL	NULL	NULL	NULL	NULL	NULL	NULL
3899	Pooky's Recall 2	NULL	NULL	NULL	NULL	NULL	NULL	NULL	NULL
3900	Pooky's Recall 3	NULL	NULL	NULL	NULL	NULL	NULL	NULL	NULL
3901	Egg Bomb	16	NULL	NULL	NULL	NULL	NULL	NULL	NULL
3902	Ring around the Rabbit	1	NULL	NULL	NULL	NULL	NULL	NULL	NULL
3903	Whirlwind	4	NULL	NULL	NULL	NULL	NULL	NULL	NULL
3904	Essence's Fury	32	NULL	NULL	NULL	NULL	NULL	NULL	NULL
3905	Essence's Fury	32	NULL	NULL	NULL	NULL	NULL	NULL	NULL
3906	Essence's Fury	32	NULL	NULL	NULL	NULL	NULL	NULL	NULL
3907	Essence's Fury	32	NULL	NULL	NULL	NULL	NULL	NULL	NULL
3908	Mana Blast	4	NULL	NULL	NULL	NULL	NULL	NULL	NULL
3909	Mana Syphon	NULL	NULL	NULL	NULL	NULL	NULL	NULL	NULL
3910	Brain Freeze	NULL	NULL	NULL	NULL	NULL	NULL	NULL	NULL
3911	Spiral of Souls	4	NULL	NULL	NULL	NULL	NULL	NULL	NULL
3912	Lower Black Spear Temple Portal Sending	NULL	NULL	NULL	NULL	NULL	NULL	NULL	NULL
3913	Aegis of the Golden Flame	NULL	NULL	NULL	NULL	NULL	NULL	NULL	NULL
3914	Dark Vortex	128	NULL	NULL	NULL	NULL	NULL	NULL	NULL
3915	Black Madness	NULL	NULL	NULL	NULL	NULL	NULL	NULL	NULL
3916	Flayed Flesh	NULL	NULL	NULL	NULL	NULL	NULL	NULL	NULL
3917	Numbing Chill	NULL	NULL	NULL	NULL	NULL	NULL	NULL	NULL
3918	Flammable	NULL	NULL	NULL	NULL	NULL	NULL	NULL	NULL
3919	Lightning Rod	NULL	NULL	NULL	NULL	NULL	NULL	NULL	NULL
3920	Tunnels to the Harbinger	NULL	NULL	NULL	NULL	NULL	NULL	NULL	NULL
3921	Harbinger's Lair	NULL	NULL	NULL	NULL	NULL	NULL	NULL	NULL
3922	Tunnels to the Harbinger	NULL	NULL	NULL	NULL	NULL	NULL	NULL	NULL
3923	Tunnels to the Harbinger	NULL	NULL	NULL	NULL	NULL	NULL	NULL	NULL
3924	Tunnels to the Harbinger	NULL	NULL	NULL	NULL	NULL	NULL	NULL	NULL
3925	Harbinger's Lair	NULL	NULL	NULL	NULL	NULL	NULL	NULL	NULL
3926	Harbinger's Fiery Touch	16	NULL	NULL	NULL	NULL	NULL	NULL	NULL
3927	Charge Flesh	NULL	NULL	NULL	NULL	NULL	NULL	NULL	NULL
3928	Disarmament	NULL	NULL	NULL	NULL	NULL	NULL	NULL	NULL
3929	Rossu Morta Chapterhouse Recall	NULL	NULL	NULL	NULL	NULL	NULL	NULL	NULL
3930	Whispering Blade Chapterhouse Recall	NULL	NULL	NULL	NULL	NULL	NULL	NULL	NULL
3931	Dark Vortex	128	NULL	NULL	NULL	NULL	NULL	NULL	NULL
3932	Grael's Rage	NULL	128	NULL	NULL	-200	NULL	NULL	NULL
3933	Black Spear Strike	2	NULL	NULL	NULL	NULL	NULL	NULL	NULL
3934	Heavy Acid Ring	32	NULL	NULL	NULL	NULL	NULL	NULL	NULL
3935	Heavy Blade Ring	1	NULL	NULL	NULL	NULL	NULL	NULL	NULL
3936	Fire Bomb	16	NULL	NULL	NULL	NULL	NULL	NULL	NULL
3937	Heavy Force Ring	2	NULL	NULL	NULL	NULL	NULL	NULL	NULL
3938	Heavy Frost Ring	8	NULL	NULL	NULL	NULL	NULL	NULL	NULL
3939	Thaumic Bleed	64	NULL	NULL	NULL	NULL	NULL	NULL	NULL
3940	Exsanguinating Wave	128	NULL	NULL	NULL	NULL	NULL	NULL	NULL
3941	Heavy Lightning Ring	64	NULL	NULL	NULL	NULL	NULL	NULL	NULL
3942	Heavy Shock Ring	4	NULL	NULL	NULL	NULL	NULL	NULL	NULL
3943	Burning Earth	16	NULL	NULL	NULL	NULL	NULL	NULL	NULL
3944	Rain of Spears	2	NULL	NULL	NULL	NULL	NULL	NULL	NULL
3945	Raging Storm	64	NULL	NULL	NULL	NULL	NULL	NULL	NULL
3946	Acid Wave	32	NULL	NULL	NULL	NULL	NULL	NULL	NULL
3947	Blade Wave	1	NULL	NULL	NULL	NULL	NULL	NULL	NULL
3948	Flame Wave	16	NULL	NULL	NULL	NULL	NULL	NULL	NULL
3949	Force Wave	2	NULL	NULL	NULL	NULL	NULL	NULL	NULL
3950	Frost Wave	8	NULL	NULL	NULL	NULL	NULL	NULL	NULL
3951	Lightning Wave	64	NULL	NULL	NULL	NULL	NULL	NULL	NULL
3952	Shock Waves	4	NULL	NULL	NULL	NULL	NULL	NULL	NULL
3953	Carraida's Benediction	NULL	NULL	NULL	NULL	NULL	NULL	NULL	NULL
3954	Access to the White Tower	NULL	NULL	NULL	NULL	NULL	NULL	NULL	NULL
3955	Epic Bludgeon Ward	NULL	NULL	NULL	NULL	NULL	NULL	NULL	NULL
3956	Epic Piercing Ward	NULL	NULL	NULL	NULL	NULL	NULL	NULL	NULL
3957	Epic Slashing Ward	NULL	NULL	NULL	NULL	NULL	NULL	NULL	NULL
3958	White Tower Egress	NULL	NULL	NULL	NULL	NULL	NULL	NULL	NULL
3959	Redirect Motives	NULL	128	NULL	NULL	-50	NULL	NULL	NULL
3960	Authority	NULL	NULL	NULL	NULL	NULL	NULL	NULL	NULL
3961	Defense of the Just	NULL	NULL	NULL	NULL	NULL	NULL	NULL	NULL
3962	Bound to the Law	NULL	NULL	NULL	NULL	NULL	NULL	NULL	NULL
3963	Epic Coordination	NULL	NULL	NULL	NULL	NULL	NULL	NULL	NULL
3964	Epic Focus	NULL	NULL	NULL	NULL	NULL	NULL	NULL	NULL
3965	Epic Strength	NULL	NULL	NULL	NULL	NULL	NULL	NULL	NULL
3966	Ringleader's Chambers	NULL	NULL	NULL	NULL	NULL	NULL	NULL	NULL
3967	Bandit Trap	NULL	NULL	NULL	NULL	NULL	NULL	NULL	NULL
3968	Bandit Hideout	NULL	NULL	NULL	NULL	NULL	NULL	NULL	NULL
3969	Acid Bomb	32	NULL	NULL	NULL	NULL	NULL	NULL	NULL
3970	Blade Bomb	1	NULL	NULL	NULL	NULL	NULL	NULL	NULL
3971	Fire Bomb	16	NULL	NULL	NULL	NULL	NULL	NULL	NULL
3972	Force Bomb	2	NULL	NULL	NULL	NULL	NULL	NULL	NULL
3973	Frost Bomb	8	NULL	NULL	NULL	NULL	NULL	NULL	NULL
3974	Lightning Bomb	64	NULL	NULL	NULL	NULL	NULL	NULL	NULL
3975	Shock Bomb	4	NULL	NULL	NULL	NULL	NULL	NULL	NULL
3976	Incantation of Armor Other	NULL	NULL	NULL	NULL	NULL	NULL	NULL	NULL
3977	Coordination Other Incantation	NULL	NULL	NULL	NULL	NULL	NULL	NULL	NULL
3978	Focus Other Incantation	NULL	NULL	NULL	NULL	NULL	NULL	NULL	NULL
3979	Strength Other Incantation	NULL	NULL	NULL	NULL	NULL	NULL	NULL	NULL
3980	Impenetrability Incantation	NULL	NULL	NULL	NULL	NULL	NULL	NULL	NULL
3981	Mana Renewal Other Incantation	NULL	NULL	NULL	NULL	NULL	NULL	NULL	NULL
3982	Regeneration Other Incantation	NULL	NULL	NULL	NULL	NULL	NULL	NULL	NULL
3983	Rejuvenation Other Incantation	NULL	NULL	NULL	NULL	NULL	NULL	NULL	NULL
3984	Mukkir's Ferocity	NULL	NULL	NULL	NULL	NULL	NULL	NULL	NULL
3985	Mukkir Sense	NULL	NULL	NULL	NULL	NULL	NULL	NULL	NULL
3986	Rock Fall	4	NULL	NULL	NULL	NULL	NULL	NULL	NULL
3987	Black Spear Strike	2	NULL	NULL	NULL	NULL	NULL	NULL	NULL
3988	Black Spear Strike	2	NULL	NULL	NULL	NULL	NULL	NULL	NULL
3989	Dark Lightning	64	NULL	NULL	NULL	NULL	NULL	NULL	NULL
3990	Heavy Frost Ring	8	NULL	NULL	NULL	NULL	NULL	NULL	NULL
3991	Thaumic Bleed	64	NULL	NULL	NULL	NULL	NULL	NULL	NULL
3992	Heavy Acid Ring	32	NULL	NULL	NULL	NULL	NULL	NULL	NULL
3993	Heavy Blade Ring	1	NULL	NULL	NULL	NULL	NULL	NULL	NULL
3994	Fire Bomb	16	NULL	NULL	NULL	NULL	NULL	NULL	NULL
3995	Heavy Force Ring	2	NULL	NULL	NULL	NULL	NULL	NULL	NULL
3996	Heavy Frost Ring	8	NULL	NULL	NULL	NULL	NULL	NULL	NULL
3997	Heavy Lightning Ring	64	NULL	NULL	NULL	NULL	NULL	NULL	NULL
3998	Dark Vortex	128	NULL	NULL	NULL	NULL	NULL	NULL	NULL
3999	Exsanguinating Wave	128	NULL	NULL	NULL	NULL	NULL	NULL	NULL
4000	Heavy Shock Ring	4	NULL	NULL	NULL	NULL	NULL	NULL	NULL
4001	Burning Earth	16	NULL	NULL	NULL	NULL	NULL	NULL	NULL
4002	Burning Earth	16	NULL	NULL	NULL	NULL	NULL	NULL	NULL
4003	Wall of Spears	2	NULL	NULL	NULL	NULL	NULL	NULL	NULL
4004	Wall of Spears	2	NULL	NULL	NULL	NULL	NULL	NULL	NULL
4005	Acid Wave	32	NULL	NULL	NULL	NULL	NULL	NULL	NULL
4006	Blade Wave	1	NULL	NULL	NULL	NULL	NULL	NULL	NULL
4007	Flame Wave	16	NULL	NULL	NULL	NULL	NULL	NULL	NULL
4008	Force Wave	2	NULL	NULL	NULL	NULL	NULL	NULL	NULL
4009	Frost Wave	8	NULL	NULL	NULL	NULL	NULL	NULL	NULL
4010	Lightning Wave	64	NULL	NULL	NULL	NULL	NULL	NULL	NULL
4011	Shock Waves	4	NULL	NULL	NULL	NULL	NULL	NULL	NULL
4012	White Totem Temple Sending	NULL	NULL	NULL	NULL	NULL	NULL	NULL	NULL
4013	Black Totem Temple Sending	NULL	NULL	NULL	NULL	NULL	NULL	NULL	NULL
4014	Abyssal Totem Temple Sending	NULL	NULL	NULL	NULL	NULL	NULL	NULL	NULL
4015	Ruschk Skin	NULL	NULL	NULL	NULL	NULL	NULL	NULL	NULL
4016	Shadow's Heart	NULL	NULL	NULL	NULL	NULL	NULL	NULL	NULL
4017	Phial's Accuracy	NULL	NULL	NULL	NULL	NULL	NULL	NULL	NULL
4018	Permafrost	NULL	NULL	NULL	NULL	NULL	NULL	NULL	NULL
4019	Epic Quickness	NULL	NULL	NULL	NULL	NULL	NULL	NULL	NULL
4020	Epic Deception Prowess	NULL	NULL	NULL	NULL	NULL	NULL	NULL	NULL
4021	Flurry of Stars	1	NULL	NULL	NULL	NULL	NULL	NULL	NULL
4022	Zombies Persistence	NULL	NULL	NULL	NULL	NULL	NULL	NULL	NULL
4023	Disco Inferno Portal Sending	NULL	NULL	NULL	NULL	NULL	NULL	NULL	NULL
4024	Asheron's Lesser Benediction	NULL	NULL	NULL	NULL	NULL	NULL	NULL	NULL
4025	Cast Iron Stomach	NULL	NULL	NULL	NULL	NULL	NULL	NULL	NULL
4026	Hematic Verdure	NULL	NULL	NULL	NULL	NULL	NULL	NULL	NULL
4027	Messenger's Stride	NULL	NULL	NULL	NULL	NULL	NULL	NULL	NULL
4028	Snowball	8	NULL	NULL	NULL	NULL	NULL	NULL	NULL
4029	Return to the Hall of Champions	NULL	NULL	NULL	NULL	NULL	NULL	NULL	NULL
4030	Colosseum Arena	NULL	NULL	NULL	NULL	NULL	NULL	NULL	NULL
4031	Advanced Colosseum Arena	NULL	NULL	NULL	NULL	NULL	NULL	NULL	NULL
4032	Colosseum Arena	NULL	NULL	NULL	NULL	NULL	NULL	NULL	NULL
4033	Advanced Colosseum Arena	NULL	NULL	NULL	NULL	NULL	NULL	NULL	NULL
4034	Colosseum Arena	NULL	NULL	NULL	NULL	NULL	NULL	NULL	NULL
4035	Advanced Colosseum Arena	NULL	NULL	NULL	NULL	NULL	NULL	NULL	NULL
4036	Colosseum Arena	NULL	NULL	NULL	NULL	NULL	NULL	NULL	NULL
4037	Advanced Colosseum Arena	NULL	NULL	NULL	NULL	NULL	NULL	NULL	NULL
4038	Colosseum Arena	NULL	NULL	NULL	NULL	NULL	NULL	NULL	NULL
4039	Advanced Colosseum Arena	NULL	NULL	NULL	NULL	NULL	NULL	NULL	NULL
4040	Master's Innervation	NULL	NULL	NULL	NULL	NULL	NULL	NULL	NULL
4041	The Path to Bur	NULL	NULL	NULL	NULL	NULL	NULL	NULL	NULL
4042	The Winding Path to Bur	NULL	NULL	NULL	NULL	NULL	NULL	NULL	NULL
4043	Kukuur Hide	NULL	NULL	NULL	NULL	NULL	NULL	NULL	NULL
4044	Acid Ball	32	NULL	NULL	NULL	NULL	NULL	NULL	NULL
4045	Flame Ball	16	NULL	NULL	NULL	NULL	NULL	NULL	NULL
4046	Lightning Ball	64	NULL	NULL	NULL	NULL	NULL	NULL	NULL
4047	Artisan Alchemist's Inspiration	NULL	NULL	NULL	NULL	NULL	NULL	NULL	NULL
4048	Artisan Cook's Inspiration	NULL	NULL	NULL	NULL	NULL	NULL	NULL	NULL
4049	Artisan Fletcher's Inspiration	NULL	NULL	NULL	NULL	NULL	NULL	NULL	NULL
4050	Artisan Lockpicker's Inspiration	NULL	NULL	NULL	NULL	NULL	NULL	NULL	NULL
4051	Master Alchemist's Inspiration	NULL	NULL	NULL	NULL	NULL	NULL	NULL	NULL
4052	Master Cook's Inspiration	NULL	NULL	NULL	NULL	NULL	NULL	NULL	NULL
4053	Master Fletcher's Inspiration	NULL	NULL	NULL	NULL	NULL	NULL	NULL	NULL
4054	Master Lockpicker's Inspiration	NULL	NULL	NULL	NULL	NULL	NULL	NULL	NULL
4055	Journeyman Alchemist's Inspiration	NULL	NULL	NULL	NULL	NULL	NULL	NULL	NULL
4056	Journeyman Cook's Inspiration	NULL	NULL	NULL	NULL	NULL	NULL	NULL	NULL
4057	Journeyman Fletcher's Inspiration	NULL	NULL	NULL	NULL	NULL	NULL	NULL	NULL
4058	Journeyman Lockpicker's Inspiration	NULL	NULL	NULL	NULL	NULL	NULL	NULL	NULL
4059	Endurance Other Incantation	NULL	NULL	NULL	NULL	NULL	NULL	NULL	NULL
4060	Quickness Other Incantation	NULL	NULL	NULL	NULL	NULL	NULL	NULL	NULL
4061	Willpower Other Incantation	NULL	NULL	NULL	NULL	NULL	NULL	NULL	NULL
4062	Empyrean Aegis	NULL	NULL	NULL	NULL	NULL	NULL	NULL	NULL
4063	Exit the Upper Catacomb	NULL	NULL	NULL	NULL	NULL	NULL	NULL	NULL
4064	Access the Upper Catacomb	NULL	NULL	NULL	NULL	NULL	NULL	NULL	NULL
4065	Lower Catacomb Portal Sending	NULL	NULL	NULL	NULL	NULL	NULL	NULL	NULL
4066	Access to the Ley Line Cavern	NULL	NULL	NULL	NULL	NULL	NULL	NULL	NULL
4067	Mucor Bolt	4	NULL	NULL	NULL	NULL	NULL	NULL	NULL
4068	Mucor Mana Well	NULL	NULL	NULL	NULL	NULL	NULL	NULL	NULL
4069	Mucor Jolt	NULL	128	NULL	NULL	0	NULL	NULL	NULL
4070	Empyrean Mana Absorbtion	NULL	NULL	NULL	NULL	NULL	NULL	NULL	NULL
4071	Empyrean Stamina Absorbtion	NULL	NULL	NULL	NULL	NULL	NULL	NULL	NULL
4072	Aurlanaa's Resolve	NULL	NULL	NULL	NULL	NULL	NULL	NULL	NULL
4073	Empyrean Regeneration	NULL	NULL	NULL	NULL	NULL	NULL	NULL	NULL
4074	Empyrean Rejuvenation	NULL	NULL	NULL	NULL	NULL	NULL	NULL	NULL
4075	Empyrean Mana Renewal	NULL	NULL	NULL	NULL	NULL	NULL	NULL	NULL
4076	Empyrean Enlightenment	NULL	NULL	NULL	NULL	NULL	NULL	NULL	NULL
4077	Mana Conversion Mastery Incantation	NULL	NULL	NULL	NULL	NULL	NULL	NULL	NULL
4078	Egg	4	NULL	NULL	NULL	NULL	NULL	NULL	NULL
4079	Work it Off	NULL	NULL	NULL	NULL	NULL	NULL	NULL	NULL
4080	Paid in Full	NULL	NULL	NULL	NULL	NULL	NULL	NULL	NULL
4081	Eye of the Tempest	64	NULL	NULL	NULL	NULL	NULL	NULL	NULL
4082	Big Fire	16	NULL	NULL	NULL	NULL	NULL	NULL	NULL
4083	Kresovus' Warren Portal Sending	NULL	NULL	NULL	NULL	NULL	NULL	NULL	NULL
4084	Bur Recall	NULL	NULL	NULL	NULL	NULL	NULL	NULL	NULL
4085	Entering Harraag's Hideout	NULL	NULL	NULL	NULL	NULL	NULL	NULL	NULL
4086	Icy Shield	NULL	NULL	NULL	NULL	NULL	NULL	NULL	NULL
4087	Armor Breach	NULL	NULL	NULL	NULL	NULL	NULL	NULL	NULL
4088	Withering Poison	NULL	NULL	NULL	NULL	NULL	NULL	NULL	NULL
4089	Assassin's Gift	NULL	NULL	NULL	NULL	NULL	NULL	NULL	NULL
4090	Scarab's Shell	NULL	NULL	NULL	NULL	NULL	NULL	NULL	NULL
4091	Spear	2	NULL	NULL	NULL	NULL	NULL	NULL	NULL
4092	Flame Grenade	16	NULL	NULL	NULL	NULL	NULL	NULL	NULL
4093	Don't Bite Me	NULL	NULL	NULL	NULL	NULL	NULL	NULL	NULL
4094	Don't Burn Me	NULL	NULL	NULL	NULL	NULL	NULL	NULL	NULL
4095	Don't Stab Me	NULL	NULL	NULL	NULL	NULL	NULL	NULL	NULL
4096	Flame Chain	16	NULL	NULL	NULL	NULL	NULL	NULL	NULL
4097	Violet Rain	64	NULL	NULL	NULL	NULL	NULL	NULL	NULL
4098	Treasure Room	NULL	NULL	NULL	NULL	NULL	NULL	NULL	NULL
4099	Strength of Diemos	NULL	NULL	NULL	NULL	NULL	NULL	NULL	NULL
4100	Breath of Renewal	NULL	128	NULL	NULL	500	NULL	NULL	NULL
4101	Champion's Skullduggery	NULL	NULL	NULL	NULL	NULL	NULL	NULL	NULL
4102	Champion's Clever Ruse	NULL	NULL	NULL	NULL	NULL	NULL	NULL	NULL
4103	Black Water Portal Sending	NULL	NULL	NULL	NULL	NULL	NULL	NULL	NULL
4104	Champion Arena	NULL	NULL	NULL	NULL	NULL	NULL	NULL	NULL
4105	Champion Arena	NULL	NULL	NULL	NULL	NULL	NULL	NULL	NULL
4106	Travel to the Paradox-touched Olthoi Queen's Lair	NULL	NULL	NULL	NULL	NULL	NULL	NULL	NULL
4107	Marrow Blight	NULL	NULL	NULL	NULL	NULL	NULL	NULL	NULL
4108	Apathy	NULL	NULL	NULL	NULL	NULL	NULL	NULL	NULL
4109	Greater Marrow Blight	NULL	NULL	NULL	NULL	NULL	NULL	NULL	NULL
4110	Poison	NULL	128	NULL	NULL	-40	NULL	NULL	NULL
4111	Lesser Tusker Hide	NULL	NULL	NULL	NULL	NULL	NULL	NULL	NULL
4112	Spirit Nullification	NULL	NULL	NULL	NULL	NULL	NULL	NULL	NULL
4113	FoulRing	4	NULL	NULL	NULL	NULL	NULL	NULL	NULL
4114	Hypnotic Suggestion	NULL	NULL	NULL	NULL	NULL	NULL	NULL	NULL
4115	Mesmerizing Gaze	NULL	NULL	NULL	NULL	NULL	NULL	NULL	NULL
4116	Trance	NULL	NULL	NULL	NULL	NULL	NULL	NULL	NULL
4117	Dark Shield	NULL	NULL	NULL	NULL	NULL	NULL	NULL	NULL
4118	Dark Shield	NULL	NULL	NULL	NULL	NULL	NULL	NULL	NULL
4119	Dark Shield	NULL	NULL	NULL	NULL	NULL	NULL	NULL	NULL
4120	Dark Shield	NULL	NULL	NULL	NULL	NULL	NULL	NULL	NULL
4121	Dark Shield	NULL	NULL	NULL	NULL	NULL	NULL	NULL	NULL
4122	Dark Shield	NULL	NULL	NULL	NULL	NULL	NULL	NULL	NULL
4123	Dark Shield	NULL	NULL	NULL	NULL	NULL	NULL	NULL	NULL
4124	Dark Nanners	1	NULL	NULL	NULL	NULL	NULL	NULL	NULL
4125	Dark Nanners	2	NULL	NULL	NULL	NULL	NULL	NULL	NULL
4126	Rain of Nanners	2	NULL	NULL	NULL	NULL	NULL	NULL	NULL
4127	Portal Punch	NULL	NULL	NULL	NULL	NULL	NULL	NULL	NULL
4128	Call of the Mhoire Forge	NULL	NULL	NULL	NULL	NULL	NULL	NULL	NULL
4129	Travel to the Prodigal Shadow Child's Lair	NULL	NULL	NULL	NULL	NULL	NULL	NULL	NULL
4130	Travel to the Prodigal Shadow Child's Sanctum	NULL	NULL	NULL	NULL	NULL	NULL	NULL	NULL
4131	Spectral Light Weapon Mastery	NULL	NULL	NULL	NULL	NULL	NULL	NULL	NULL
4132	Spectral Blood Drinker	NULL	NULL	NULL	NULL	NULL	NULL	NULL	NULL
4133	Spectral Missile Weapon Mastery	NULL	NULL	NULL	NULL	NULL	NULL	NULL	NULL
4134	Spectral Missile Weapon Mastery	NULL	NULL	NULL	NULL	NULL	NULL	NULL	NULL
4135	Spectral Finesse Weapon Mastery	NULL	NULL	NULL	NULL	NULL	NULL	NULL	NULL
4136	Spectral Light Weapon Mastery	NULL	NULL	NULL	NULL	NULL	NULL	NULL	NULL
4137	Spectral Light Weapon Mastery	NULL	NULL	NULL	NULL	NULL	NULL	NULL	NULL
4138	Spectral Light Weapon Mastery	NULL	NULL	NULL	NULL	NULL	NULL	NULL	NULL
4139	Spectral Heavy Weapon Mastery	NULL	NULL	NULL	NULL	NULL	NULL	NULL	NULL
4140	Spectral Missile Weapon Mastery	NULL	NULL	NULL	NULL	NULL	NULL	NULL	NULL
4141	Spectral Light Weapon Mastery	NULL	NULL	NULL	NULL	NULL	NULL	NULL	NULL
4142	Spectral War Magic Mastery	NULL	NULL	NULL	NULL	NULL	NULL	NULL	NULL
4143	Witnessing History	NULL	NULL	NULL	NULL	NULL	NULL	NULL	NULL
4144	Witnessing History	NULL	NULL	NULL	NULL	NULL	NULL	NULL	NULL
4145	Crossing the Threshold of Darkness	NULL	NULL	NULL	NULL	NULL	NULL	NULL	NULL
4146	Crossing the Threshold of Darkness	NULL	NULL	NULL	NULL	NULL	NULL	NULL	NULL
4147	Crossing the Threshold of Darkness	NULL	NULL	NULL	NULL	NULL	NULL	NULL	NULL
4148	Crossing the Threshold of Darkness	NULL	NULL	NULL	NULL	NULL	NULL	NULL	NULL
4149	Crossing the Threshold of Darkness	NULL	NULL	NULL	NULL	NULL	NULL	NULL	NULL
4150	Expulsion from Claude's Mind	NULL	NULL	NULL	NULL	NULL	NULL	NULL	NULL
4151	Sending to the Other World	NULL	NULL	NULL	NULL	NULL	NULL	NULL	NULL
4152	Sending to the Other World	NULL	NULL	NULL	NULL	NULL	NULL	NULL	NULL
4153	Sending to the Other World	NULL	NULL	NULL	NULL	NULL	NULL	NULL	NULL
4154	Sending to the Other World	NULL	NULL	NULL	NULL	NULL	NULL	NULL	NULL
4155	Sending to the Other World	NULL	NULL	NULL	NULL	NULL	NULL	NULL	NULL
4156	Delving into Claude's Mind	NULL	NULL	NULL	NULL	NULL	NULL	NULL	NULL
4157	Delving into Claude's Mind	NULL	NULL	NULL	NULL	NULL	NULL	NULL	NULL
4158	Delving into Claude's Mind	NULL	NULL	NULL	NULL	NULL	NULL	NULL	NULL
4159	Delving into Claude's Mind	NULL	NULL	NULL	NULL	NULL	NULL	NULL	NULL
4160	Delving into Claude's Mind	NULL	NULL	NULL	NULL	NULL	NULL	NULL	NULL
4161	Exploring the Past	NULL	NULL	NULL	NULL	NULL	NULL	NULL	NULL
4162	Exploring the Past	NULL	NULL	NULL	NULL	NULL	NULL	NULL	NULL
4163	Exploring the Past	NULL	NULL	NULL	NULL	NULL	NULL	NULL	NULL
4164	Exploring the Past	NULL	NULL	NULL	NULL	NULL	NULL	NULL	NULL
4165	Exploring the Past	NULL	NULL	NULL	NULL	NULL	NULL	NULL	NULL
4166	Witnessing History	NULL	NULL	NULL	NULL	NULL	NULL	NULL	NULL
4167	Witnessing History	NULL	NULL	NULL	NULL	NULL	NULL	NULL	NULL
4168	Witnessing History	NULL	NULL	NULL	NULL	NULL	NULL	NULL	NULL
4169	Harbinger Blood Infusion	NULL	NULL	NULL	NULL	NULL	NULL	NULL	NULL
4170	Harbinger's Coordination	NULL	NULL	NULL	NULL	NULL	NULL	NULL	NULL
4171	Harbinger's Endurance	NULL	NULL	NULL	NULL	NULL	NULL	NULL	NULL
4172	Harbinger's Focus	NULL	NULL	NULL	NULL	NULL	NULL	NULL	NULL
4173	Harbinger's Quickness	NULL	NULL	NULL	NULL	NULL	NULL	NULL	NULL
4174	Harbinger's Strength	NULL	NULL	NULL	NULL	NULL	NULL	NULL	NULL
4175	Harbinger's Willpower	NULL	NULL	NULL	NULL	NULL	NULL	NULL	NULL
4176	Prodigal Harbinger's Lair	NULL	NULL	NULL	NULL	NULL	NULL	NULL	NULL
4177	Prodigal Harbinger's Antechamber	NULL	NULL	NULL	NULL	NULL	NULL	NULL	NULL
4178	Prodigal Harbinger's Antechamber	NULL	NULL	NULL	NULL	NULL	NULL	NULL	NULL
4179	Prodigal Harbinger's Antechamber	NULL	NULL	NULL	NULL	NULL	NULL	NULL	NULL
4180	Prodigal Harbinger's Antechamber	NULL	NULL	NULL	NULL	NULL	NULL	NULL	NULL
4181	Essence Bolt	32	NULL	NULL	NULL	NULL	NULL	NULL	NULL
4182	Ball Lightning	64	NULL	NULL	NULL	NULL	NULL	NULL	NULL
4183	Corrosive Veil	32	NULL	NULL	NULL	NULL	NULL	NULL	NULL
4184	Essence Bolt	16	NULL	NULL	NULL	NULL	NULL	NULL	NULL
4185	Essence Bolt	8	NULL	NULL	NULL	NULL	NULL	NULL	NULL
4186	Hoar Frost	8	NULL	NULL	NULL	NULL	NULL	NULL	NULL
4187	Essence Bolt	64	NULL	NULL	NULL	NULL	NULL	NULL	NULL
4188	Shadowed Flame	16	NULL	NULL	NULL	NULL	NULL	NULL	NULL
4189	Harbinger Acid Protection	NULL	NULL	NULL	NULL	NULL	NULL	NULL	NULL
4190	Harbinger Cold Protection	NULL	NULL	NULL	NULL	NULL	NULL	NULL	NULL
4191	Harbinger Flame Protection	NULL	NULL	NULL	NULL	NULL	NULL	NULL	NULL
4192	Harbinger Lightning Protection	NULL	NULL	NULL	NULL	NULL	NULL	NULL	NULL
4193	Harbinger Magic Defense	NULL	NULL	NULL	NULL	NULL	NULL	NULL	NULL
4194	Magical Void	NULL	NULL	NULL	NULL	NULL	NULL	NULL	NULL
4195	Harbinger Melee Defense	NULL	NULL	NULL	NULL	NULL	NULL	NULL	NULL
4196	Harbinger Missile Defense	NULL	NULL	NULL	NULL	NULL	NULL	NULL	NULL
4197	Naked to the Elements	NULL	NULL	NULL	NULL	NULL	NULL	NULL	NULL
4198	Paradox-touched Olthoi Infested Area Recall	NULL	NULL	NULL	NULL	NULL	NULL	NULL	NULL
4199	Frozen Armor	NULL	NULL	NULL	NULL	NULL	NULL	NULL	NULL
4200	Into the Darkness	NULL	NULL	NULL	NULL	NULL	NULL	NULL	NULL
4201	Numbing Chill	NULL	NULL	NULL	NULL	NULL	NULL	NULL	NULL
4202	Trevor's Zombie Strike	16	NULL	NULL	NULL	NULL	NULL	NULL	NULL
4203	Dark Crypt Entrance	NULL	NULL	NULL	NULL	NULL	NULL	NULL	NULL
4204	Dark Crypt Entrance	NULL	NULL	NULL	NULL	NULL	NULL	NULL	NULL
4205	Dark Crypt Entrance	NULL	NULL	NULL	NULL	NULL	NULL	NULL	NULL
4206	Chewy Center	NULL	NULL	NULL	NULL	NULL	0	335	2
4207	Arena of the Pumpkin King	NULL	NULL	NULL	NULL	NULL	NULL	NULL	NULL
4208	Spectral Flame	8	NULL	NULL	NULL	NULL	NULL	NULL	NULL
4209	Gummy Shield	NULL	NULL	NULL	NULL	NULL	NULL	NULL	NULL
4210	The Jitters	NULL	NULL	NULL	NULL	NULL	NULL	NULL	NULL
4211	Licorice Leap	NULL	NULL	NULL	NULL	NULL	NULL	NULL	NULL
4212	Sticky Melee	NULL	NULL	NULL	NULL	NULL	NULL	NULL	NULL
4213	Colosseum Recall	NULL	NULL	NULL	NULL	NULL	NULL	NULL	NULL
4214	Return to the Keep	NULL	NULL	NULL	NULL	NULL	NULL	NULL	NULL
4215	Shadow Armor	NULL	NULL	NULL	NULL	NULL	NULL	NULL	NULL
4216	Frost Wave	8	NULL	NULL	NULL	NULL	NULL	NULL	NULL
4217	Gourd Guard	NULL	NULL	NULL	NULL	NULL	NULL	NULL	NULL
4218	Knockback	NULL	NULL	NULL	NULL	NULL	NULL	NULL	NULL
4219	Trial of the Arm	NULL	NULL	NULL	NULL	NULL	NULL	NULL	NULL
4220	Trial of the Heart	NULL	NULL	NULL	NULL	NULL	NULL	NULL	NULL
4221	Spectral Life Magic Mastery	NULL	NULL	NULL	NULL	NULL	NULL	NULL	NULL
4222	Chambers Beneath	NULL	NULL	NULL	NULL	NULL	NULL	NULL	NULL
4223	Trials Graduation Chamber	NULL	NULL	NULL	NULL	NULL	NULL	NULL	NULL
4224	Trial of the Mind	NULL	NULL	NULL	NULL	NULL	NULL	NULL	NULL
4225	Trials of the Arm, Mind and Heart	NULL	NULL	NULL	NULL	NULL	NULL	NULL	NULL
4226	Epic Endurance	NULL	NULL	NULL	NULL	NULL	NULL	NULL	NULL
4227	Epic Willpower	NULL	NULL	NULL	NULL	NULL	NULL	NULL	NULL
4228	Awakening	NULL	NULL	NULL	NULL	NULL	NULL	NULL	NULL
4229	Journey Into the Past	NULL	NULL	NULL	NULL	NULL	NULL	NULL	NULL
4230	Bael'Zharon Dream Sending	NULL	NULL	NULL	NULL	NULL	NULL	NULL	NULL
4231	Leadership Mastery Other Incantation	NULL	NULL	NULL	NULL	NULL	NULL	NULL	NULL
4232	Epic Leadership	NULL	NULL	NULL	NULL	NULL	NULL	NULL	NULL
4233	Aerbax Recall Center Platform	NULL	NULL	NULL	NULL	NULL	NULL	NULL	NULL
4234	Aerbax Recall East Platform	NULL	NULL	NULL	NULL	NULL	NULL	NULL	NULL
4235	Aerbax Recall North Platform	NULL	NULL	NULL	NULL	NULL	NULL	NULL	NULL
4236	Aerbax Recall South Platform	NULL	NULL	NULL	NULL	NULL	NULL	NULL	NULL
4237	Aerbax Recall West Platform	NULL	NULL	NULL	NULL	NULL	NULL	NULL	NULL
4238	Aerbax Expulsion	NULL	NULL	NULL	NULL	NULL	NULL	NULL	NULL
4239	Ring of Death	4	NULL	NULL	NULL	NULL	NULL	NULL	NULL
4240	Aerbax's Magic Shield	NULL	NULL	NULL	NULL	NULL	NULL	NULL	NULL
4241	Aerbax Magic Shield Down	NULL	NULL	NULL	NULL	NULL	NULL	NULL	NULL
4242	Aerbax's Melee Shield	NULL	NULL	NULL	NULL	NULL	NULL	NULL	NULL
4243	Aerbax Melee Shield Down	NULL	NULL	NULL	NULL	NULL	NULL	NULL	NULL
4244	Aerbax's Missile Shield	NULL	NULL	NULL	NULL	NULL	NULL	NULL	NULL
4245	Aerbax Missile Shield Down	NULL	NULL	NULL	NULL	NULL	NULL	NULL	NULL
4246	MeteorStrike	64	NULL	NULL	NULL	NULL	NULL	NULL	NULL
4247	Tanada Battle Burrows Portal Sending	NULL	NULL	NULL	NULL	NULL	NULL	NULL	NULL
4248	Shroud Cabal North Outpost Sending	NULL	NULL	NULL	NULL	NULL	NULL	NULL	NULL
4249	Shroud Cabal South Outpost Sending	NULL	NULL	NULL	NULL	NULL	NULL	NULL	NULL
4250	Aerbax's Platform	NULL	NULL	NULL	NULL	NULL	NULL	NULL	NULL
4251	Jester's Boot	NULL	NULL	NULL	NULL	NULL	NULL	NULL	NULL
4252	Entrance to the Jester's Cell	NULL	NULL	NULL	NULL	NULL	NULL	NULL	NULL
4253	Entrance to the Jester's Cell	NULL	NULL	NULL	NULL	NULL	NULL	NULL	NULL
4254	Jester's Prison Hallway	NULL	NULL	NULL	NULL	NULL	NULL	NULL	NULL
4255	Jester's Prison Entryway	NULL	NULL	NULL	NULL	NULL	NULL	NULL	NULL
4256	Jester Recall 1	NULL	NULL	NULL	NULL	NULL	NULL	NULL	NULL
4257	Jester Recall 2	NULL	NULL	NULL	NULL	NULL	NULL	NULL	NULL
4258	Jester Recall 3	NULL	NULL	NULL	NULL	NULL	NULL	NULL	NULL
4259	Jester Recall 4	NULL	NULL	NULL	NULL	NULL	NULL	NULL	NULL
4260	Jester Recall 5	NULL	NULL	NULL	NULL	NULL	NULL	NULL	NULL
4261	Jester Recall 6	NULL	NULL	NULL	NULL	NULL	NULL	NULL	NULL
4262	Jester Recall 7	NULL	NULL	NULL	NULL	NULL	NULL	NULL	NULL
4263	Jester Recall 8	NULL	NULL	NULL	NULL	NULL	NULL	NULL	NULL
4264	Arcane Death	2	NULL	NULL	NULL	NULL	NULL	NULL	NULL
4265	Arcane Pyramid	2	NULL	NULL	NULL	NULL	NULL	NULL	NULL
4266	Blood Bolt	128	NULL	NULL	NULL	NULL	NULL	NULL	NULL
4267	Cow	4	NULL	NULL	NULL	NULL	NULL	NULL	NULL
4268	Fireworks	16	NULL	NULL	NULL	NULL	NULL	NULL	NULL
4269	Present	1	NULL	NULL	NULL	NULL	NULL	NULL	NULL
4270	Table	2	NULL	NULL	NULL	NULL	NULL	NULL	NULL
4271	Acid Whip	32	NULL	NULL	NULL	NULL	NULL	NULL	NULL
4272	Razor Whip	1	NULL	NULL	NULL	NULL	NULL	NULL	NULL
4273	Spray of Coins	4	NULL	NULL	NULL	NULL	NULL	NULL	NULL
4274	Flame Whip	16	NULL	NULL	NULL	NULL	NULL	NULL	NULL
4275	Electric Whip	64	NULL	NULL	NULL	NULL	NULL	NULL	NULL
4276	Jester's Malevolent Eye	0	NULL	NULL	NULL	NULL	NULL	NULL	NULL
4277	Jester's Prison Access	NULL	NULL	NULL	NULL	NULL	NULL	NULL	NULL
4278	Rytheran's Library Portal Sending	NULL	NULL	NULL	NULL	NULL	NULL	NULL	NULL
4280	Deck of Hands Favor	NULL	NULL	NULL	NULL	NULL	NULL	NULL	NULL
4281	Deck of Eyes Favor	NULL	NULL	NULL	NULL	NULL	NULL	NULL	NULL
4282	Arcane Death	2	NULL	NULL	NULL	NULL	NULL	NULL	NULL
4283	Arcane Death	2	NULL	NULL	NULL	NULL	NULL	NULL	NULL
4284	Harm Self	NULL	128	NULL	NULL	-100000	NULL	NULL	NULL
4285	Harm Self	NULL	128	NULL	NULL	-900000	NULL	NULL	NULL
4286	Harm Self	NULL	128	NULL	NULL	-300000	NULL	NULL	NULL
4287	Harm Self	NULL	128	NULL	NULL	-700000	NULL	NULL	NULL
4288	Harm Self	NULL	128	NULL	NULL	-500000	NULL	NULL	NULL
4289	Access the Messenger's Sanctuary	NULL	NULL	NULL	NULL	NULL	NULL	NULL	NULL
4290	Incantation of Armor Other	NULL	NULL	NULL	NULL	NULL	NULL	NULL	NULL
4291	Incantation of Armor Self	NULL	NULL	NULL	NULL	NULL	NULL	NULL	NULL
4292	Incantation of Bafflement Other	NULL	NULL	NULL	NULL	NULL	NULL	NULL	NULL
4293	Incantation of Bafflement Self	NULL	NULL	NULL	NULL	NULL	NULL	NULL	NULL
4294	Incantation of Clumsiness Other	NULL	NULL	NULL	NULL	NULL	NULL	NULL	NULL
4295	Incantation of Clumsiness Self	NULL	NULL	NULL	NULL	NULL	NULL	NULL	NULL
4296	Incantation of Coordination Other	NULL	NULL	NULL	NULL	NULL	NULL	NULL	NULL
4297	Incantation of Coordination Self	NULL	NULL	NULL	NULL	NULL	NULL	NULL	NULL
4298	Incantation of Endurance Other	NULL	NULL	NULL	NULL	NULL	NULL	NULL	NULL
4299	Incantation of Endurance Self	NULL	NULL	NULL	NULL	NULL	NULL	NULL	NULL
4300	Incantation of Enfeeble Other	NULL	256	NULL	NULL	-66	NULL	NULL	NULL
4301	Incantation of Enfeeble Self	NULL	256	NULL	NULL	-50	NULL	NULL	NULL
4302	Incantation of Feeblemind Other	NULL	NULL	NULL	NULL	NULL	NULL	NULL	NULL
4303	Incantation of Feeblemind Self	NULL	NULL	NULL	NULL	NULL	NULL	NULL	NULL
4304	Incantation of Focus Other	NULL	NULL	NULL	NULL	NULL	NULL	NULL	NULL
4305	Incantation of Focus Self	NULL	NULL	NULL	NULL	NULL	NULL	NULL	NULL
4306	Incantation of Frailty Other	NULL	NULL	NULL	NULL	NULL	NULL	NULL	NULL
4307	Incantation of Frailty Self	NULL	NULL	NULL	NULL	NULL	NULL	NULL	NULL
4308	Incantation of Harm Other	NULL	128	NULL	NULL	-50	NULL	NULL	NULL
4309	Incantation of Harm Self	NULL	128	NULL	NULL	-48	NULL	NULL	NULL
4310	Incantation of Heal Other	NULL	128	NULL	NULL	90	NULL	NULL	NULL
4311	Incantation of Heal Self	NULL	128	NULL	NULL	90	NULL	NULL	NULL
4312	Incantation of Imperil Other	NULL	NULL	NULL	NULL	NULL	NULL	NULL	NULL
4313	Incantation of Imperil Self	NULL	NULL	NULL	NULL	NULL	NULL	NULL	NULL
4314	Incantation of Mana Boost Other	NULL	512	NULL	NULL	51	NULL	NULL	NULL
4315	Incantation of Mana Boost Self	NULL	512	NULL	NULL	51	NULL	NULL	NULL
4316	Incantation of Mana Drain Other	NULL	512	NULL	NULL	-52	NULL	NULL	NULL
4317	Incantation of Mana Drain Self	NULL	512	NULL	NULL	-48	NULL	NULL	NULL
4318	Incantation of Quickness Other	NULL	NULL	NULL	NULL	NULL	NULL	NULL	NULL
4319	Incantation of Quickness Self	NULL	NULL	NULL	NULL	NULL	NULL	NULL	NULL
4320	Incantation of Revitalize Other	NULL	256	NULL	NULL	125	NULL	NULL	NULL
4321	Incantation of Revitalize Self	NULL	256	NULL	NULL	125	NULL	NULL	NULL
4322	Incantation of Slowness Other	NULL	NULL	NULL	NULL	NULL	NULL	NULL	NULL
4323	Incantation of Slowness Self	NULL	NULL	NULL	NULL	NULL	NULL	NULL	NULL
4324	Incantation of Strength Other	NULL	NULL	NULL	NULL	NULL	NULL	NULL	NULL
4325	Incantation of Strength Self	NULL	NULL	NULL	NULL	NULL	NULL	NULL	NULL
4326	Incantation of Weakness Other	NULL	NULL	NULL	NULL	NULL	NULL	NULL	NULL
4327	Incantation of Weakness Self	NULL	NULL	NULL	NULL	NULL	NULL	NULL	NULL
4328	Incantation of Willpower Other	NULL	NULL	NULL	NULL	NULL	NULL	NULL	NULL
4329	Incantation of Willpower Self	NULL	NULL	NULL	NULL	NULL	NULL	NULL	NULL
4330	Incantation of Nullify All Magic Other	NULL	NULL	NULL	NULL	NULL	0	435	2
4331	Incantation of Nullify All Magic Self	NULL	NULL	NULL	NULL	NULL	0	435	2
4332	Incantation of Nullify All Magic Other	NULL	NULL	NULL	NULL	NULL	0	435	1
4333	Incantation of Nullify All Magic Self	NULL	NULL	NULL	NULL	NULL	0	435	1
4334	Incantation of Nullify All Magic Other	NULL	NULL	NULL	NULL	NULL	0	435	0
4335	Incantation of Nullify All Magic Self	NULL	NULL	NULL	NULL	NULL	0	435	0
4336	Incantation of Nullify Creature Magic Other	NULL	NULL	4	NULL	NULL	0	435	2
4337	Incantation of Nullify Creature Magic Self	NULL	NULL	4	NULL	NULL	0	435	2
4338	Incantation of Nullify Creature Magic Other	NULL	NULL	4	NULL	NULL	0	435	1
4339	Incantation of Nullify Creature Magic Self	NULL	NULL	4	NULL	NULL	0	435	1
4340	Incantation of Nullify Creature Magic Other	NULL	NULL	4	NULL	NULL	0	435	0
4341	Incantation of Nullify Creature Magic Self	NULL	NULL	4	NULL	NULL	0	435	0
4342	Incantation of Nullify Item Magic	NULL	NULL	3	NULL	NULL	0	435	2
4343	Incantation of Nullify Item Magic	NULL	NULL	3	NULL	NULL	0	435	1
4344	Incantation of Nullify Item Magic	NULL	NULL	3	NULL	NULL	0	435	0
4345	Incantation of Nullify Life Magic Other	NULL	NULL	2	NULL	NULL	0	435	2
4346	Incantation of Nullify Life Magic Self	NULL	NULL	2	NULL	NULL	0	435	2
4347	Incantation of Nullify Life Magic Other	NULL	NULL	2	NULL	NULL	0	435	1
4348	Incantation of Nullify Life Magic Self	NULL	NULL	2	NULL	NULL	0	435	1
4349	Incantation of Nullify Life Magic Other	NULL	NULL	2	NULL	NULL	0	435	0
4350	Incantation of Nullify Life Magic Self	NULL	NULL	2	NULL	NULL	0	435	0
4351	Incantation of Greater Alacrity of the Conclave	NULL	NULL	NULL	NULL	NULL	NULL	NULL	NULL
4352	Incantation of Greater Vivify the Conclave	NULL	NULL	NULL	NULL	NULL	NULL	NULL	NULL
4353	Incantation of Greater Acumen of the Conclave	NULL	NULL	NULL	NULL	NULL	NULL	NULL	NULL
4354	Incantation of Greater Speed the Conclave	NULL	NULL	NULL	NULL	NULL	NULL	NULL	NULL
4355	Incantation of Greater Volition of the Conclave	NULL	NULL	NULL	NULL	NULL	NULL	NULL	NULL
4356	Incantation of Greater Empowering the Conclave	NULL	NULL	NULL	NULL	NULL	NULL	NULL	NULL
4357	Incantation of Greater Corrosive Ward	NULL	NULL	NULL	NULL	NULL	NULL	NULL	NULL
4358	Incantation of Greater Scythe Ward	NULL	NULL	NULL	NULL	NULL	NULL	NULL	NULL
4359	Incantation of Greater Flange Ward	NULL	NULL	NULL	NULL	NULL	NULL	NULL	NULL
4360	Incantation of Greater Frore Ward	NULL	NULL	NULL	NULL	NULL	NULL	NULL	NULL
4361	Incantation of Greater Inferno Ward	NULL	NULL	NULL	NULL	NULL	NULL	NULL	NULL
4362	Incantation of Greater Voltaic Ward	NULL	NULL	NULL	NULL	NULL	NULL	NULL	NULL
4363	Incantation of Greater Lance Ward	NULL	NULL	NULL	NULL	NULL	NULL	NULL	NULL
4364	Incantation of Greater Endless Well	NULL	NULL	NULL	NULL	NULL	NULL	NULL	NULL
4365	Incantation of Greater Soothing Wind	NULL	NULL	NULL	NULL	NULL	NULL	NULL	NULL
4366	Incantation of Greater Golden Wind	NULL	NULL	NULL	NULL	NULL	NULL	NULL	NULL
4367	Incantation of Greater Conjurant Chant	NULL	NULL	NULL	NULL	NULL	NULL	NULL	NULL
4368	Incantation of Warden of the Clutch	NULL	NULL	NULL	NULL	NULL	NULL	NULL	NULL
4369	Incantation of Guardian of the Clutch	NULL	NULL	NULL	NULL	NULL	NULL	NULL	NULL
4370	Incantation of Greater Artificant Chant	NULL	NULL	NULL	NULL	NULL	NULL	NULL	NULL
4371	Incantation of Greater Vitaeic Chant	NULL	NULL	NULL	NULL	NULL	NULL	NULL	NULL
4372	Incantation of Sanctifier of the Clutch	NULL	NULL	NULL	NULL	NULL	NULL	NULL	NULL
4373	Incantation of Greater Conveyic Chant	NULL	NULL	NULL	NULL	NULL	NULL	NULL	NULL
4374	Incantation of Greater Hieromantic Chant	NULL	NULL	NULL	NULL	NULL	NULL	NULL	NULL
4375	Incantation of Blossom Black Firework OUT	2	NULL	NULL	NULL	NULL	NULL	NULL	NULL
4376	Incantation of Blossom Blue Firework OUT	2	NULL	NULL	NULL	NULL	NULL	NULL	NULL
4377	Incantation of Blossom Green Firework OUT	2	NULL	NULL	NULL	NULL	NULL	NULL	NULL
4378	Incantation of Blossom Orange Firework OUT	2	NULL	NULL	NULL	NULL	NULL	NULL	NULL
4379	Incantation of Blossom Purple Firework OUT	2	NULL	NULL	NULL	NULL	NULL	NULL	NULL
4380	Incantation of Blossom Red Firework OUT	2	NULL	NULL	NULL	NULL	NULL	NULL	NULL
4381	Incantation of Blossom White Firework OUT	2	NULL	NULL	NULL	NULL	NULL	NULL	NULL
4382	Incantation of Blossom Yellow Firework OUT	2	NULL	NULL	NULL	NULL	NULL	NULL	NULL
4383	Incantation of Blossom Black Firework UP	2	NULL	NULL	NULL	NULL	NULL	NULL	NULL
4384	Incantation of Blossom Blue Firework UP	2	NULL	NULL	NULL	NULL	NULL	NULL	NULL
4385	Incantation of Blossom Green Firework UP	2	NULL	NULL	NULL	NULL	NULL	NULL	NULL
4386	Incantation of Blossom Orange Firework UP	2	NULL	NULL	NULL	NULL	NULL	NULL	NULL
4387	Incantation of Blossom Purple Firework UP	2	NULL	NULL	NULL	NULL	NULL	NULL	NULL
4388	Incantation of Blossom Red Firework UP	2	NULL	NULL	NULL	NULL	NULL	NULL	NULL
4389	Incantation of Blossom White Firework UP	2	NULL	NULL	NULL	NULL	NULL	NULL	NULL
4390	Incantation of Blossom Yellow Firework UP	2	NULL	NULL	NULL	NULL	NULL	NULL	NULL
4391	Incantation of Acid Bane	NULL	NULL	NULL	NULL	NULL	NULL	NULL	NULL
4392	Incantation of Acid Lure	NULL	NULL	NULL	NULL	NULL	NULL	NULL	NULL
4393	Incantation of Blade Bane	NULL	NULL	NULL	NULL	NULL	NULL	NULL	NULL
4394	Incantation of Blade Lure	NULL	NULL	NULL	NULL	NULL	NULL	NULL	NULL
4395	Aura of Incantation of Blood Drinker Self	NULL	NULL	NULL	NULL	NULL	NULL	NULL	NULL
4396	Incantation of Blood Loather	NULL	NULL	NULL	NULL	NULL	NULL	NULL	NULL
4397	Incantation of Bludgeon Bane	NULL	NULL	NULL	NULL	NULL	NULL	NULL	NULL
4398	Incantation of Bludgeon Lure	NULL	NULL	NULL	NULL	NULL	NULL	NULL	NULL
4399	Incantation of Brittlemail	NULL	NULL	NULL	NULL	NULL	NULL	NULL	NULL
4400	Aura of Incantation of Defender Self	NULL	NULL	NULL	NULL	NULL	NULL	NULL	NULL
4401	Incantation of Flame Bane	NULL	NULL	NULL	NULL	NULL	NULL	NULL	NULL
4402	Incantation of Flame Lure	NULL	NULL	NULL	NULL	NULL	NULL	NULL	NULL
4403	Incantation of Frost Bane	NULL	NULL	NULL	NULL	NULL	NULL	NULL	NULL
4404	Incantation of Frost Lure	NULL	NULL	NULL	NULL	NULL	NULL	NULL	NULL
4405	Aura of Incantation of Heart Seeker Self	NULL	NULL	NULL	NULL	NULL	NULL	NULL	NULL
4406	Incantation of Hermetic Void	NULL	NULL	NULL	NULL	NULL	NULL	NULL	NULL
4407	Incantation of Impenetrability	NULL	NULL	NULL	NULL	NULL	NULL	NULL	NULL
4408	Incantation of Leaden Weapon	NULL	NULL	NULL	NULL	NULL	NULL	NULL	NULL
4409	Incantation of Lightning Bane	NULL	NULL	NULL	NULL	NULL	NULL	NULL	NULL
4410	Incantation of Lightning Lure	NULL	NULL	NULL	NULL	NULL	NULL	NULL	NULL
4411	Incantation of Lure Blade	NULL	NULL	NULL	NULL	NULL	NULL	NULL	NULL
4412	Incantation of Piercing Bane	NULL	NULL	NULL	NULL	NULL	NULL	NULL	NULL
4413	Incantation of Piercing Lure	NULL	NULL	NULL	NULL	NULL	NULL	NULL	NULL
4414	Aura of Incantation of Spirit Drinker Self	NULL	NULL	NULL	NULL	NULL	NULL	NULL	NULL
4415	Incantation of Spirit Loather	NULL	NULL	NULL	NULL	NULL	NULL	NULL	NULL
4416	Incantation of Strengthen Lock	NULL	NULL	NULL	NULL	NULL	NULL	NULL	NULL
4417	Aura of Incantation of Swift Killer Self	NULL	NULL	NULL	NULL	NULL	NULL	NULL	NULL
4418	Aura of Incantation of Hermetic Link Self	NULL	NULL	NULL	NULL	NULL	NULL	NULL	NULL
4419	Incantation of Turn Blade	NULL	NULL	NULL	NULL	NULL	NULL	NULL	NULL
4420	Incantation of Weaken Lock	NULL	NULL	NULL	NULL	NULL	NULL	NULL	NULL
4421	Incantation of Acid Arc	32	NULL	NULL	NULL	NULL	NULL	NULL	NULL
4422	Incantation of Blade Arc	1	NULL	NULL	NULL	NULL	NULL	NULL	NULL
4423	Incantation of Flame Arc	16	NULL	NULL	NULL	NULL	NULL	NULL	NULL
4424	Incantation of Force Arc	2	NULL	NULL	NULL	NULL	NULL	NULL	NULL
4425	Incantation of Frost Arc	8	NULL	NULL	NULL	NULL	NULL	NULL	NULL
4426	Incantation of Lightning Arc	64	NULL	NULL	NULL	NULL	NULL	NULL	NULL
4427	Incantation of Shock Arc	4	NULL	NULL	NULL	NULL	NULL	NULL	NULL
4428	Incantation of Martyr's Hecatomb	128	NULL	NULL	0.25	NULL	NULL	NULL	NULL
4429	Incantation of Martyr's Blight	512	NULL	NULL	0.25	NULL	NULL	NULL	NULL
4430	Incantation of Martyr's Tenacity	256	NULL	NULL	0.25	NULL	NULL	NULL	NULL
4431	Incantation of Acid Blast	32	NULL	NULL	NULL	NULL	NULL	NULL	NULL
4432	Incantation of Acid Streak	32	NULL	NULL	NULL	NULL	NULL	NULL	NULL
4433	Incantation of Acid Stream	32	NULL	NULL	NULL	NULL	NULL	NULL	NULL
4434	Incantation of Acid Volley	32	NULL	NULL	NULL	NULL	NULL	NULL	NULL
4435	Incantation of Blade Blast	1	NULL	NULL	NULL	NULL	NULL	NULL	NULL
4436	Incantation of Blade Volley	1	NULL	NULL	NULL	NULL	NULL	NULL	NULL
4437	Incantation of Bludgeoning Volley	4	NULL	NULL	NULL	NULL	NULL	NULL	NULL
4438	Incantation of Flame Blast	16	NULL	NULL	NULL	NULL	NULL	NULL	NULL
4439	Incantation of Flame Bolt	16	NULL	NULL	NULL	NULL	NULL	NULL	NULL
4440	Incantation of Flame Streak	16	NULL	NULL	NULL	NULL	NULL	NULL	NULL
4441	Incantation of Flame Volley	16	NULL	NULL	NULL	NULL	NULL	NULL	NULL
4442	Incantation of Force Blast	2	NULL	NULL	NULL	NULL	NULL	NULL	NULL
4443	Incantation of Force Bolt	2	NULL	NULL	NULL	NULL	NULL	NULL	NULL
4444	Incantation of Force Streak	2	NULL	NULL	NULL	NULL	NULL	NULL	NULL
4445	Incantation of Force Volley	2	NULL	NULL	NULL	NULL	NULL	NULL	NULL
4446	Incantation of Frost Blast	8	NULL	NULL	NULL	NULL	NULL	NULL	NULL
4447	Incantation of Frost Bolt	8	NULL	NULL	NULL	NULL	NULL	NULL	NULL
4448	Incantation of Frost Streak	8	NULL	NULL	NULL	NULL	NULL	NULL	NULL
4449	Incantation of Frost Volley	8	NULL	NULL	NULL	NULL	NULL	NULL	NULL
4450	Incantation of Lightning Blast	64	NULL	NULL	NULL	NULL	NULL	NULL	NULL
4451	Incantation of Lightning Bolt	64	NULL	NULL	NULL	NULL	NULL	NULL	NULL
4452	Incantation of Lightning Streak	64	NULL	NULL	NULL	NULL	NULL	NULL	NULL
4453	Incantation of Lightning Volley	64	NULL	NULL	NULL	NULL	NULL	NULL	NULL
4454	Incantation of Shock Blast	4	NULL	NULL	NULL	NULL	NULL	NULL	NULL
4455	Incantation of Shock Wave	4	NULL	NULL	NULL	NULL	NULL	NULL	NULL
4456	Incantation of Shock Wave Streak	4	NULL	NULL	NULL	NULL	NULL	NULL	NULL
4457	Incantation of Whirling Blade	1	NULL	NULL	NULL	NULL	NULL	NULL	NULL
4458	Incantation of Whirling Blade Streak	1	NULL	NULL	NULL	NULL	NULL	NULL	NULL
4459	Incantation of Acid Protection Other	NULL	NULL	NULL	NULL	NULL	NULL	NULL	NULL
4460	Incantation of Acid Protection Self	NULL	NULL	NULL	NULL	NULL	NULL	NULL	NULL
4461	Incantation of Blade Protection Other	NULL	NULL	NULL	NULL	NULL	NULL	NULL	NULL
4462	Incantation of Blade Protection Self	NULL	NULL	NULL	NULL	NULL	NULL	NULL	NULL
4463	Incantation of Bludgeoning Protection Other	NULL	NULL	NULL	NULL	NULL	NULL	NULL	NULL
4464	Incantation of Bludgeoning Protection Self	NULL	NULL	NULL	NULL	NULL	NULL	NULL	NULL
4465	Incantation of Cold Protection Other	NULL	NULL	NULL	NULL	NULL	NULL	NULL	NULL
4466	Incantation of Cold Protection Self	NULL	NULL	NULL	NULL	NULL	NULL	NULL	NULL
4467	Incantation of Fire Protection Other	NULL	NULL	NULL	NULL	NULL	NULL	NULL	NULL
4468	Incantation of Fire Protection Self	NULL	NULL	NULL	NULL	NULL	NULL	NULL	NULL
4469	Incantation of Lightning Protection Other	NULL	NULL	NULL	NULL	NULL	NULL	NULL	NULL
4470	Incantation of Lightning Protection Self	NULL	NULL	NULL	NULL	NULL	NULL	NULL	NULL
4471	Incantation of Piercing Protection Other	NULL	NULL	NULL	NULL	NULL	NULL	NULL	NULL
4472	Incantation of Piercing Protection Self	NULL	NULL	NULL	NULL	NULL	NULL	NULL	NULL
4473	Incantation of Acid Vulnerability Other	NULL	NULL	NULL	NULL	NULL	NULL	NULL	NULL
4474	Incantation of Acid Vulnerability Self	NULL	NULL	NULL	NULL	NULL	NULL	NULL	NULL
4475	Incantation of Blade Vulnerability Other	NULL	NULL	NULL	NULL	NULL	NULL	NULL	NULL
4476	Incantation of Blade Vulnerability Self	NULL	NULL	NULL	NULL	NULL	NULL	NULL	NULL
4477	Incantation of Bludgeoning Vulnerability Other	NULL	NULL	NULL	NULL	NULL	NULL	NULL	NULL
4478	Incantation of Bludgeoning Vulnerability Self	NULL	NULL	NULL	NULL	NULL	NULL	NULL	NULL
4479	Incantation of Cold Vulnerability Other	NULL	NULL	NULL	NULL	NULL	NULL	NULL	NULL
4480	Incantation of Cold Vulnerability Self	NULL	NULL	NULL	NULL	NULL	NULL	NULL	NULL
4481	Incantation of Fire Vulnerability Other	NULL	NULL	NULL	NULL	NULL	NULL	NULL	NULL
4482	Incantation of Fire Vulnerability Self	NULL	NULL	NULL	NULL	NULL	NULL	NULL	NULL
4483	Incantation of Lightning Vulnerability Other	NULL	NULL	NULL	NULL	NULL	NULL	NULL	NULL
4484	Incantation of Lightning Vulnerability Self	NULL	NULL	NULL	NULL	NULL	NULL	NULL	NULL
4485	Incantation of Piercing Vulnerability Other	NULL	NULL	NULL	NULL	NULL	NULL	NULL	NULL
4486	Incantation of Piercing Vulnerability Self	NULL	NULL	NULL	NULL	NULL	NULL	NULL	NULL
4487	Incantation of Exhaustion Other	NULL	NULL	NULL	NULL	NULL	NULL	NULL	NULL
4488	Incantation of Exhaustion Self	NULL	NULL	NULL	NULL	NULL	NULL	NULL	NULL
4489	Incantation of Fester Other	NULL	NULL	NULL	NULL	NULL	NULL	NULL	NULL
4490	Incantation of Fester Self	NULL	NULL	NULL	NULL	NULL	NULL	NULL	NULL
4491	Incantation of Mana Depletion Other	NULL	NULL	NULL	NULL	NULL	NULL	NULL	NULL
4492	Incantation of Mana Depletion Self	NULL	NULL	NULL	NULL	NULL	NULL	NULL	NULL
4493	Incantation of Mana Renewal Other	NULL	NULL	NULL	NULL	NULL	NULL	NULL	NULL
4494	Incantation of Mana Renewal Self	NULL	NULL	NULL	NULL	NULL	NULL	NULL	NULL
4495	Incantation of Regeneration Other	NULL	NULL	NULL	NULL	NULL	NULL	NULL	NULL
4496	Incantation of Regeneration Self	NULL	NULL	NULL	NULL	NULL	NULL	NULL	NULL
4497	Incantation of Rejuvenation Other	NULL	NULL	NULL	NULL	NULL	NULL	NULL	NULL
4498	Incantation of Rejuvenation Self	NULL	NULL	NULL	NULL	NULL	NULL	NULL	NULL
4499	Incantation of Arcanum Salvaging Self	NULL	NULL	NULL	NULL	NULL	NULL	NULL	NULL
4500	Incantation of Arcanum Enlightenment	NULL	NULL	NULL	NULL	NULL	NULL	NULL	NULL
4501	Incantation of Nuhmudira's Wisdom	NULL	NULL	NULL	NULL	NULL	NULL	NULL	NULL
4502	Incantation of Nuhmudira Enlightenment	NULL	NULL	NULL	NULL	NULL	NULL	NULL	NULL
4503	Incantation of Alchemy Ineptitude Other	NULL	NULL	NULL	NULL	NULL	NULL	NULL	NULL
4504	Incantation of Alchemy Ineptitude Self	NULL	NULL	NULL	NULL	NULL	NULL	NULL	NULL
4505	Incantation of Alchemy Mastery Other	NULL	NULL	NULL	NULL	NULL	NULL	NULL	NULL
4506	Incantation of Alchemy Mastery Self	NULL	NULL	NULL	NULL	NULL	NULL	NULL	NULL
4507	Incantation of Arcane Benightedness Other	NULL	NULL	NULL	NULL	NULL	NULL	NULL	NULL
4508	Incantation of Arcane Benightedness Self	NULL	NULL	NULL	NULL	NULL	NULL	NULL	NULL
4509	Incantation of Arcane Enlightenment Other	NULL	NULL	NULL	NULL	NULL	NULL	NULL	NULL
4510	Incantation of Arcane Enlightenment Self	NULL	NULL	NULL	NULL	NULL	NULL	NULL	NULL
4511	Incantation of Armor Tinkering Expertise Other	NULL	NULL	NULL	NULL	NULL	NULL	NULL	NULL
4512	Incantation of Armor Tinkering Expertise Self	NULL	NULL	NULL	NULL	NULL	NULL	NULL	NULL
4513	Incantation of Armor Tinkering Ignorance Other	NULL	NULL	NULL	NULL	NULL	NULL	NULL	NULL
4514	Incantation of Armor Tinkering Ignorance Self	NULL	NULL	NULL	NULL	NULL	NULL	NULL	NULL
4515	Incantation of Light Weapon Ineptitude Other	NULL	NULL	NULL	NULL	NULL	NULL	NULL	NULL
4516	Incantation of Light Weapon Ineptitude Self	NULL	NULL	NULL	NULL	NULL	NULL	NULL	NULL
4517	Incantation of Light Weapon Mastery Other	NULL	NULL	NULL	NULL	NULL	NULL	NULL	NULL
4518	Incantation of Light Weapon Mastery Self	NULL	NULL	NULL	NULL	NULL	NULL	NULL	NULL
4519	Incantation of Missile Weapon Ineptitude Other	NULL	NULL	NULL	NULL	NULL	NULL	NULL	NULL
4520	Incantation of Missile Weapon Ineptitude Self	NULL	NULL	NULL	NULL	NULL	NULL	NULL	NULL
4521	Incantation of Missile Weapon Mastery Other	NULL	NULL	NULL	NULL	NULL	NULL	NULL	NULL
4522	Incantation of Missile Weapon Mastery Self	NULL	NULL	NULL	NULL	NULL	NULL	NULL	NULL
4523	Incantation of Cooking Ineptitude Other	NULL	NULL	NULL	NULL	NULL	NULL	NULL	NULL
4524	Incantation of Cooking Ineptitude Self	NULL	NULL	NULL	NULL	NULL	NULL	NULL	NULL
4525	Incantation of Cooking Mastery Other	NULL	NULL	NULL	NULL	NULL	NULL	NULL	NULL
4526	Incantation of Cooking Mastery Self	NULL	NULL	NULL	NULL	NULL	NULL	NULL	NULL
4527	Incantation of Creature Enchantment Ineptitude Other	NULL	NULL	NULL	NULL	NULL	NULL	NULL	NULL
4528	Incantation of Creature Enchantment Ineptitude Self	NULL	NULL	NULL	NULL	NULL	NULL	NULL	NULL
4529	Incantation of Creature Enchantment Mastery Other	NULL	NULL	NULL	NULL	NULL	NULL	NULL	NULL
4530	Incantation of Creature Enchantment Mastery Self	NULL	NULL	NULL	NULL	NULL	NULL	NULL	NULL
4531	Incantation of Missile Weapon Ineptitude Other	NULL	NULL	NULL	NULL	NULL	NULL	NULL	NULL
4532	Incantation of Missile Weapon Ineptitude Self	NULL	NULL	NULL	NULL	NULL	NULL	NULL	NULL
4533	Incantation of Missile Weapon Mastery Other	NULL	NULL	NULL	NULL	NULL	NULL	NULL	NULL
4534	Incantation of Missile Weapon Mastery Self	NULL	NULL	NULL	NULL	NULL	NULL	NULL	NULL
4535	Incantation of Finesse Weapon Ineptitude Other	NULL	NULL	NULL	NULL	NULL	NULL	NULL	NULL
4536	Incantation of Finesse Weapon Ineptitude Self	NULL	NULL	NULL	NULL	NULL	NULL	NULL	NULL
4537	Incantation of Finesse Weapon Mastery Other	NULL	NULL	NULL	NULL	NULL	NULL	NULL	NULL
4538	Incantation of Finesse Weapon Mastery Self	NULL	NULL	NULL	NULL	NULL	NULL	NULL	NULL
4539	Incantation of Deception Ineptitude Other	NULL	NULL	NULL	NULL	NULL	NULL	NULL	NULL
4540	Incantation of Deception Ineptitude Self	NULL	NULL	NULL	NULL	NULL	NULL	NULL	NULL
4541	Incantation of Deception Mastery Other	NULL	NULL	NULL	NULL	NULL	NULL	NULL	NULL
4542	Incantation of Deception Mastery Self	NULL	NULL	NULL	NULL	NULL	NULL	NULL	NULL
4543	Incantation of Defenselessness Other	NULL	NULL	NULL	NULL	NULL	NULL	NULL	NULL
4544	Incantation of Defenselessness Self	NULL	NULL	NULL	NULL	NULL	NULL	NULL	NULL
4545	Incantation of Faithlessness Other	NULL	NULL	NULL	NULL	NULL	NULL	NULL	NULL
4546	Incantation of Faithlessness Self	NULL	NULL	NULL	NULL	NULL	NULL	NULL	NULL
4547	Incantation of Fealty Other	NULL	NULL	NULL	NULL	NULL	NULL	NULL	NULL
4548	Incantation of Fealty Self	NULL	NULL	NULL	NULL	NULL	NULL	NULL	NULL
4549	Incantation of Fletching Ineptitude Other	NULL	NULL	NULL	NULL	NULL	NULL	NULL	NULL
4550	Incantation of Fletching Ineptitude Self	NULL	NULL	NULL	NULL	NULL	NULL	NULL	NULL
4551	Incantation of Fletching Mastery Other	NULL	NULL	NULL	NULL	NULL	NULL	NULL	NULL
4552	Incantation of Fletching Mastery Self	NULL	NULL	NULL	NULL	NULL	NULL	NULL	NULL
4553	Incantation of Healing Ineptitude Other	NULL	NULL	NULL	NULL	NULL	NULL	NULL	NULL
4554	Incantation of Healing Ineptitude Self	NULL	NULL	NULL	NULL	NULL	NULL	NULL	NULL
4555	Incantation of Healing Mastery Other	NULL	NULL	NULL	NULL	NULL	NULL	NULL	NULL
4556	Incantation of Healing Mastery Self	NULL	NULL	NULL	NULL	NULL	NULL	NULL	NULL
4557	Incantation of Impregnability Other	NULL	NULL	NULL	NULL	NULL	NULL	NULL	NULL
4558	Incantation of Impregnability Self	NULL	NULL	NULL	NULL	NULL	NULL	NULL	NULL
4559	Incantation of Invulnerability Other	NULL	NULL	NULL	NULL	NULL	NULL	NULL	NULL
4560	Incantation of Invulnerability Self	NULL	NULL	NULL	NULL	NULL	NULL	NULL	NULL
4561	Incantation of Item Enchantment Ineptitude Other	NULL	NULL	NULL	NULL	NULL	NULL	NULL	NULL
4562	Incantation of Item Enchantment Ineptitude Self	NULL	NULL	NULL	NULL	NULL	NULL	NULL	NULL
4563	Incantation of Item Enchantment Mastery Other	NULL	NULL	NULL	NULL	NULL	NULL	NULL	NULL
4564	Incantation of Item Enchantment Mastery Self	NULL	NULL	NULL	NULL	NULL	NULL	NULL	NULL
4565	Incantation of Item Tinkering Expertise Other	NULL	NULL	NULL	NULL	NULL	NULL	NULL	NULL
4566	Incantation of Item Tinkering Expertise Self	NULL	NULL	NULL	NULL	NULL	NULL	NULL	NULL
4567	Incantation of Item Tinkering Ignorance Other	NULL	NULL	NULL	NULL	NULL	NULL	NULL	NULL
4568	Incantation of Item Tinkering Ignorance Self	NULL	NULL	NULL	NULL	NULL	NULL	NULL	NULL
4569	Incantation of Jumping Ineptitude Other	NULL	NULL	NULL	NULL	NULL	NULL	NULL	NULL
4570	Incantation of Jumping Ineptitude Self	NULL	NULL	NULL	NULL	NULL	NULL	NULL	NULL
4571	Incantation of Jumping Mastery Other	NULL	NULL	NULL	NULL	NULL	NULL	NULL	NULL
4572	Incantation of Jumping Mastery Self	NULL	NULL	NULL	NULL	NULL	NULL	NULL	NULL
4573	Incantation of Leaden Feet Other	NULL	NULL	NULL	NULL	NULL	NULL	NULL	NULL
4574	Incantation of Leaden Feet Self	NULL	NULL	NULL	NULL	NULL	NULL	NULL	NULL
4575	Incantation of Leadership Ineptitude Other	NULL	NULL	NULL	NULL	NULL	NULL	NULL	NULL
4576	Incantation of Leadership Ineptitude Self	NULL	NULL	NULL	NULL	NULL	NULL	NULL	NULL
4577	Incantation of Leadership Mastery Other	NULL	NULL	NULL	NULL	NULL	NULL	NULL	NULL
4578	Incantation of Leadership Mastery Self	NULL	NULL	NULL	NULL	NULL	NULL	NULL	NULL
4579	Incantation of Life Magic Ineptitude Other	NULL	NULL	NULL	NULL	NULL	NULL	NULL	NULL
4580	Incantation of Life Magic Ineptitude Self	NULL	NULL	NULL	NULL	NULL	NULL	NULL	NULL
4581	Incantation of Life Magic Mastery Other	NULL	NULL	NULL	NULL	NULL	NULL	NULL	NULL
4582	Incantation of Life Magic Mastery Self	NULL	NULL	NULL	NULL	NULL	NULL	NULL	NULL
4583	Incantation of Lockpick Ineptitude Other	NULL	NULL	NULL	NULL	NULL	NULL	NULL	NULL
4584	Incantation of Lockpick Ineptitude Self	NULL	NULL	NULL	NULL	NULL	NULL	NULL	NULL
4585	Incantation of Lockpick Mastery Other	NULL	NULL	NULL	NULL	NULL	NULL	NULL	NULL
4586	Incantation of Lockpick Mastery Self	NULL	NULL	NULL	NULL	NULL	NULL	NULL	NULL
4587	Incantation of Light Weapon Ineptitude Other	NULL	NULL	NULL	NULL	NULL	NULL	NULL	NULL
4588	Incantation of Light Weapon Ineptitude Self	NULL	NULL	NULL	NULL	NULL	NULL	NULL	NULL
4589	Incantation of Light Weapon Mastery Other	NULL	NULL	NULL	NULL	NULL	NULL	NULL	NULL
4590	Incantation of Light Weapon Mastery Self	NULL	NULL	NULL	NULL	NULL	NULL	NULL	NULL
4591	Incantation of Magic Item Tinkering Expertise Other	NULL	NULL	NULL	NULL	NULL	NULL	NULL	NULL
4592	Incantation of Magic Item Tinkering Expertise Self	NULL	NULL	NULL	NULL	NULL	NULL	NULL	NULL
4593	Incantation of Magic Item Tinkering Ignorance Other	NULL	NULL	NULL	NULL	NULL	NULL	NULL	NULL
4594	Incantation of Magic Item Tinkering Ignorance Self	NULL	NULL	NULL	NULL	NULL	NULL	NULL	NULL
4595	Incantation of Magic Resistance Other	NULL	NULL	NULL	NULL	NULL	NULL	NULL	NULL
4596	Incantation of Magic Resistance Self	NULL	NULL	NULL	NULL	NULL	NULL	NULL	NULL
4597	Incantation of Magic Yield Other	NULL	NULL	NULL	NULL	NULL	NULL	NULL	NULL
4598	Incantation of Magic Yield Self	NULL	NULL	NULL	NULL	NULL	NULL	NULL	NULL
4599	Incantation of Mana Conversion Ineptitude Other	NULL	NULL	NULL	NULL	NULL	NULL	NULL	NULL
4600	Incantation of Mana Conversion Ineptitude Self	NULL	NULL	NULL	NULL	NULL	NULL	NULL	NULL
4601	Incantation of Mana Conversion Mastery Other	NULL	NULL	NULL	NULL	NULL	NULL	NULL	NULL
4602	Incantation of Mana Conversion Mastery Self	NULL	NULL	NULL	NULL	NULL	NULL	NULL	NULL
4603	Incantation of Monster Attunement Other	NULL	NULL	NULL	NULL	NULL	NULL	NULL	NULL
4604	Incantation of Monster Attunement Self	NULL	NULL	NULL	NULL	NULL	NULL	NULL	NULL
4605	Incantation of Monster Unfamiliarity Other	NULL	NULL	NULL	NULL	NULL	NULL	NULL	NULL
4606	Incantation of Monster Unfamiliarity Self	NULL	NULL	NULL	NULL	NULL	NULL	NULL	NULL
4607	Incantation of Person Attunement Other	NULL	NULL	NULL	NULL	NULL	NULL	NULL	NULL
4608	Incantation of Person Attunement Self	NULL	NULL	NULL	NULL	NULL	NULL	NULL	NULL
4609	Incantation of Person Unfamiliarity Other	NULL	NULL	NULL	NULL	NULL	NULL	NULL	NULL
4610	Incantation of Person Unfamiliarity Self	NULL	NULL	NULL	NULL	NULL	NULL	NULL	NULL
4611	Incantation of Light Weapon Ineptitude Other	NULL	NULL	NULL	NULL	NULL	NULL	NULL	NULL
4612	Incantation of Light Weapon Ineptitude Self	NULL	NULL	NULL	NULL	NULL	NULL	NULL	NULL
4613	Incantation of Light Weapon Mastery Other	NULL	NULL	NULL	NULL	NULL	NULL	NULL	NULL
4614	Incantation of Light Weapon Mastery Self	NULL	NULL	NULL	NULL	NULL	NULL	NULL	NULL
4615	Incantation of Sprint Other	NULL	NULL	NULL	NULL	NULL	NULL	NULL	NULL
4616	Incantation of Sprint Self	NULL	NULL	NULL	NULL	NULL	NULL	NULL	NULL
4617	Incantation of Light Weapon Ineptitude Other	NULL	NULL	NULL	NULL	NULL	NULL	NULL	NULL
4618	Incantation of Light Weapon Ineptitude Self	NULL	NULL	NULL	NULL	NULL	NULL	NULL	NULL
4619	Incantation of Light Weapon Mastery Other	NULL	NULL	NULL	NULL	NULL	NULL	NULL	NULL
4620	Incantation of Light Weapon Mastery Self	NULL	NULL	NULL	NULL	NULL	NULL	NULL	NULL
4621	Incantation of Heavy Weapon Ineptitude Other	NULL	NULL	NULL	NULL	NULL	NULL	NULL	NULL
4622	Incantation of Heavy Weapon Ineptitude Self	NULL	NULL	NULL	NULL	NULL	NULL	NULL	NULL
4623	Incantation of Heavy Weapon Mastery Other	NULL	NULL	NULL	NULL	NULL	NULL	NULL	NULL
4624	Incantation of Heavy Weapon Mastery Self	NULL	NULL	NULL	NULL	NULL	NULL	NULL	NULL
4625	Incantation of Missile Weapon Ineptitude Other	NULL	NULL	NULL	NULL	NULL	NULL	NULL	NULL
4626	Incantation of Missile Weapon Ineptitude Self	NULL	NULL	NULL	NULL	NULL	NULL	NULL	NULL
4627	Incantation of Missile Weapon Mastery Other	NULL	NULL	NULL	NULL	NULL	NULL	NULL	NULL
4628	Incantation of Missile Weapon Mastery Self	NULL	NULL	NULL	NULL	NULL	NULL	NULL	NULL
4629	Incantation of Light Weapon Ineptitude Other	NULL	NULL	NULL	NULL	NULL	NULL	NULL	NULL
4630	Incantation of Light Weapon Mastery Other	NULL	NULL	NULL	NULL	NULL	NULL	NULL	NULL
4631	Incantation of Light Weapon Mastery Self	NULL	NULL	NULL	NULL	NULL	NULL	NULL	NULL
4632	Incantation of Light Weapon Ineptitude Other	NULL	NULL	NULL	NULL	NULL	NULL	NULL	NULL
4633	Incantation of Vulnerability Other	NULL	NULL	NULL	NULL	NULL	NULL	NULL	NULL
4634	Incantation of Vulnerability Self	NULL	NULL	NULL	NULL	NULL	NULL	NULL	NULL
4635	Incantation of War Magic Ineptitude Other	NULL	NULL	NULL	NULL	NULL	NULL	NULL	NULL
4636	Incantation of War Magic Ineptitude Self	NULL	NULL	NULL	NULL	NULL	NULL	NULL	NULL
4637	Incantation of War Magic Mastery Other	NULL	NULL	NULL	NULL	NULL	NULL	NULL	NULL
4638	Incantation of War Magic Mastery Self	NULL	NULL	NULL	NULL	NULL	NULL	NULL	NULL
4639	Incantation of Weapon Tinkering Expertise Other	NULL	NULL	NULL	NULL	NULL	NULL	NULL	NULL
4640	Incantation of Weapon Tinkering Expertise Self	NULL	NULL	NULL	NULL	NULL	NULL	NULL	NULL
4641	Incantation of Weapon Tinkering Ignorance Other	NULL	NULL	NULL	NULL	NULL	NULL	NULL	NULL
4642	Incantation of Weapon Tinkering Ignorance Self	NULL	NULL	NULL	NULL	NULL	NULL	NULL	NULL
4643	Incantation of Drain Health Other	NULL	NULL	NULL	NULL	NULL	NULL	NULL	NULL
4644	Incantation of Drain Mana Other	NULL	NULL	NULL	NULL	NULL	NULL	NULL	NULL
4645	Incantation of Drain Stamina Other	NULL	NULL	NULL	NULL	NULL	NULL	NULL	NULL
4646	Incantation of Health to Mana Other	NULL	NULL	NULL	NULL	NULL	NULL	NULL	NULL
4647	Incantation of Health to Mana Self	NULL	NULL	NULL	NULL	NULL	NULL	NULL	NULL
4648	Incantation of Health to Stamina Other	NULL	NULL	NULL	NULL	NULL	NULL	NULL	NULL
4649	Incantation of Health to Stamina Self	NULL	NULL	NULL	NULL	NULL	NULL	NULL	NULL
4650	Incantation of Infuse Health Other	NULL	NULL	NULL	NULL	NULL	NULL	NULL	NULL
4651	Incantation of Infuse Mana Other	NULL	NULL	NULL	NULL	NULL	NULL	NULL	NULL
4652	Incantation of Infuse Stamina Other	NULL	NULL	NULL	NULL	NULL	NULL	NULL	NULL
4653	Incantation of Mana to Health Other	NULL	NULL	NULL	NULL	NULL	NULL	NULL	NULL
4654	Incantation of Mana to Health Self	NULL	NULL	NULL	NULL	NULL	NULL	NULL	NULL
4655	Incantation of Mana to Stamina Other	NULL	NULL	NULL	NULL	NULL	NULL	NULL	NULL
4656	Incantation of Mana to Stamina Self	NULL	NULL	NULL	NULL	NULL	NULL	NULL	NULL
4657	Incantation of Stamina to Health Other	NULL	NULL	NULL	NULL	NULL	NULL	NULL	NULL
4658	Incantation of Stamina to Health Self	NULL	NULL	NULL	NULL	NULL	NULL	NULL	NULL
4659	Incantation of Stamina to Mana Other	NULL	NULL	NULL	NULL	NULL	NULL	NULL	NULL
4660	Epic Acid Bane	NULL	NULL	NULL	NULL	NULL	NULL	NULL	NULL
4661	Epic Blood Thirst	NULL	NULL	NULL	NULL	NULL	NULL	NULL	NULL
4662	Epic Bludgeoning Bane	NULL	NULL	NULL	NULL	NULL	NULL	NULL	NULL
4663	Epic Defender	NULL	NULL	NULL	NULL	NULL	NULL	NULL	NULL
4664	Epic Flame Bane	NULL	NULL	NULL	NULL	NULL	NULL	NULL	NULL
4665	Epic Frost Bane	NULL	NULL	NULL	NULL	NULL	NULL	NULL	NULL
4666	Epic Heart Thirst	NULL	NULL	NULL	NULL	NULL	NULL	NULL	NULL
4667	Epic Impenetrability	NULL	NULL	NULL	NULL	NULL	NULL	NULL	NULL
4668	Epic Piercing Bane	NULL	NULL	NULL	NULL	NULL	NULL	NULL	NULL
4669	Epic Slashing Bane	NULL	NULL	NULL	NULL	NULL	NULL	NULL	NULL
4670	Epic Spirit Thirst	NULL	NULL	NULL	NULL	NULL	NULL	NULL	NULL
4671	Epic Storm Bane	NULL	NULL	NULL	NULL	NULL	NULL	NULL	NULL
4672	Epic Swift Hunter	NULL	NULL	NULL	NULL	NULL	NULL	NULL	NULL
4673	Epic Acid Ward	NULL	NULL	NULL	NULL	NULL	NULL	NULL	NULL
4674	Epic Bludgeoning Ward	NULL	NULL	NULL	NULL	NULL	NULL	NULL	NULL
4675	Epic Flame Ward	NULL	NULL	NULL	NULL	NULL	NULL	NULL	NULL
4676	Epic Frost Ward	NULL	NULL	NULL	NULL	NULL	NULL	NULL	NULL
4677	Epic Piercing Ward	NULL	NULL	NULL	NULL	NULL	NULL	NULL	NULL
4678	Epic Slashing Ward	NULL	NULL	NULL	NULL	NULL	NULL	NULL	NULL
4679	Epic Storm Ward	NULL	NULL	NULL	NULL	NULL	NULL	NULL	NULL
4680	Epic Health Gain	NULL	NULL	NULL	NULL	NULL	NULL	NULL	NULL
4681	Epic Mana Gain	NULL	NULL	NULL	NULL	NULL	NULL	NULL	NULL
4682	Epic Stamina Gain	NULL	NULL	NULL	NULL	NULL	NULL	NULL	NULL
4683	Epic Alchemical Prowess	NULL	NULL	NULL	NULL	NULL	NULL	NULL	NULL
4684	Epic Arcane Prowess	NULL	NULL	NULL	NULL	NULL	NULL	NULL	NULL
4685	Epic Armor Tinkering Expertise	NULL	NULL	NULL	NULL	NULL	NULL	NULL	NULL
4686	Epic Light Weapon Aptitude	NULL	NULL	NULL	NULL	NULL	NULL	NULL	NULL
4687	Epic Missile Weapon Aptitude	NULL	NULL	NULL	NULL	NULL	NULL	NULL	NULL
4688	Epic Cooking Prowess	NULL	NULL	NULL	NULL	NULL	NULL	NULL	NULL
4689	Epic Creature Enchantment Aptitude	NULL	NULL	NULL	NULL	NULL	NULL	NULL	NULL
4690	Epic Missile Weapon Aptitude	NULL	NULL	NULL	NULL	NULL	NULL	NULL	NULL
4691	Epic Finesse Weapon Aptitude	NULL	NULL	NULL	NULL	NULL	NULL	NULL	NULL
4692	Epic Fealty	NULL	NULL	NULL	NULL	NULL	NULL	NULL	NULL
4693	Epic Fletching Prowess	NULL	NULL	NULL	NULL	NULL	NULL	NULL	NULL
4694	Epic Healing Prowess	NULL	NULL	NULL	NULL	NULL	NULL	NULL	NULL
4695	Epic Impregnability	NULL	NULL	NULL	NULL	NULL	NULL	NULL	NULL
4696	Epic Invulnerability	NULL	NULL	NULL	NULL	NULL	NULL	NULL	NULL
4697	Epic Item Enchantment Aptitude	NULL	NULL	NULL	NULL	NULL	NULL	NULL	NULL
4698	Epic Item Tinkering Expertise	NULL	NULL	NULL	NULL	NULL	NULL	NULL	NULL
4699	Epic Jumping Prowess	NULL	NULL	NULL	NULL	NULL	NULL	NULL	NULL
4700	Epic Life Magic Aptitude	NULL	NULL	NULL	NULL	NULL	NULL	NULL	NULL
4701	Epic Lockpick Prowess	NULL	NULL	NULL	NULL	NULL	NULL	NULL	NULL
4702	Epic Light Weapon Aptitude	NULL	NULL	NULL	NULL	NULL	NULL	NULL	NULL
4703	Epic Magic Item Tinkering Expertise	NULL	NULL	NULL	NULL	NULL	NULL	NULL	NULL
4704	Epic Magic Resistance	NULL	NULL	NULL	NULL	NULL	NULL	NULL	NULL
4705	Epic Mana Conversion Prowess	NULL	NULL	NULL	NULL	NULL	NULL	NULL	NULL
4706	Epic Monster Attunement	NULL	NULL	NULL	NULL	NULL	NULL	NULL	NULL
4707	Epic Person Attunement	NULL	NULL	NULL	NULL	NULL	NULL	NULL	NULL
4708	Epic Salvaging Aptitude	NULL	NULL	NULL	NULL	NULL	NULL	NULL	NULL
4709	Epic Light Weapon Aptitude	NULL	NULL	NULL	NULL	NULL	NULL	NULL	NULL
4710	Epic Sprint	NULL	NULL	NULL	NULL	NULL	NULL	NULL	NULL
4711	Epic Light Weapon Aptitude	NULL	NULL	NULL	NULL	NULL	NULL	NULL	NULL
4712	Epic Heavy Weapon Aptitude	NULL	NULL	NULL	NULL	NULL	NULL	NULL	NULL
4713	Epic Missile Weapon Aptitude	NULL	NULL	NULL	NULL	NULL	NULL	NULL	NULL
4714	Epic Light Weapon Aptitude	NULL	NULL	NULL	NULL	NULL	NULL	NULL	NULL
4715	Epic War Magic Aptitude	NULL	NULL	NULL	NULL	NULL	NULL	NULL	NULL
4716	Burning Curse	NULL	128	NULL	NULL	-100	NULL	NULL	NULL
4717	Expedient Return to Ulgrim	NULL	NULL	NULL	NULL	NULL	NULL	NULL	NULL
4718	Welcomed by the Blood Witches	NULL	NULL	NULL	NULL	NULL	NULL	NULL	NULL
4719	Welcomed by the Blood Witches	NULL	NULL	NULL	NULL	NULL	NULL	NULL	NULL
4720	Welcomed by the Blood Witches	NULL	NULL	NULL	NULL	NULL	NULL	NULL	NULL
4721	Travel to the Ruins of Degar'Alesh	NULL	NULL	NULL	NULL	NULL	NULL	NULL	NULL
4722	Bleed Other	NULL	NULL	NULL	NULL	NULL	NULL	NULL	NULL
4723	Bleed Self	NULL	NULL	NULL	NULL	NULL	NULL	NULL	NULL
4724	Gateway to Nyr'leha	NULL	NULL	NULL	NULL	NULL	NULL	NULL	NULL
4725	The Pit of Heretics	NULL	NULL	NULL	NULL	NULL	NULL	NULL	NULL
4726	Poison	NULL	NULL	NULL	NULL	NULL	NULL	NULL	NULL
4727	Poison	NULL	NULL	NULL	NULL	NULL	NULL	NULL	NULL
4728	Poison	NULL	NULL	NULL	NULL	NULL	NULL	NULL	NULL
4729	Travel to the Catacombs of Tar'Kelyn	NULL	NULL	NULL	NULL	NULL	NULL	NULL	NULL
4730	Novice Duelist's Coordination	NULL	NULL	NULL	NULL	NULL	NULL	NULL	NULL
4731	Apprentice Duelist's Coordination	NULL	NULL	NULL	NULL	NULL	NULL	NULL	NULL
4732	Journeyman Duelist's Coordination	NULL	NULL	NULL	NULL	NULL	NULL	NULL	NULL
4733	Master Duelist's Coordination	NULL	NULL	NULL	NULL	NULL	NULL	NULL	NULL
4734	Novice Hero's Endurance	NULL	NULL	NULL	NULL	NULL	NULL	NULL	NULL
4735	Apprentice Hero's Endurance	NULL	NULL	NULL	NULL	NULL	NULL	NULL	NULL
4736	Journeyman Hero's Endurance	NULL	NULL	NULL	NULL	NULL	NULL	NULL	NULL
4737	Master Hero's Endurance	NULL	NULL	NULL	NULL	NULL	NULL	NULL	NULL
4738	Novice Sage's Focus	NULL	NULL	NULL	NULL	NULL	NULL	NULL	NULL
4739	Apprentice Sage's Focus	NULL	NULL	NULL	NULL	NULL	NULL	NULL	NULL
4740	Journeyman Sage's Focus	NULL	NULL	NULL	NULL	NULL	NULL	NULL	NULL
4741	Master Sage's Focus	NULL	NULL	NULL	NULL	NULL	NULL	NULL	NULL
4742	Novice Rover's Quickness	NULL	NULL	NULL	NULL	NULL	NULL	NULL	NULL
4743	Apprentice Rover's Quickness	NULL	NULL	NULL	NULL	NULL	NULL	NULL	NULL
4744	Journeyman Rover's Quickness	NULL	NULL	NULL	NULL	NULL	NULL	NULL	NULL
4745	Master Rover's Quickness	NULL	NULL	NULL	NULL	NULL	NULL	NULL	NULL
4746	Novice Brute's Strength	NULL	NULL	NULL	NULL	NULL	NULL	NULL	NULL
4747	Apprentice Brute's Strength	NULL	NULL	NULL	NULL	NULL	NULL	NULL	NULL
4748	Journeyman Brute's Strength	NULL	NULL	NULL	NULL	NULL	NULL	NULL	NULL
4749	Master Brute's Strength	NULL	NULL	NULL	NULL	NULL	NULL	NULL	NULL
4750	Novice Adherent's Willpower	NULL	NULL	NULL	NULL	NULL	NULL	NULL	NULL
4751	Apprentice Adherent's Willpower	NULL	NULL	NULL	NULL	NULL	NULL	NULL	NULL
4752	Journeyman Adherent's Willpower	NULL	NULL	NULL	NULL	NULL	NULL	NULL	NULL
4753	Master Adherent's Willpower	NULL	NULL	NULL	NULL	NULL	NULL	NULL	NULL
4754	Apprentice Survivor's Health	NULL	NULL	NULL	NULL	NULL	NULL	NULL	NULL
4755	Journeyman Survivor's Health	NULL	NULL	NULL	NULL	NULL	NULL	NULL	NULL
4756	Apprentice Clairvoyant's Mana	NULL	NULL	NULL	NULL	NULL	NULL	NULL	NULL
4757	Journeyman Clairvoyant's Mana	NULL	NULL	NULL	NULL	NULL	NULL	NULL	NULL
4758	Apprentice Tracker's Stamina	NULL	NULL	NULL	NULL	NULL	NULL	NULL	NULL
4759	Journeyman Tracker's Stamina	NULL	NULL	NULL	NULL	NULL	NULL	NULL	NULL
4760	Incidental Acid Resistance	NULL	NULL	NULL	NULL	NULL	NULL	NULL	NULL
4761	Crude Acid Resistance	NULL	NULL	NULL	NULL	NULL	NULL	NULL	NULL
4762	Effective Acid Resistance	NULL	NULL	NULL	NULL	NULL	NULL	NULL	NULL
4763	Masterwork Acid Resistance	NULL	NULL	NULL	NULL	NULL	NULL	NULL	NULL
4764	Incidental Bludgeoning Resistance	NULL	NULL	NULL	NULL	NULL	NULL	NULL	NULL
4765	Crude Bludgeoning Resistance	NULL	NULL	NULL	NULL	NULL	NULL	NULL	NULL
4766	Effective Bludgeoning Resistance	NULL	NULL	NULL	NULL	NULL	NULL	NULL	NULL
4767	Masterwork Bludgeoning Resistance	NULL	NULL	NULL	NULL	NULL	NULL	NULL	NULL
4768	Incidental Flame Resistance	NULL	NULL	NULL	NULL	NULL	NULL	NULL	NULL
4769	Crude Flame Resistance	NULL	NULL	NULL	NULL	NULL	NULL	NULL	NULL
4770	Effective Flame Resistance	NULL	NULL	NULL	NULL	NULL	NULL	NULL	NULL
4771	Masterwork Flame Resistance	NULL	NULL	NULL	NULL	NULL	NULL	NULL	NULL
4772	Incidental Frost Resistance	NULL	NULL	NULL	NULL	NULL	NULL	NULL	NULL
4773	Crude Frost Resistance	NULL	NULL	NULL	NULL	NULL	NULL	NULL	NULL
4774	Effective Frost Resistance	NULL	NULL	NULL	NULL	NULL	NULL	NULL	NULL
4775	Masterwork Frost Resistance	NULL	NULL	NULL	NULL	NULL	NULL	NULL	NULL
4776	Incidental Lightning Resistance	NULL	NULL	NULL	NULL	NULL	NULL	NULL	NULL
4777	Crude Lightning Resistance	NULL	NULL	NULL	NULL	NULL	NULL	NULL	NULL
4778	Effective Lightning Resistance	NULL	NULL	NULL	NULL	NULL	NULL	NULL	NULL
4779	Masterwork Lightning Resistance	NULL	NULL	NULL	NULL	NULL	NULL	NULL	NULL
4780	Incidental Piercing Resistance	NULL	NULL	NULL	NULL	NULL	NULL	NULL	NULL
4781	Crude Piercing Resistance	NULL	NULL	NULL	NULL	NULL	NULL	NULL	NULL
4782	Effective Piercing Resistance	NULL	NULL	NULL	NULL	NULL	NULL	NULL	NULL
4783	Masterwork Piercing Resistance	NULL	NULL	NULL	NULL	NULL	NULL	NULL	NULL
4784	Incidental Slashing Resistance	NULL	NULL	NULL	NULL	NULL	NULL	NULL	NULL
4785	Crude Slashing Resistance	NULL	NULL	NULL	NULL	NULL	NULL	NULL	NULL
4786	Effective Slashing Resistance	NULL	NULL	NULL	NULL	NULL	NULL	NULL	NULL
4787	Masterwork Slashing Resistance	NULL	NULL	NULL	NULL	NULL	NULL	NULL	NULL
4788	Novice Concoctor's Alchemy Aptitude	NULL	NULL	NULL	NULL	NULL	NULL	NULL	NULL
4789	Apprentice Concoctor's Alchemy Aptitude	NULL	NULL	NULL	NULL	NULL	NULL	NULL	NULL
4790	Journeyman Concoctor's Alchemy Aptitude	NULL	NULL	NULL	NULL	NULL	NULL	NULL	NULL
4791	Master Concoctor's Alchemy Aptitude	NULL	NULL	NULL	NULL	NULL	NULL	NULL	NULL
4792	Novice Armorer's Armor Tinkering Aptitude	NULL	NULL	NULL	NULL	NULL	NULL	NULL	NULL
4793	Apprentice Armorer's Armor Tinkering Aptitude	NULL	NULL	NULL	NULL	NULL	NULL	NULL	NULL
4794	Journeyman Armorer's Armor Tinkering Aptitude	NULL	NULL	NULL	NULL	NULL	NULL	NULL	NULL
4795	Master Armorer's Armor Tinkering Aptitude	NULL	NULL	NULL	NULL	NULL	NULL	NULL	NULL
4796	Novice Soldier's Light Weapon Aptitude	NULL	NULL	NULL	NULL	NULL	NULL	NULL	NULL
4797	Apprentice Soldier's Light Weapon Aptitude	NULL	NULL	NULL	NULL	NULL	NULL	NULL	NULL
4798	Journeyman Soldier's Light Weapon Aptitude	NULL	NULL	NULL	NULL	NULL	NULL	NULL	NULL
4799	Master Soldier's Light Weapon Aptitude	NULL	NULL	NULL	NULL	NULL	NULL	NULL	NULL
4800	Novice Archer's Missile Weapon Aptitude	NULL	NULL	NULL	NULL	NULL	NULL	NULL	NULL
4801	Apprentice Archer's Missile Weapon Aptitude	NULL	NULL	NULL	NULL	NULL	NULL	NULL	NULL
4802	Journeyman Archer's Missile Weapon Aptitude	NULL	NULL	NULL	NULL	NULL	NULL	NULL	NULL
4803	Master Archer's Missile Weapon Aptitude	NULL	NULL	NULL	NULL	NULL	NULL	NULL	NULL
4804	Novice Chef's Cooking Aptitude	NULL	NULL	NULL	NULL	NULL	NULL	NULL	NULL
4805	Apprentice Chef's Cooking Aptitude	NULL	NULL	NULL	NULL	NULL	NULL	NULL	NULL
4806	Journeyman Chef's Cooking Aptitude	NULL	NULL	NULL	NULL	NULL	NULL	NULL	NULL
4807	Master Chef's Cooking Aptitude	NULL	NULL	NULL	NULL	NULL	NULL	NULL	NULL
4808	Novice Enchanter's Creature Aptitude	NULL	NULL	NULL	NULL	NULL	NULL	NULL	NULL
4809	Apprentice Enchanter's Creature Aptitude	NULL	NULL	NULL	NULL	NULL	NULL	NULL	NULL
4810	Journeyman Enchanter's Creature Aptitude	NULL	NULL	NULL	NULL	NULL	NULL	NULL	NULL
4811	Master Enchanter's Creature Aptitude	NULL	NULL	NULL	NULL	NULL	NULL	NULL	NULL
4812	Novice Archer's Missile Weapon Aptitude	NULL	NULL	NULL	NULL	NULL	NULL	NULL	NULL
4813	Apprentice Archer's Missile Weapon Aptitude	NULL	NULL	NULL	NULL	NULL	NULL	NULL	NULL
4814	Journeyman Archer's Missile Weapon Aptitude	NULL	NULL	NULL	NULL	NULL	NULL	NULL	NULL
4815	Master Archer's Missile Weapon Aptitude	NULL	NULL	NULL	NULL	NULL	NULL	NULL	NULL
4816	Novice Soldier's Finesse Weapon Aptitude	NULL	NULL	NULL	NULL	NULL	NULL	NULL	NULL
4817	Apprentice Soldier's Finesse Weapon Aptitude	NULL	NULL	NULL	NULL	NULL	NULL	NULL	NULL
4818	Journeyman Soldier's Finesse Weapon Aptitude	NULL	NULL	NULL	NULL	NULL	NULL	NULL	NULL
4819	Master Soldier's Finesse Weapon Aptitude	NULL	NULL	NULL	NULL	NULL	NULL	NULL	NULL
4820	Novice Huntsman's Fletching Aptitude	NULL	NULL	NULL	NULL	NULL	NULL	NULL	NULL
4821	Apprentice Huntsman's Fletching Aptitude	NULL	NULL	NULL	NULL	NULL	NULL	NULL	NULL
4822	Journeyman Huntsman's Fletching Aptitude	NULL	NULL	NULL	NULL	NULL	NULL	NULL	NULL
4823	Master Huntsman's Fletching Aptitude	NULL	NULL	NULL	NULL	NULL	NULL	NULL	NULL
4824	Novice Artifex's Item Aptitude	NULL	NULL	NULL	NULL	NULL	NULL	NULL	NULL
4825	Apprentice Artifex's Item Aptitude	NULL	NULL	NULL	NULL	NULL	NULL	NULL	NULL
4826	Journeyman Artifex's Item Aptitude	NULL	NULL	NULL	NULL	NULL	NULL	NULL	NULL
4827	Master Artifex's Item Aptitude	NULL	NULL	NULL	NULL	NULL	NULL	NULL	NULL
4828	Novice Inventor's Item Tinkering Aptitude	NULL	NULL	NULL	NULL	NULL	NULL	NULL	NULL
4829	Apprentice Inventor's Item Tinkering Aptitude	NULL	NULL	NULL	NULL	NULL	NULL	NULL	NULL
4830	Journeyman Inventor's Item Tinkering Aptitude	NULL	NULL	NULL	NULL	NULL	NULL	NULL	NULL
4831	Master Inventor's Item Tinkering Aptitude	NULL	NULL	NULL	NULL	NULL	NULL	NULL	NULL
4832	Novice Leaper's Jumping Aptitude	NULL	NULL	NULL	NULL	NULL	NULL	NULL	NULL
4833	Apprentice Leaper's Jumping Aptitude	NULL	NULL	NULL	NULL	NULL	NULL	NULL	NULL
4834	Journeyman Leaper's Jumping Aptitude	NULL	NULL	NULL	NULL	NULL	NULL	NULL	NULL
4835	Master Leaper's Jumping Aptitude	NULL	NULL	NULL	NULL	NULL	NULL	NULL	NULL
4836	Novice Theurge's Life Magic Aptitude	NULL	NULL	NULL	NULL	NULL	NULL	NULL	NULL
4837	Apprentice Theurge's Life Magic Aptitude	NULL	NULL	NULL	NULL	NULL	NULL	NULL	NULL
4838	Journeyman Theurge's Life Magic Aptitude	NULL	NULL	NULL	NULL	NULL	NULL	NULL	NULL
4839	Master Theurge's Life Magic Aptitude	NULL	NULL	NULL	NULL	NULL	NULL	NULL	NULL
4840	Novice Locksmith's Lockpick Aptitude	NULL	NULL	NULL	NULL	NULL	NULL	NULL	NULL
4841	Apprentice Locksmith's Lockpick Aptitude	NULL	NULL	NULL	NULL	NULL	NULL	NULL	NULL
4842	Journeyman Locksmith's Lockpick Aptitude	NULL	NULL	NULL	NULL	NULL	NULL	NULL	NULL
4843	Master Locksmith's Lockpick Aptitude	NULL	NULL	NULL	NULL	NULL	NULL	NULL	NULL
4844	Yeoman's Loyalty	NULL	NULL	NULL	NULL	NULL	NULL	NULL	NULL
4845	Squire's Loyalty	NULL	NULL	NULL	NULL	NULL	NULL	NULL	NULL
4846	Novice Soldier's Light Weapon Aptitude	NULL	NULL	NULL	NULL	NULL	NULL	NULL	NULL
4847	Apprentice Soldier's Light Weapon Aptitude	NULL	NULL	NULL	NULL	NULL	NULL	NULL	NULL
4848	Journeyman Soldier's Light Weapon Aptitude	NULL	NULL	NULL	NULL	NULL	NULL	NULL	NULL
4849	Master Soldier's Light Weapon Aptitude	NULL	NULL	NULL	NULL	NULL	NULL	NULL	NULL
4850	Novice Negator's Magic Resistance	NULL	NULL	NULL	NULL	NULL	NULL	NULL	NULL
4851	Apprentice Negator's Magic Resistance	NULL	NULL	NULL	NULL	NULL	NULL	NULL	NULL
4852	Journeyman Negator's Magic Resistance	NULL	NULL	NULL	NULL	NULL	NULL	NULL	NULL
4853	Master Negator's Magic Resistance	NULL	NULL	NULL	NULL	NULL	NULL	NULL	NULL
4854	Novice Arcanist's Magic Item Tinkering Aptitude	NULL	NULL	NULL	NULL	NULL	NULL	NULL	NULL
4855	Apprentice Arcanist's Magic Item Tinkering Aptitude	NULL	NULL	NULL	NULL	NULL	NULL	NULL	NULL
4856	Journeyman Arcanist's Magic Item Tinkering Aptitude	NULL	NULL	NULL	NULL	NULL	NULL	NULL	NULL
4857	Master Arcanist's Magic Item Tinkering Aptitude	NULL	NULL	NULL	NULL	NULL	NULL	NULL	NULL
4858	Novice Guardian's Invulnerability	NULL	NULL	NULL	NULL	NULL	NULL	NULL	NULL
4859	Apprentice Guardian's Invulnerability	NULL	NULL	NULL	NULL	NULL	NULL	NULL	NULL
4860	Journeyman Guardian's Invulnerability	NULL	NULL	NULL	NULL	NULL	NULL	NULL	NULL
4861	Master Guardian's Invulnerability	NULL	NULL	NULL	NULL	NULL	NULL	NULL	NULL
4862	Novice Wayfarer's Impregnability	NULL	NULL	NULL	NULL	NULL	NULL	NULL	NULL
4863	Apprentice Wayfarer's Impregnability	NULL	NULL	NULL	NULL	NULL	NULL	NULL	NULL
4864	Journeyman Wayfarer's Impregnability	NULL	NULL	NULL	NULL	NULL	NULL	NULL	NULL
4865	Master Wayfarer's Impregnability	NULL	NULL	NULL	NULL	NULL	NULL	NULL	NULL
4866	Novice Scavenger's Salvaging Aptitude	NULL	NULL	NULL	NULL	NULL	NULL	NULL	NULL
4867	Apprentice Scavenger's Salvaging Aptitude	NULL	NULL	NULL	NULL	NULL	NULL	NULL	NULL
4868	Novice Soldier's Light Weapon Aptitude	NULL	NULL	NULL	NULL	NULL	NULL	NULL	NULL
4869	Apprentice Soldier's Light Weapon Aptitude	NULL	NULL	NULL	NULL	NULL	NULL	NULL	NULL
4870	Journeyman Soldier's Light Weapon Aptitude	NULL	NULL	NULL	NULL	NULL	NULL	NULL	NULL
4871	Master Soldier's Light Weapon Aptitude	NULL	NULL	NULL	NULL	NULL	NULL	NULL	NULL
4872	Novice Messenger's Sprint Aptitude	NULL	NULL	NULL	NULL	NULL	NULL	NULL	NULL
4873	Apprentice Messenger's Sprint Aptitude	NULL	NULL	NULL	NULL	NULL	NULL	NULL	NULL
4874	Journeyman Messenger's Sprint Aptitude	NULL	NULL	NULL	NULL	NULL	NULL	NULL	NULL
4875	Master Messenger's Sprint Aptitude	NULL	NULL	NULL	NULL	NULL	NULL	NULL	NULL
4876	Novice Soldier's Light Weapon Aptitude	NULL	NULL	NULL	NULL	NULL	NULL	NULL	NULL
4877	Apprentice Soldier's Light Weapon Aptitude	NULL	NULL	NULL	NULL	NULL	NULL	NULL	NULL
4878	Journeyman Soldier's Light Weapon Aptitude	NULL	NULL	NULL	NULL	NULL	NULL	NULL	NULL
4879	Master Soldier's Light Weapon Aptitude	NULL	NULL	NULL	NULL	NULL	NULL	NULL	NULL
4880	Novice Soldier's Heavy Weapon Aptitude	NULL	NULL	NULL	NULL	NULL	NULL	NULL	NULL
4881	Apprentice Soldier's Heavy Weapon Aptitude	NULL	NULL	NULL	NULL	NULL	NULL	NULL	NULL
4882	Journeyman Soldier's Heavy Weapon Aptitude	NULL	NULL	NULL	NULL	NULL	NULL	NULL	NULL
4883	Master Soldier's Heavy Weapon Aptitude	NULL	NULL	NULL	NULL	NULL	NULL	NULL	NULL
4884	Novice Archer's Missile Weapon Aptitude	NULL	NULL	NULL	NULL	NULL	NULL	NULL	NULL
4885	Apprentice Archer's Missile Weapon Aptitude	NULL	NULL	NULL	NULL	NULL	NULL	NULL	NULL
4886	Journeyman Archer's Missile Weapon Aptitude	NULL	NULL	NULL	NULL	NULL	NULL	NULL	NULL
4887	Master Archer's Missile Weapon Aptitude	NULL	NULL	NULL	NULL	NULL	NULL	NULL	NULL
4888	Novice Soldier's Light Weapon Aptitude	NULL	NULL	NULL	NULL	NULL	NULL	NULL	NULL
4889	Apprentice Soldier's Light Weapon Aptitude	NULL	NULL	NULL	NULL	NULL	NULL	NULL	NULL
4890	Journeyman Soldier's Light Weapon Aptitude	NULL	NULL	NULL	NULL	NULL	NULL	NULL	NULL
4891	Master Soldier's Light Weapon Aptitude	NULL	NULL	NULL	NULL	NULL	NULL	NULL	NULL
4892	Novice Warlock's War Magic Aptitude	NULL	NULL	NULL	NULL	NULL	NULL	NULL	NULL
4893	Apprentice Warlock's War Magic Aptitude	NULL	NULL	NULL	NULL	NULL	NULL	NULL	NULL
4894	Journeyman Warlock's War Magic Aptitude	NULL	NULL	NULL	NULL	NULL	NULL	NULL	NULL
4895	Master Warlock's War Magic Aptitude	NULL	NULL	NULL	NULL	NULL	NULL	NULL	NULL
4896	Novice Swordsmith's Weapon Tinkering Aptitude	NULL	NULL	NULL	NULL	NULL	NULL	NULL	NULL
4897	Apprentice Swordsmith's Weapon Tinkering Aptitude	NULL	NULL	NULL	NULL	NULL	NULL	NULL	NULL
4898	Journeyman Swordsmith's Weapon Tinkering Aptitude	NULL	NULL	NULL	NULL	NULL	NULL	NULL	NULL
4899	Master Swordsmith's Weapon Tinkering Aptitude	NULL	NULL	NULL	NULL	NULL	NULL	NULL	NULL
4900	Society Initiate's Blessing	NULL	NULL	NULL	NULL	NULL	NULL	NULL	NULL
4901	Society Adept's Blessing	NULL	NULL	NULL	NULL	NULL	NULL	NULL	NULL
4902	Society Knight's Blessing	NULL	NULL	NULL	NULL	NULL	NULL	NULL	NULL
4903	Society Lord's Blessing	NULL	NULL	NULL	NULL	NULL	NULL	NULL	NULL
4904	Society Master's Blessing	NULL	NULL	NULL	NULL	NULL	NULL	NULL	NULL
4905	Novice Challenger's Rejuvenation	NULL	NULL	NULL	NULL	NULL	NULL	NULL	NULL
4906	Apprentice Challenger's Rejuvenation	NULL	NULL	NULL	NULL	NULL	NULL	NULL	NULL
4907	Celestial Hand Stronghold Recall	NULL	NULL	NULL	NULL	NULL	NULL	NULL	NULL
4908	Eldrytch Web Stronghold Recall	NULL	NULL	NULL	NULL	NULL	NULL	NULL	NULL
4909	Radiant Blood Stronghold Recall	NULL	NULL	NULL	NULL	NULL	NULL	NULL	NULL
4910	Raider Tag	NULL	128	NULL	NULL	-1	NULL	NULL	NULL
4911	Epic Armor	NULL	NULL	NULL	NULL	NULL	NULL	NULL	NULL
4912	Epic Weapon Tinkering Expertise	NULL	NULL	NULL	NULL	NULL	NULL	NULL	NULL
4913	Aerlinthe Pyramid Portal Sending	NULL	NULL	NULL	NULL	NULL	NULL	NULL	NULL
4914	Aerlinthe Pyramid Portal Exit	NULL	NULL	NULL	NULL	NULL	NULL	NULL	NULL
4915	A'mun Pyramid Portal Sending	NULL	NULL	NULL	NULL	NULL	NULL	NULL	NULL
4916	A'mun Pyramid Portal Exit	NULL	NULL	NULL	NULL	NULL	NULL	NULL	NULL
4917	Esper Pyramid Portal Sending	NULL	NULL	NULL	NULL	NULL	NULL	NULL	NULL
4918	Esper Pyramid Portal Exit	NULL	NULL	NULL	NULL	NULL	NULL	NULL	NULL
4919	Halaetan Pyramid Portal Sending	NULL	NULL	NULL	NULL	NULL	NULL	NULL	NULL
4920	Halaetan Pyramid Portal Exit	NULL	NULL	NULL	NULL	NULL	NULL	NULL	NULL
4921	Linvak Pyramid Portal Sending	NULL	NULL	NULL	NULL	NULL	NULL	NULL	NULL
4922	Linvak Pyramid Portal Exit	NULL	NULL	NULL	NULL	NULL	NULL	NULL	NULL
4923	Obsidian Pyramid Portal Sending	NULL	NULL	NULL	NULL	NULL	NULL	NULL	NULL
4924	Obsidian Pyramid Portal Exit	NULL	NULL	NULL	NULL	NULL	NULL	NULL	NULL
4925	Dance	NULL	NULL	NULL	NULL	NULL	NULL	NULL	NULL
4926	Smite	NULL	128	NULL	NULL	-400	NULL	NULL	NULL
4927	Incantation of Acid Stream with 300 Spellpower	32	NULL	NULL	NULL	NULL	NULL	NULL	NULL
4928	Incantation of Acid Stream with 350 Spellpower	32	NULL	NULL	NULL	NULL	NULL	NULL	NULL
4929	Harm	NULL	128	NULL	NULL	-5	NULL	NULL	NULL
4930	Flame Bolt I	16	NULL	NULL	NULL	NULL	NULL	NULL	NULL
4931	Mini Fireball	16	NULL	NULL	NULL	NULL	NULL	NULL	NULL
4932	Mini Fireball	16	NULL	NULL	NULL	NULL	NULL	NULL	NULL
4933	Slowness	NULL	NULL	NULL	NULL	NULL	NULL	NULL	NULL
4934	Slowness	NULL	NULL	NULL	NULL	NULL	NULL	NULL	NULL
4935	Slowness	NULL	NULL	NULL	NULL	NULL	NULL	NULL	NULL
4936	Flame Bolt I	16	NULL	NULL	NULL	NULL	NULL	NULL	NULL
4937	Flame Bolt I	16	NULL	NULL	NULL	NULL	NULL	NULL	NULL
4938	Flame Bolt I	16	NULL	NULL	NULL	NULL	NULL	NULL	NULL
4939	Mini Uber	16	NULL	NULL	NULL	NULL	NULL	NULL	NULL
4940	Mini Ring	2	NULL	NULL	NULL	NULL	NULL	NULL	NULL
4941	Mini Ring	2	NULL	NULL	NULL	NULL	NULL	NULL	NULL
4942	Mini Ring	2	NULL	NULL	NULL	NULL	NULL	NULL	NULL
4943	Mini Fireball	16	NULL	NULL	NULL	NULL	NULL	NULL	NULL
4944	Slowness	NULL	NULL	NULL	NULL	NULL	NULL	NULL	NULL
4945	Flame Bolt I	16	NULL	NULL	NULL	NULL	NULL	NULL	NULL
4946	Mini Ring	2	NULL	NULL	NULL	NULL	NULL	NULL	NULL
4947	Harm	NULL	128	NULL	NULL	-10	NULL	NULL	NULL
4948	Harm	NULL	128	NULL	NULL	-20	NULL	NULL	NULL
4949	Harm	NULL	128	NULL	NULL	-60	NULL	NULL	NULL
4950	Tactical Defense	NULL	NULL	NULL	NULL	NULL	NULL	NULL	NULL
4951	Tactical Defense	NULL	NULL	NULL	NULL	NULL	NULL	NULL	NULL
4952	Tactical Defense	NULL	NULL	NULL	NULL	NULL	NULL	NULL	NULL
4953	Test Portal	NULL	NULL	NULL	NULL	NULL	NULL	NULL	NULL
4954	Crystalline Portal	NULL	NULL	NULL	NULL	NULL	NULL	NULL	NULL
4955	Portal Space Eddy	NULL	NULL	NULL	NULL	NULL	NULL	NULL	NULL
4956	Tanada Sanctum Portal Sending	NULL	NULL	NULL	NULL	NULL	NULL	NULL	NULL
4957	Tanada Sanctum Return	NULL	NULL	NULL	NULL	NULL	NULL	NULL	NULL
4958	Greater Rockslide	NULL	NULL	NULL	NULL	NULL	NULL	NULL	NULL
4959	Lesser Rockslide	NULL	NULL	NULL	NULL	NULL	NULL	NULL	NULL
4960	Lesser Rockslide	NULL	NULL	NULL	NULL	NULL	NULL	NULL	NULL
4961	Lesser Rockslide	NULL	NULL	NULL	NULL	NULL	NULL	NULL	NULL
4962	Rockslide	NULL	NULL	NULL	NULL	NULL	NULL	NULL	NULL
4963	Rockslide	NULL	NULL	NULL	NULL	NULL	NULL	NULL	NULL
4964	Rockslide	NULL	NULL	NULL	NULL	NULL	NULL	NULL	NULL
4965	Greater Rockslide	NULL	NULL	NULL	NULL	NULL	NULL	NULL	NULL
4966	Greater Rockslide	NULL	NULL	NULL	NULL	NULL	NULL	NULL	NULL
4967	Cleansing Ring of Fire	16	NULL	NULL	NULL	NULL	NULL	NULL	NULL
4968	Ranger's Boon	NULL	NULL	NULL	NULL	NULL	NULL	NULL	NULL
4969	Ranger's Boon	NULL	NULL	NULL	NULL	NULL	NULL	NULL	NULL
4970	Ranger's Boon	NULL	NULL	NULL	NULL	NULL	NULL	NULL	NULL
4971	Enchanter's Boon	NULL	NULL	NULL	NULL	NULL	NULL	NULL	NULL
4972	Hieromancer's Boon	NULL	NULL	NULL	NULL	NULL	NULL	NULL	NULL
4973	Fencer's Boon	NULL	NULL	NULL	NULL	NULL	NULL	NULL	NULL
4974	Life Giver's Boon	NULL	NULL	NULL	NULL	NULL	NULL	NULL	NULL
4975	Kern's Boon	NULL	NULL	NULL	NULL	NULL	NULL	NULL	NULL
4976	Kern's Boon	NULL	NULL	NULL	NULL	NULL	NULL	NULL	NULL
4977	Kern's Boon	NULL	NULL	NULL	NULL	NULL	NULL	NULL	NULL
4978	Kern's Boon	NULL	NULL	NULL	NULL	NULL	NULL	NULL	NULL
4979	Soldier's Boon	NULL	NULL	NULL	NULL	NULL	NULL	NULL	NULL
4980	Kern's Boon	NULL	NULL	NULL	NULL	NULL	NULL	NULL	NULL
4981	Incantation of Stamina to Mana Self	NULL	NULL	NULL	NULL	NULL	NULL	NULL	NULL
4982	Nimble Fingers - Lockpick	NULL	NULL	NULL	NULL	NULL	NULL	NULL	NULL
4983	Nimble Fingers - Alchemy	NULL	NULL	NULL	NULL	NULL	NULL	NULL	NULL
4984	Nimble Fingers - Cooking	NULL	NULL	NULL	NULL	NULL	NULL	NULL	NULL
4985	Nimble Fingers - Fletching	NULL	NULL	NULL	NULL	NULL	NULL	NULL	NULL
4986	Assassin's Alchemy Kit	NULL	NULL	NULL	NULL	NULL	NULL	NULL	NULL
4987	Olthoi Spit	32	NULL	NULL	NULL	NULL	NULL	NULL	NULL
4988	Tunnel Out	NULL	NULL	NULL	NULL	NULL	NULL	NULL	NULL
4989	Mysterious Portal	NULL	NULL	NULL	NULL	NULL	NULL	NULL	NULL
4990	Floor Puzzle Bypass	NULL	NULL	NULL	NULL	NULL	NULL	NULL	NULL
4991	Jump Puzzle Bypass	NULL	NULL	NULL	NULL	NULL	NULL	NULL	NULL
4992	Direct Assassin Access	NULL	NULL	NULL	NULL	NULL	NULL	NULL	NULL
4993	Portal to Derethian Combat Arena	NULL	NULL	NULL	NULL	NULL	NULL	NULL	NULL
4994	Get over here!	NULL	NULL	NULL	NULL	NULL	NULL	NULL	NULL
4995	Portal to Derethian Combat Arena	NULL	NULL	NULL	NULL	NULL	NULL	NULL	NULL
4996	Portal to Derethian Combat Arena	NULL	NULL	NULL	NULL	NULL	NULL	NULL	NULL
4997	Portal to Derethian Combat Arena	NULL	NULL	NULL	NULL	NULL	NULL	NULL	NULL
4998	Arena Stamina	NULL	NULL	NULL	NULL	NULL	NULL	NULL	NULL
4999	Arena Life	NULL	NULL	NULL	NULL	NULL	NULL	NULL	NULL
5000	Arena Mana	NULL	NULL	NULL	NULL	NULL	NULL	NULL	NULL
5001	Arena Piercing Protection Other	NULL	NULL	NULL	NULL	NULL	NULL	NULL	NULL
5002	Arena Acid Protection Other	NULL	NULL	NULL	NULL	NULL	NULL	NULL	NULL
5003	Arena Blade Protection Other	NULL	NULL	NULL	NULL	NULL	NULL	NULL	NULL
5004	Arena Bludgeoning Protection Other	NULL	NULL	NULL	NULL	NULL	NULL	NULL	NULL
5005	Arena Cold Protection Other	NULL	NULL	NULL	NULL	NULL	NULL	NULL	NULL
5006	Arena Fire Protection Other	NULL	NULL	NULL	NULL	NULL	NULL	NULL	NULL
5007	Arena Lightning Protection Other	NULL	NULL	NULL	NULL	NULL	NULL	NULL	NULL
5008	Apostate Nexus Portal Sending	NULL	NULL	NULL	NULL	NULL	NULL	NULL	NULL
5009	Aerfalle's Greater Ward	NULL	NULL	NULL	NULL	NULL	NULL	NULL	NULL
5010	Entering Aerfalle's Sanctum	NULL	NULL	NULL	NULL	NULL	NULL	NULL	NULL
5011	Geomantic Raze	NULL	128	NULL	NULL	-150	NULL	NULL	NULL
5012	Mar'uun	NULL	NULL	NULL	NULL	NULL	NULL	NULL	NULL
5013	Mar'uun	NULL	NULL	NULL	NULL	NULL	NULL	NULL	NULL
5014	Mar'uun	NULL	NULL	NULL	NULL	NULL	NULL	NULL	NULL
5015	Mar'uun	NULL	NULL	NULL	NULL	NULL	NULL	NULL	NULL
5016	Mar'uun	NULL	NULL	NULL	NULL	NULL	NULL	NULL	NULL
5017	Mar'uun	NULL	NULL	NULL	NULL	NULL	NULL	NULL	NULL
5018	Story of the Unknown Warrior	NULL	NULL	NULL	NULL	NULL	NULL	NULL	NULL
5019	Portalspace Rift	NULL	NULL	NULL	NULL	NULL	NULL	NULL	NULL
5020	Portalspace Rift	NULL	NULL	NULL	NULL	NULL	NULL	NULL	NULL
5021	Portalspace Rift	NULL	NULL	NULL	NULL	NULL	NULL	NULL	NULL
5022	Portalspace Rift	NULL	NULL	NULL	NULL	NULL	NULL	NULL	NULL
5023	Spectral Two Handed Combat Mastery	NULL	NULL	NULL	NULL	NULL	NULL	NULL	NULL
5024	Spectral Item Expertise	NULL	NULL	NULL	NULL	NULL	NULL	NULL	NULL
5025	Prodigal Item Expertise	NULL	NULL	NULL	NULL	NULL	NULL	NULL	NULL
5026	Prodigal Two Handed Combat Mastery	NULL	NULL	NULL	NULL	NULL	NULL	NULL	NULL
5027	Greater Cascade	NULL	NULL	NULL	NULL	NULL	NULL	NULL	NULL
5028	Lesser Cascade	NULL	NULL	NULL	NULL	NULL	NULL	NULL	NULL
5029	Cascade	NULL	NULL	NULL	NULL	NULL	NULL	NULL	NULL
5030	Two Handed Fighter's Boon	NULL	NULL	NULL	NULL	NULL	NULL	NULL	NULL
5031	Two Handed Fighter's Boon	NULL	NULL	NULL	NULL	NULL	NULL	NULL	NULL
5032	Incantation of Two Handed Combat Mastery Self	NULL	NULL	NULL	NULL	NULL	NULL	NULL	NULL
5033	Epic Item Tinkering Expertise	NULL	NULL	NULL	NULL	NULL	NULL	NULL	NULL
5034	Epic Two Handed Combat Aptitude	NULL	NULL	NULL	NULL	NULL	NULL	NULL	NULL
5035	Feeble Sword Aptitude	NULL	NULL	NULL	NULL	NULL	NULL	NULL	NULL
5036	Feeble Two Handed Combat Aptitude	NULL	NULL	NULL	NULL	NULL	NULL	NULL	NULL
5037	Item Tinkering Ignorance Other I	NULL	NULL	NULL	NULL	NULL	NULL	NULL	NULL
5038	Item Tinkering Ignorance Other II	NULL	NULL	NULL	NULL	NULL	NULL	NULL	NULL
5039	Item Tinkering Ignorance Other III	NULL	NULL	NULL	NULL	NULL	NULL	NULL	NULL
5040	Item Tinkering Ignorance Other IV	NULL	NULL	NULL	NULL	NULL	NULL	NULL	NULL
5041	Item Tinkering Ignorance Other V	NULL	NULL	NULL	NULL	NULL	NULL	NULL	NULL
5042	Item Tinkering Ignorance Other VI	NULL	NULL	NULL	NULL	NULL	NULL	NULL	NULL
5043	Unfortunate Appraisal	NULL	NULL	NULL	NULL	NULL	NULL	NULL	NULL
5044	Incantation of Item Tinkering Ignorance Other	NULL	NULL	NULL	NULL	NULL	NULL	NULL	NULL
5045	Item Tinkering Ignorance Self I	NULL	NULL	NULL	NULL	NULL	NULL	NULL	NULL
5046	Item Tinkering Ignorance Self II	NULL	NULL	NULL	NULL	NULL	NULL	NULL	NULL
5047	Item Tinkering Ignorance Self III	NULL	NULL	NULL	NULL	NULL	NULL	NULL	NULL
5048	Item Tinkering Ignorance Self IV	NULL	NULL	NULL	NULL	NULL	NULL	NULL	NULL
5049	Item Tinkering Ignorance Self V	NULL	NULL	NULL	NULL	NULL	NULL	NULL	NULL
5050	Item Tinkering Ignorance Self VI	NULL	NULL	NULL	NULL	NULL	NULL	NULL	NULL
5051	Item Tinkering Ignorance Self VII	NULL	NULL	NULL	NULL	NULL	NULL	NULL	NULL
5052	Incantation of Item Tinkering Ignorance Self	NULL	NULL	NULL	NULL	NULL	NULL	NULL	NULL
5053	Item Tinkering Expertise Other I	NULL	NULL	NULL	NULL	NULL	NULL	NULL	NULL
5054	Item Tinkering Expertise Other II	NULL	NULL	NULL	NULL	NULL	NULL	NULL	NULL
5055	Item Tinkering Expertise Other III	NULL	NULL	NULL	NULL	NULL	NULL	NULL	NULL
5056	Item Tinkering Expertise Other IV	NULL	NULL	NULL	NULL	NULL	NULL	NULL	NULL
5057	Item Tinkering Expertise Other V	NULL	NULL	NULL	NULL	NULL	NULL	NULL	NULL
5058	Item Tinkering Expertise Other VI	NULL	NULL	NULL	NULL	NULL	NULL	NULL	NULL
5059	Yoshi's Boon	NULL	NULL	NULL	NULL	NULL	NULL	NULL	NULL
5060	Incantation of Item Tinkering Expertise Other	NULL	NULL	NULL	NULL	NULL	NULL	NULL	NULL
5061	Item Tinkering Expertise Self I	NULL	NULL	NULL	NULL	NULL	NULL	NULL	NULL
5062	Item Tinkering Expertise Self II	NULL	NULL	NULL	NULL	NULL	NULL	NULL	NULL
5063	Item Tinkering Expertise Self III	NULL	NULL	NULL	NULL	NULL	NULL	NULL	NULL
5064	Item Tinkering Expertise Self IV	NULL	NULL	NULL	NULL	NULL	NULL	NULL	NULL
5065	Item Tinkering Expertise Self V	NULL	NULL	NULL	NULL	NULL	NULL	NULL	NULL
5066	Item Tinkering Expertise Self VI	NULL	NULL	NULL	NULL	NULL	NULL	NULL	NULL
5067	Yoshi's Blessing	NULL	NULL	NULL	NULL	NULL	NULL	NULL	NULL
5068	Incantation of Item Tinkering Expertise Self	NULL	NULL	NULL	NULL	NULL	NULL	NULL	NULL
5069	Major Item Tinkering Expertise	NULL	NULL	NULL	NULL	NULL	NULL	NULL	NULL
5070	Major Two Handed Combat Aptitude	NULL	NULL	NULL	NULL	NULL	NULL	NULL	NULL
5071	Minor Item Tinkering Expertise	NULL	NULL	NULL	NULL	NULL	NULL	NULL	NULL
5072	Minor Two Handed Combat Aptitude	NULL	NULL	NULL	NULL	NULL	NULL	NULL	NULL
5073	Moderate Item Tinkering Expertise	NULL	NULL	NULL	NULL	NULL	NULL	NULL	NULL
5074	Moderate Two Handed Combat Aptitude	NULL	NULL	NULL	NULL	NULL	NULL	NULL	NULL
5075	Two Handed Combat Ineptitude Other I	NULL	NULL	NULL	NULL	NULL	NULL	NULL	NULL
5076	Two Handed Combat Ineptitude Other II	NULL	NULL	NULL	NULL	NULL	NULL	NULL	NULL
5077	Two Handed Combat Ineptitude Other III	NULL	NULL	NULL	NULL	NULL	NULL	NULL	NULL
5078	Two Handed Combat Ineptitude Other IV	NULL	NULL	NULL	NULL	NULL	NULL	NULL	NULL
5079	Two Handed Combat Ineptitude Other V	NULL	NULL	NULL	NULL	NULL	NULL	NULL	NULL
5080	Two Handed Combat Ineptitude Other VI	NULL	NULL	NULL	NULL	NULL	NULL	NULL	NULL
5081	Greased Palms	NULL	NULL	NULL	NULL	NULL	NULL	NULL	NULL
5082	Incantation of Two Handed Combat Ineptitude Other	NULL	NULL	NULL	NULL	NULL	NULL	NULL	NULL
5083	Two Handed Combat Ineptitude Self I	NULL	NULL	NULL	NULL	NULL	NULL	NULL	NULL
5084	Two Handed Combat Ineptitude Self II	NULL	NULL	NULL	NULL	NULL	NULL	NULL	NULL
5085	Two Handed Combat Ineptitude Self III	NULL	NULL	NULL	NULL	NULL	NULL	NULL	NULL
5086	Two Handed Combat Ineptitude Self IV	NULL	NULL	NULL	NULL	NULL	NULL	NULL	NULL
5087	Two Handed Combat Ineptitude Self V	NULL	NULL	NULL	NULL	NULL	NULL	NULL	NULL
5088	Two Handed Combat Ineptitude Self VI	NULL	NULL	NULL	NULL	NULL	NULL	NULL	NULL
5089	Two Handed Combat Ineptitude Self VII	NULL	NULL	NULL	NULL	NULL	NULL	NULL	NULL
5090	Incantation of Two Handed Combat Ineptitude Self	NULL	NULL	NULL	NULL	NULL	NULL	NULL	NULL
5091	Two Handed Combat Mastery Other I	NULL	NULL	NULL	NULL	NULL	NULL	NULL	NULL
5092	Two Handed Combat Mastery Other II	NULL	NULL	NULL	NULL	NULL	NULL	NULL	NULL
5093	Two Handed Combat Mastery Other III	NULL	NULL	NULL	NULL	NULL	NULL	NULL	NULL
5094	Two Handed Combat Mastery Other IV	NULL	NULL	NULL	NULL	NULL	NULL	NULL	NULL
5095	Two Handed Combat Mastery Other V	NULL	NULL	NULL	NULL	NULL	NULL	NULL	NULL
5096	Two Handed Combat Mastery Other VI	NULL	NULL	NULL	NULL	NULL	NULL	NULL	NULL
5097	Boon of T'ing	NULL	NULL	NULL	NULL	NULL	NULL	NULL	NULL
5098	Incantation of Two Handed Combat Mastery Other	NULL	NULL	NULL	NULL	NULL	NULL	NULL	NULL
5099	Two Handed Combat Mastery Self I	NULL	NULL	NULL	NULL	NULL	NULL	NULL	NULL
5100	Two Handed Combat Mastery Self II	NULL	NULL	NULL	NULL	NULL	NULL	NULL	NULL
5101	Two Handed Combat Mastery Self III	NULL	NULL	NULL	NULL	NULL	NULL	NULL	NULL
5102	Two Handed Combat Mastery Self IV	NULL	NULL	NULL	NULL	NULL	NULL	NULL	NULL
5103	Two Handed Combat Mastery Self V	NULL	NULL	NULL	NULL	NULL	NULL	NULL	NULL
5104	Two Handed Combat Mastery Self VI	NULL	NULL	NULL	NULL	NULL	NULL	NULL	NULL
5105	Blessing of T'ing	NULL	NULL	NULL	NULL	NULL	NULL	NULL	NULL
5106	Master Inventor's Item Tinkering Aptitude	NULL	NULL	NULL	NULL	NULL	NULL	NULL	NULL
5107	Novice Soldier's Two Handed Combat Aptitude	NULL	NULL	NULL	NULL	NULL	NULL	NULL	NULL
5108	Apprentice Soldier's Two Handed Combat Aptitude	NULL	NULL	NULL	NULL	NULL	NULL	NULL	NULL
5109	Journeyman Soldier's Two Handed Combat Aptitude	NULL	NULL	NULL	NULL	NULL	NULL	NULL	NULL
5110	Master Soldier's Two Handed Combat Aptitude	NULL	NULL	NULL	NULL	NULL	NULL	NULL	NULL
5111	Novice Inventor's Item Tinkering Aptitude	NULL	NULL	NULL	NULL	NULL	NULL	NULL	NULL
5112	Apprentice Inventor's Item Tinkering Aptitude	NULL	NULL	NULL	NULL	NULL	NULL	NULL	NULL
5113	Journeyman Inventor's Item Tinkering Aptitude	NULL	NULL	NULL	NULL	NULL	NULL	NULL	NULL
5114	Expose Weakness VIII	NULL	NULL	NULL	NULL	NULL	NULL	NULL	NULL
5115	Expose Weakness I	NULL	NULL	NULL	NULL	NULL	NULL	NULL	NULL
5116	Expose Weakness II	NULL	NULL	NULL	NULL	NULL	NULL	NULL	NULL
5117	Expose Weakness III	NULL	NULL	NULL	NULL	NULL	NULL	NULL	NULL
5118	Expose Weakness IV	NULL	NULL	NULL	NULL	NULL	NULL	NULL	NULL
5119	Expose Weakness V	NULL	NULL	NULL	NULL	NULL	NULL	NULL	NULL
5120	Expose Weakness VI	NULL	NULL	NULL	NULL	NULL	NULL	NULL	NULL
5121	Expose Weakness VII	NULL	NULL	NULL	NULL	NULL	NULL	NULL	NULL
5122	Call of Leadership V	NULL	NULL	NULL	NULL	NULL	NULL	NULL	NULL
5123	Answer of Loyalty (Mana) I	NULL	NULL	NULL	NULL	NULL	NULL	NULL	NULL
5124	Answer of Loyalty (Mana) II	NULL	NULL	NULL	NULL	NULL	NULL	NULL	NULL
5125	Answer of Loyalty (Mana) III	NULL	NULL	NULL	NULL	NULL	NULL	NULL	NULL
5126	Answer of Loyalty (Mana) IV	NULL	NULL	NULL	NULL	NULL	NULL	NULL	NULL
5127	Answer of Loyalty (Mana) V	NULL	NULL	NULL	NULL	NULL	NULL	NULL	NULL
5128	Answer of Loyalty (Stamina) I	NULL	NULL	NULL	NULL	NULL	NULL	NULL	NULL
5129	Answer of Loyalty (Stamina) II	NULL	NULL	NULL	NULL	NULL	NULL	NULL	NULL
5130	Answer of Loyalty (Stamina) III	NULL	NULL	NULL	NULL	NULL	NULL	NULL	NULL
5131	Answer of Loyalty (Stamina) IV	NULL	NULL	NULL	NULL	NULL	NULL	NULL	NULL
5132	Answer of Loyalty (Stamina) V	NULL	NULL	NULL	NULL	NULL	NULL	NULL	NULL
5133	Call of Leadership I	NULL	NULL	NULL	NULL	NULL	NULL	NULL	NULL
5134	Call of Leadership II	NULL	NULL	NULL	NULL	NULL	NULL	NULL	NULL
5135	Call of Leadership III	NULL	NULL	NULL	NULL	NULL	NULL	NULL	NULL
5136	Call of Leadership IV	NULL	NULL	NULL	NULL	NULL	NULL	NULL	NULL
5137	Augmented Understanding III	NULL	NULL	NULL	NULL	NULL	NULL	NULL	NULL
5138	Augmented Damage I	NULL	NULL	NULL	NULL	NULL	NULL	NULL	NULL
5139	Augmented Damage II	NULL	NULL	NULL	NULL	NULL	NULL	NULL	NULL
5140	Augmented Damage III	NULL	NULL	NULL	NULL	NULL	NULL	NULL	NULL
5141	Augmented Damage Reduction I	NULL	NULL	NULL	NULL	NULL	NULL	NULL	NULL
5142	Augmented Damage Reduction II	NULL	NULL	NULL	NULL	NULL	NULL	NULL	NULL
5143	Augmented Damage Reduction III	NULL	NULL	NULL	NULL	NULL	NULL	NULL	NULL
5144	Augmented Health I	NULL	NULL	NULL	NULL	NULL	NULL	NULL	NULL
5145	Augmented Health II	NULL	NULL	NULL	NULL	NULL	NULL	NULL	NULL
5146	Augmented Health III	NULL	NULL	NULL	NULL	NULL	NULL	NULL	NULL
5147	Augmented Mana I	NULL	NULL	NULL	NULL	NULL	NULL	NULL	NULL
5148	Augmented Mana II	NULL	NULL	NULL	NULL	NULL	NULL	NULL	NULL
5149	Augmented Mana III	NULL	NULL	NULL	NULL	NULL	NULL	NULL	NULL
5150	Augmented Stamina I	NULL	NULL	NULL	NULL	NULL	NULL	NULL	NULL
5151	Augmented Stamina II	NULL	NULL	NULL	NULL	NULL	NULL	NULL	NULL
5152	Augmented Stamina III	NULL	NULL	NULL	NULL	NULL	NULL	NULL	NULL
5153	Augmented Understanding I	NULL	NULL	NULL	NULL	NULL	NULL	NULL	NULL
5154	Augmented Understanding II	NULL	NULL	NULL	NULL	NULL	NULL	NULL	NULL
5155	Virindi Whisper IV	NULL	NULL	NULL	NULL	NULL	NULL	NULL	NULL
5156	Virindi Whisper V	NULL	NULL	NULL	NULL	NULL	NULL	NULL	NULL
5157	Virindi Whisper I	NULL	NULL	NULL	NULL	NULL	NULL	NULL	NULL
5158	Virindi Whisper II	NULL	NULL	NULL	NULL	NULL	NULL	NULL	NULL
5159	Virindi Whisper III	NULL	NULL	NULL	NULL	NULL	NULL	NULL	NULL
5160	Mhoire Castle	NULL	NULL	NULL	NULL	NULL	NULL	NULL	NULL
5161	Mhoire Castle Great Hall	NULL	NULL	NULL	NULL	NULL	NULL	NULL	NULL
5162	Mhoire Castle Northeast Tower	NULL	NULL	NULL	NULL	NULL	NULL	NULL	NULL
5163	Mhoire Castle Northwest Tower	NULL	NULL	NULL	NULL	NULL	NULL	NULL	NULL
5164	Mhoire Castle Southeast Tower	NULL	NULL	NULL	NULL	NULL	NULL	NULL	NULL
5165	Mhoire Castle Southwest Tower	NULL	NULL	NULL	NULL	NULL	NULL	NULL	NULL
5166	Flaming Skull	16	NULL	NULL	NULL	NULL	NULL	NULL	NULL
5167	Mhoire Castle Exit Portal	NULL	NULL	NULL	NULL	NULL	NULL	NULL	NULL
5168	a spectacular view of the Mhoire lands	NULL	NULL	NULL	NULL	NULL	NULL	NULL	NULL
5169	a descent into the Mhoire catacombs	NULL	NULL	NULL	NULL	NULL	NULL	NULL	NULL
5170	a descent into the Mhoire catacombs	NULL	NULL	NULL	NULL	NULL	NULL	NULL	NULL
5171	Spectral Fountain Sip	NULL	NULL	NULL	NULL	NULL	NULL	NULL	NULL
5172	Spectral Fountain Sip	NULL	NULL	NULL	NULL	NULL	NULL	NULL	NULL
5173	Spectral Fountain Sip	NULL	NULL	NULL	NULL	NULL	NULL	NULL	NULL
5174	Mhoire's Blessing of Power	NULL	NULL	NULL	NULL	NULL	NULL	NULL	NULL
5175	Facility Hub Recall	NULL	NULL	NULL	NULL	NULL	NULL	NULL	NULL
5176	Celestial Hand Basement	NULL	NULL	NULL	NULL	NULL	NULL	NULL	NULL
5177	Radiant Blood Basement	NULL	NULL	NULL	NULL	NULL	NULL	NULL	NULL
5178	Eldrytch Web Basement	NULL	NULL	NULL	NULL	NULL	NULL	NULL	NULL
5179	Celestial Hand Basement	NULL	NULL	NULL	NULL	NULL	NULL	NULL	NULL
5180	Radiant Blood Basement	NULL	NULL	NULL	NULL	NULL	NULL	NULL	NULL
5181	Eldrytch Web Basement	NULL	NULL	NULL	NULL	NULL	NULL	NULL	NULL
5182	Aura of Incantation of Spirit Drinker	NULL	NULL	NULL	NULL	NULL	NULL	NULL	NULL
5183	Aura of Incantation of Blood Drinker Self	NULL	NULL	NULL	NULL	NULL	NULL	NULL	NULL
5184	Rare Damage Boost VII	NULL	NULL	NULL	NULL	NULL	NULL	NULL	NULL
5185	Rare Damage Boost VIII	NULL	NULL	NULL	NULL	NULL	NULL	NULL	NULL
5186	Rare Damage Boost IX	NULL	NULL	NULL	NULL	NULL	NULL	NULL	NULL
5187	Rare Damage Boost X	NULL	NULL	NULL	NULL	NULL	NULL	NULL	NULL
5188	Rare Damage Reduction I	NULL	NULL	NULL	NULL	NULL	NULL	NULL	NULL
5189	Rare Damage Reduction II	NULL	NULL	NULL	NULL	NULL	NULL	NULL	NULL
5190	Rare Damage Reduction III	NULL	NULL	NULL	NULL	NULL	NULL	NULL	NULL
5191	Rare Damage Reduction IV	NULL	NULL	NULL	NULL	NULL	NULL	NULL	NULL
5192	Rare Damage Reduction V	NULL	NULL	NULL	NULL	NULL	NULL	NULL	NULL
5193	Rare Damage Reduction V	NULL	NULL	NULL	NULL	NULL	NULL	NULL	NULL
5194	Rare Damage Reduction V	NULL	NULL	NULL	NULL	NULL	NULL	NULL	NULL
5195	Rare Damage Reduction V	NULL	NULL	NULL	NULL	NULL	NULL	NULL	NULL
5196	Rare Damage Reduction V	NULL	NULL	NULL	NULL	NULL	NULL	NULL	NULL
5197	Rare Damage Reduction V	NULL	NULL	NULL	NULL	NULL	NULL	NULL	NULL
5198	Rare Damage Boost I	NULL	NULL	NULL	NULL	NULL	NULL	NULL	NULL
5199	Rare Damage Boost II	NULL	NULL	NULL	NULL	NULL	NULL	NULL	NULL
5200	Rare Damage Boost III	NULL	NULL	NULL	NULL	NULL	NULL	NULL	NULL
5201	Rare Damage Boost IV	NULL	NULL	NULL	NULL	NULL	NULL	NULL	NULL
5202	Rare Damage Boost V	NULL	NULL	NULL	NULL	NULL	NULL	NULL	NULL
5203	Rare Damage Boost VI	NULL	NULL	NULL	NULL	NULL	NULL	NULL	NULL
5204	Surge of Destruction	NULL	NULL	NULL	NULL	NULL	NULL	NULL	NULL
5205	Surge of Affliction	NULL	NULL	NULL	NULL	NULL	NULL	NULL	NULL
5206	Surge of Protection	NULL	NULL	NULL	NULL	NULL	NULL	NULL	NULL
5207	Surge of Festering	NULL	NULL	NULL	NULL	NULL	NULL	NULL	NULL
5208	Surge of Regeneration	NULL	NULL	NULL	NULL	NULL	NULL	NULL	NULL
5209	Sigil of Fury I (Critical Damage)	NULL	NULL	NULL	NULL	NULL	NULL	NULL	NULL
5210	Sigil of Fury II (Critical Damage)	NULL	NULL	NULL	NULL	NULL	NULL	NULL	NULL
5211	Sigil of Fury III (Critical Damage)	NULL	NULL	NULL	NULL	NULL	NULL	NULL	NULL
5212	Sigil of Fury IV (Critical Damage)	NULL	NULL	NULL	NULL	NULL	NULL	NULL	NULL
5213	Sigil of Fury V (Critical Damage)	NULL	NULL	NULL	NULL	NULL	NULL	NULL	NULL
5214	Sigil of Fury VI (Critical Damage)	NULL	NULL	NULL	NULL	NULL	NULL	NULL	NULL
5215	Sigil of Fury VII (Critical Damage)	NULL	NULL	NULL	NULL	NULL	NULL	NULL	NULL
5216	Sigil of Fury VIII (Critical Damage)	NULL	NULL	NULL	NULL	NULL	NULL	NULL	NULL
5217	Sigil of Fury IX (Critical Damage)	NULL	NULL	NULL	NULL	NULL	NULL	NULL	NULL
5218	Sigil of Fury X (Critical Damage)	NULL	NULL	NULL	NULL	NULL	NULL	NULL	NULL
5219	Sigil of Fury XI (Critical Damage)	NULL	NULL	NULL	NULL	NULL	NULL	NULL	NULL
5220	Sigil of Fury XII (Critical Damage)	NULL	NULL	NULL	NULL	NULL	NULL	NULL	NULL
5221	Sigil of Fury XIII (Critical Damage)	NULL	NULL	NULL	NULL	NULL	NULL	NULL	NULL
5222	Sigil of Fury XIV (Critical Damage)	NULL	NULL	NULL	NULL	NULL	NULL	NULL	NULL
5223	Sigil of Fury XV (Critical Damage)	NULL	NULL	NULL	NULL	NULL	NULL	NULL	NULL
5224	Sigil of Destruction I	NULL	NULL	NULL	NULL	NULL	NULL	NULL	NULL
5225	Sigil of Destruction II	NULL	NULL	NULL	NULL	NULL	NULL	NULL	NULL
5226	Sigil of Destruction III	NULL	NULL	NULL	NULL	NULL	NULL	NULL	NULL
5227	Sigil of Destruction IV	NULL	NULL	NULL	NULL	NULL	NULL	NULL	NULL
5228	Sigil of Destruction V	NULL	NULL	NULL	NULL	NULL	NULL	NULL	NULL
5229	Sigil of Destruction VI	NULL	NULL	NULL	NULL	NULL	NULL	NULL	NULL
5230	Sigil of Destruction VII	NULL	NULL	NULL	NULL	NULL	NULL	NULL	NULL
5231	Sigil of Destruction VIII	NULL	NULL	NULL	NULL	NULL	NULL	NULL	NULL
5232	Sigil of Destruction IX	NULL	NULL	NULL	NULL	NULL	NULL	NULL	NULL
5233	Sigil of Destruction X	NULL	NULL	NULL	NULL	NULL	NULL	NULL	NULL
5234	Sigil of Destruction XI	NULL	NULL	NULL	NULL	NULL	NULL	NULL	NULL
5235	Sigil of Destruction XII	NULL	NULL	NULL	NULL	NULL	NULL	NULL	NULL
5236	Sigil of Destruction XIII	NULL	NULL	NULL	NULL	NULL	NULL	NULL	NULL
5237	Sigil of Destruction XIV	NULL	NULL	NULL	NULL	NULL	NULL	NULL	NULL
5238	Sigil of Destruction XV	NULL	NULL	NULL	NULL	NULL	NULL	NULL	NULL
5239	Sigil of Defense I	NULL	NULL	NULL	NULL	NULL	NULL	NULL	NULL
5240	Sigil of Defense II	NULL	NULL	NULL	NULL	NULL	NULL	NULL	NULL
5241	Sigil of Defense III	NULL	NULL	NULL	NULL	NULL	NULL	NULL	NULL
5242	Sigil of Defense IV	NULL	NULL	NULL	NULL	NULL	NULL	NULL	NULL
5243	Sigil of Defense V	NULL	NULL	NULL	NULL	NULL	NULL	NULL	NULL
5244	Sigil of Defense VI	NULL	NULL	NULL	NULL	NULL	NULL	NULL	NULL
5245	Sigil of Defense VII	NULL	NULL	NULL	NULL	NULL	NULL	NULL	NULL
5246	Sigil of Defense VIII	NULL	NULL	NULL	NULL	NULL	NULL	NULL	NULL
5247	Sigil of Defense IX	NULL	NULL	NULL	NULL	NULL	NULL	NULL	NULL
5248	Sigil of Defense X	NULL	NULL	NULL	NULL	NULL	NULL	NULL	NULL
5249	Sigil of Defense XI	NULL	NULL	NULL	NULL	NULL	NULL	NULL	NULL
5250	Sigil of Defense XII	NULL	NULL	NULL	NULL	NULL	NULL	NULL	NULL
5251	Sigil of Defense XIII	NULL	NULL	NULL	NULL	NULL	NULL	NULL	NULL
5252	Sigil of Defense XIV	NULL	NULL	NULL	NULL	NULL	NULL	NULL	NULL
5253	Sigil of Defense XV	NULL	NULL	NULL	NULL	NULL	NULL	NULL	NULL
5254	Sigil of Growth I	NULL	NULL	NULL	NULL	NULL	NULL	NULL	NULL
5255	Sigil of Growth II	NULL	NULL	NULL	NULL	NULL	NULL	NULL	NULL
5256	Sigil of Growth III	NULL	NULL	NULL	NULL	NULL	NULL	NULL	NULL
5257	Sigil of Growth IV	NULL	NULL	NULL	NULL	NULL	NULL	NULL	NULL
5258	Sigil of Growth V	NULL	NULL	NULL	NULL	NULL	NULL	NULL	NULL
5259	Sigil of Growth VI	NULL	NULL	NULL	NULL	NULL	NULL	NULL	NULL
5260	Sigil of Growth VII	NULL	NULL	NULL	NULL	NULL	NULL	NULL	NULL
5261	Sigil of Growth VIII	NULL	NULL	NULL	NULL	NULL	NULL	NULL	NULL
5262	Sigil of Growth IX	NULL	NULL	NULL	NULL	NULL	NULL	NULL	NULL
5263	Sigil of Growth X	NULL	NULL	NULL	NULL	NULL	NULL	NULL	NULL
5264	Sigil of Growth XI	NULL	NULL	NULL	NULL	NULL	NULL	NULL	NULL
5265	Sigil of Growth XII	NULL	NULL	NULL	NULL	NULL	NULL	NULL	NULL
5266	Sigil of Growth XIII	NULL	NULL	NULL	NULL	NULL	NULL	NULL	NULL
5267	Sigil of Growth XIV	NULL	NULL	NULL	NULL	NULL	NULL	NULL	NULL
5268	Sigil of Growth XV	NULL	NULL	NULL	NULL	NULL	NULL	NULL	NULL
5269	Sigil of Vigor I (Health)	NULL	NULL	NULL	NULL	NULL	NULL	NULL	NULL
5270	Sigil of Vigor II (Health)	NULL	NULL	NULL	NULL	NULL	NULL	NULL	NULL
5271	Sigil of Vigor III (Health)	NULL	NULL	NULL	NULL	NULL	NULL	NULL	NULL
5272	Sigil of Vigor IV (Health)	NULL	NULL	NULL	NULL	NULL	NULL	NULL	NULL
5273	Sigil of Vigor V (Health)	NULL	NULL	NULL	NULL	NULL	NULL	NULL	NULL
5274	Sigil of Vigor VI (Health)	NULL	NULL	NULL	NULL	NULL	NULL	NULL	NULL
5275	Sigil of Vigor VII (Health)	NULL	NULL	NULL	NULL	NULL	NULL	NULL	NULL
5276	Sigil of Vigor VIII (Health)	NULL	NULL	NULL	NULL	NULL	NULL	NULL	NULL
5277	Sigil of Vigor IX (Health)	NULL	NULL	NULL	NULL	NULL	NULL	NULL	NULL
5278	Sigil of Vigor X (Health)	NULL	NULL	NULL	NULL	NULL	NULL	NULL	NULL
5279	Sigil of Vigor XI (Health)	NULL	NULL	NULL	NULL	NULL	NULL	NULL	NULL
5280	Sigil of Vigor XII (Health)	NULL	NULL	NULL	NULL	NULL	NULL	NULL	NULL
5281	Sigil of Vigor XIII (Health)	NULL	NULL	NULL	NULL	NULL	NULL	NULL	NULL
5282	Sigil of Vigor XIV (Health)	NULL	NULL	NULL	NULL	NULL	NULL	NULL	NULL
5283	Sigil of Vigor XV (Health)	NULL	NULL	NULL	NULL	NULL	NULL	NULL	NULL
5284	Sigil of Vigor I (Mana)	NULL	NULL	NULL	NULL	NULL	NULL	NULL	NULL
5285	Sigil of Vigor II (Mana)	NULL	NULL	NULL	NULL	NULL	NULL	NULL	NULL
5286	Sigil of Vigor III (Mana)	NULL	NULL	NULL	NULL	NULL	NULL	NULL	NULL
5287	Sigil of Vigor IV (Mana)	NULL	NULL	NULL	NULL	NULL	NULL	NULL	NULL
5288	Sigil of Vigor V (Mana)	NULL	NULL	NULL	NULL	NULL	NULL	NULL	NULL
5289	Sigil of Vigor VI (Mana)	NULL	NULL	NULL	NULL	NULL	NULL	NULL	NULL
5290	Sigil of Vigor VII (Mana)	NULL	NULL	NULL	NULL	NULL	NULL	NULL	NULL
5291	Sigil of Vigor VIII (Mana)	NULL	NULL	NULL	NULL	NULL	NULL	NULL	NULL
5292	Sigil of Vigor IX (Mana)	NULL	NULL	NULL	NULL	NULL	NULL	NULL	NULL
5293	Sigil of Vigor X (Mana)	NULL	NULL	NULL	NULL	NULL	NULL	NULL	NULL
5294	Sigil of Vigor XI (Mana)	NULL	NULL	NULL	NULL	NULL	NULL	NULL	NULL
5295	Sigil of Vigor XII (Mana)	NULL	NULL	NULL	NULL	NULL	NULL	NULL	NULL
5296	Sigil of Vigor XIII (Mana)	NULL	NULL	NULL	NULL	NULL	NULL	NULL	NULL
5297	Sigil of Vigor XIV (Mana)	NULL	NULL	NULL	NULL	NULL	NULL	NULL	NULL
5298	Sigil of Vigor XV (Mana)	NULL	NULL	NULL	NULL	NULL	NULL	NULL	NULL
5299	Sigil of Vigor I (Stamina)	NULL	NULL	NULL	NULL	NULL	NULL	NULL	NULL
5300	Sigil of Vigor II (Stamina)	NULL	NULL	NULL	NULL	NULL	NULL	NULL	NULL
5301	Sigil of Vigor III (Stamina)	NULL	NULL	NULL	NULL	NULL	NULL	NULL	NULL
5302	Sigil of Vigor IV (Stamina)	NULL	NULL	NULL	NULL	NULL	NULL	NULL	NULL
5303	Sigil of Vigor V (Stamina)	NULL	NULL	NULL	NULL	NULL	NULL	NULL	NULL
5304	Sigil of Vigor VI (Stamina)	NULL	NULL	NULL	NULL	NULL	NULL	NULL	NULL
5305	Sigil of Vigor VII (Stamina)	NULL	NULL	NULL	NULL	NULL	NULL	NULL	NULL
5306	Sigil of Vigor VIII (Stamina)	NULL	NULL	NULL	NULL	NULL	NULL	NULL	NULL
5307	Sigil of Vigor IX (Stamina)	NULL	NULL	NULL	NULL	NULL	NULL	NULL	NULL
5308	Sigil of Vigor X (Stamina)	NULL	NULL	NULL	NULL	NULL	NULL	NULL	NULL
5309	Sigil of Vigor XI (Stamina)	NULL	NULL	NULL	NULL	NULL	NULL	NULL	NULL
5310	Sigil of Vigor XII (Stamina)	NULL	NULL	NULL	NULL	NULL	NULL	NULL	NULL
5311	Sigil of Vigor XIII (Stamina)	NULL	NULL	NULL	NULL	NULL	NULL	NULL	NULL
5312	Sigil of Vigor XIV (Stamina)	NULL	NULL	NULL	NULL	NULL	NULL	NULL	NULL
5313	Sigil of Vigor XV (Stamina)	NULL	NULL	NULL	NULL	NULL	NULL	NULL	NULL
5314	Blessing of Unity	NULL	NULL	NULL	NULL	NULL	NULL	NULL	NULL
5315	Sigil of Fury I (Endurance)	NULL	NULL	NULL	NULL	NULL	NULL	NULL	NULL
5316	Sigil of Fury II (Endurance)	NULL	NULL	NULL	NULL	NULL	NULL	NULL	NULL
5317	Sigil of Fury III (Endurance)	NULL	NULL	NULL	NULL	NULL	NULL	NULL	NULL
5318	Sigil of Fury IV (Endurance)	NULL	NULL	NULL	NULL	NULL	NULL	NULL	NULL
5319	Sigil of Fury V (Endurance)	NULL	NULL	NULL	NULL	NULL	NULL	NULL	NULL
5320	Sigil of Fury VI (Endurance)	NULL	NULL	NULL	NULL	NULL	NULL	NULL	NULL
5321	Sigil of Fury VII (Endurance)	NULL	NULL	NULL	NULL	NULL	NULL	NULL	NULL
5322	Sigil of Fury VIII (Endurance)	NULL	NULL	NULL	NULL	NULL	NULL	NULL	NULL
5323	Sigil of Fury IX (Endurance)	NULL	NULL	NULL	NULL	NULL	NULL	NULL	NULL
5324	Sigil of Fury X (Endurance)	NULL	NULL	NULL	NULL	NULL	NULL	NULL	NULL
5325	Sigil of Fury XI (Endurance)	NULL	NULL	NULL	NULL	NULL	NULL	NULL	NULL
5326	Sigil of Fury XII (Endurance)	NULL	NULL	NULL	NULL	NULL	NULL	NULL	NULL
5327	Sigil of Fury XIII (Endurance)	NULL	NULL	NULL	NULL	NULL	NULL	NULL	NULL
5328	Sigil of Fury XIV (Endurance)	NULL	NULL	NULL	NULL	NULL	NULL	NULL	NULL
5329	Sigil of Fury XV (Endurance)	NULL	NULL	NULL	NULL	NULL	NULL	NULL	NULL
5330	Gear Knight Invasion Area Camp Recall	NULL	NULL	NULL	NULL	NULL	NULL	NULL	NULL
5331	Clouded Soul	64	NULL	NULL	NULL	NULL	NULL	NULL	NULL
5332	Bael'zharon's Nether Streak	1024	NULL	NULL	NULL	NULL	NULL	NULL	NULL
5333	Bael'zharon's Nether Arc	1024	NULL	NULL	NULL	NULL	NULL	NULL	NULL
5334	Bael'zharons Curse of Destruction	NULL	NULL	NULL	NULL	NULL	NULL	NULL	NULL
5335	Bael'zharons Curse of Minor Destruction	NULL	NULL	NULL	NULL	NULL	NULL	NULL	NULL
5336	Bael'zharons Curse of Festering	NULL	NULL	NULL	NULL	NULL	NULL	NULL	NULL
5337	Destructive Curse VII	1024	NULL	NULL	NULL	NULL	NULL	NULL	NULL
5338	Incantation of Destructive Curse	1024	NULL	NULL	NULL	NULL	NULL	NULL	NULL
5339	Destructive Curse I	1024	NULL	NULL	NULL	NULL	NULL	NULL	NULL
5340	Destructive Curse II	1024	NULL	NULL	NULL	NULL	NULL	NULL	NULL
5341	Destructive Curse III	1024	NULL	NULL	NULL	NULL	NULL	NULL	NULL
5342	Destructive Curse IV	1024	NULL	NULL	NULL	NULL	NULL	NULL	NULL
5343	Destructive Curse V	1024	NULL	NULL	NULL	NULL	NULL	NULL	NULL
5344	Destructive Curse VI	1024	NULL	NULL	NULL	NULL	NULL	NULL	NULL
5345	Nether Streak V	1024	NULL	NULL	NULL	NULL	NULL	NULL	NULL
5346	Nether Streak VI	1024	NULL	NULL	NULL	NULL	NULL	NULL	NULL
5347	Nether Streak VII	1024	NULL	NULL	NULL	NULL	NULL	NULL	NULL
5348	Incantation of Nether Streak	1024	NULL	NULL	NULL	NULL	NULL	NULL	NULL
5349	Nether Bolt I	1024	NULL	NULL	NULL	NULL	NULL	NULL	NULL
5350	Nether Bolt II	1024	NULL	NULL	NULL	NULL	NULL	NULL	NULL
5351	Nether Bolt III	1024	NULL	NULL	NULL	NULL	NULL	NULL	NULL
5352	Nether Bolt IV	1024	NULL	NULL	NULL	NULL	NULL	NULL	NULL
5353	Nether Bolt V	1024	NULL	NULL	NULL	NULL	NULL	NULL	NULL
5354	Nether Bolt VI	1024	NULL	NULL	NULL	NULL	NULL	NULL	NULL
5355	Nether Bolt VII	1024	NULL	NULL	NULL	NULL	NULL	NULL	NULL
5356	Incantation of Nether Bolt	1024	NULL	NULL	NULL	NULL	NULL	NULL	NULL
5357	Nether Streak I	1024	NULL	NULL	NULL	NULL	NULL	NULL	NULL
5358	Nether Streak II	1024	NULL	NULL	NULL	NULL	NULL	NULL	NULL
5359	Nether Streak III	1024	NULL	NULL	NULL	NULL	NULL	NULL	NULL
5360	Nether Streak IV	1024	NULL	NULL	NULL	NULL	NULL	NULL	NULL
5361	Clouded Soul	1024	NULL	NULL	NULL	NULL	NULL	NULL	NULL
5362	Nether Arc II	1024	NULL	NULL	NULL	NULL	NULL	NULL	NULL
5363	Nether Arc III	1024	NULL	NULL	NULL	NULL	NULL	NULL	NULL
5364	Nether Arc IV	1024	NULL	NULL	NULL	NULL	NULL	NULL	NULL
5365	Nether Arc V	1024	NULL	NULL	NULL	NULL	NULL	NULL	NULL
5366	Nether Arc VI	1024	NULL	NULL	NULL	NULL	NULL	NULL	NULL
5367	Nether Arc VII	1024	NULL	NULL	NULL	NULL	NULL	NULL	NULL
5368	Incantation of Nether Arc	1024	NULL	NULL	NULL	NULL	NULL	NULL	NULL
5369	Nether Arc I	1024	NULL	NULL	NULL	NULL	NULL	NULL	NULL
5370	Incantation of Nether Streak	1024	NULL	NULL	NULL	NULL	NULL	NULL	NULL
5371	Festering Curse I	1024	NULL	NULL	NULL	NULL	NULL	NULL	NULL
5372	Festering Curse II	1024	NULL	NULL	NULL	NULL	NULL	NULL	NULL
5373	Festering Curse III	1024	NULL	NULL	NULL	NULL	NULL	NULL	NULL
5374	Festering Curse IV	1024	NULL	NULL	NULL	NULL	NULL	NULL	NULL
5375	Festering Curse V	1024	NULL	NULL	NULL	NULL	NULL	NULL	NULL
5376	Festering Curse VI	1024	NULL	NULL	NULL	NULL	NULL	NULL	NULL
5377	Festering Curse VII	1024	NULL	NULL	NULL	NULL	NULL	NULL	NULL
5378	Incantation of Festering Curse	1024	NULL	NULL	NULL	NULL	NULL	NULL	NULL
5379	Weakening Curse I	1024	NULL	NULL	NULL	NULL	NULL	NULL	NULL
5380	Weakening Curse II	1024	NULL	NULL	NULL	NULL	NULL	NULL	NULL
5381	Weakening Curse III	1024	NULL	NULL	NULL	NULL	NULL	NULL	NULL
5382	Weakening Curse IV	1024	NULL	NULL	NULL	NULL	NULL	NULL	NULL
5383	Weakening Curse V	1024	NULL	NULL	NULL	NULL	NULL	NULL	NULL
5384	Weakening Curse VI	1024	NULL	NULL	NULL	NULL	NULL	NULL	NULL
5385	Weakening Curse VII	1024	NULL	NULL	NULL	NULL	NULL	NULL	NULL
5386	Incantation of Weakening Curse	1024	NULL	NULL	NULL	NULL	NULL	NULL	NULL
5387	Corrosion I	1024	NULL	NULL	NULL	NULL	NULL	NULL	NULL
5388	Corrosion II	1024	NULL	NULL	NULL	NULL	NULL	NULL	NULL
5389	Corrosion III	1024	NULL	NULL	NULL	NULL	NULL	NULL	NULL
5390	Corrosion IV	1024	NULL	NULL	NULL	NULL	NULL	NULL	NULL
5391	Corrosion V	1024	NULL	NULL	NULL	NULL	NULL	NULL	NULL
5392	Corrosion VI	1024	NULL	NULL	NULL	NULL	NULL	NULL	NULL
5393	Corrosion VII	1024	NULL	NULL	NULL	NULL	NULL	NULL	NULL
5394	Incantation of Corrosion	1024	NULL	NULL	NULL	NULL	NULL	NULL	NULL
5395	Corruption I	1024	NULL	NULL	NULL	NULL	NULL	NULL	NULL
5396	Corruption II	1024	NULL	NULL	NULL	NULL	NULL	NULL	NULL
5397	Corruption III	1024	NULL	NULL	NULL	NULL	NULL	NULL	NULL
5398	Corruption IV	1024	NULL	NULL	NULL	NULL	NULL	NULL	NULL
5399	Corruption V	1024	NULL	NULL	NULL	NULL	NULL	NULL	NULL
5400	Corruption VI	1024	NULL	NULL	NULL	NULL	NULL	NULL	NULL
5401	Corruption VII	1024	NULL	NULL	NULL	NULL	NULL	NULL	NULL
5402	Incantation of Corruption	1024	NULL	NULL	NULL	NULL	NULL	NULL	NULL
5403	Void Magic Mastery Other I	NULL	NULL	NULL	NULL	NULL	NULL	NULL	NULL
5404	Void Magic Mastery Other II	NULL	NULL	NULL	NULL	NULL	NULL	NULL	NULL
5405	Void Magic Mastery Other III	NULL	NULL	NULL	NULL	NULL	NULL	NULL	NULL
5406	Void Magic Mastery Other IV	NULL	NULL	NULL	NULL	NULL	NULL	NULL	NULL
5407	Void Magic Mastery Other V	NULL	NULL	NULL	NULL	NULL	NULL	NULL	NULL
5408	Void Magic Mastery Other VI	NULL	NULL	NULL	NULL	NULL	NULL	NULL	NULL
5409	Void Magic Mastery Other VII	NULL	NULL	NULL	NULL	NULL	NULL	NULL	NULL
5410	Incantation of Void Magic Mastery Other	NULL	NULL	NULL	NULL	NULL	NULL	NULL	NULL
5411	Void Magic Mastery Self I	NULL	NULL	NULL	NULL	NULL	NULL	NULL	NULL
5412	Void Magic Mastery Self II	NULL	NULL	NULL	NULL	NULL	NULL	NULL	NULL
5413	Void Magic Mastery Self III	NULL	NULL	NULL	NULL	NULL	NULL	NULL	NULL
5414	Void Magic Mastery Self IV	NULL	NULL	NULL	NULL	NULL	NULL	NULL	NULL
5415	Void Magic Mastery Self V	NULL	NULL	NULL	NULL	NULL	NULL	NULL	NULL
5416	Void Magic Mastery Self VI	NULL	NULL	NULL	NULL	NULL	NULL	NULL	NULL
5417	Void Magic Mastery Self VII	NULL	NULL	NULL	NULL	NULL	NULL	NULL	NULL
5418	Incantation of Void Magic Mastery Self	NULL	NULL	NULL	NULL	NULL	NULL	NULL	NULL
5419	Void Magic Ineptitude Other I	NULL	NULL	NULL	NULL	NULL	NULL	NULL	NULL
5420	Void Magic Ineptitude Other II	NULL	NULL	NULL	NULL	NULL	NULL	NULL	NULL
5421	Void Magic Ineptitude Other III	NULL	NULL	NULL	NULL	NULL	NULL	NULL	NULL
5422	Void Magic Ineptitude Other IV	NULL	NULL	NULL	NULL	NULL	NULL	NULL	NULL
5423	Void Magic Ineptitude Other V	NULL	NULL	NULL	NULL	NULL	NULL	NULL	NULL
5424	Void Magic Ineptitude Other VI	NULL	NULL	NULL	NULL	NULL	NULL	NULL	NULL
5425	Void Magic Ineptitude Other VII	NULL	NULL	NULL	NULL	NULL	NULL	NULL	NULL
5426	Incantation of Void Magic Ineptitude Other	NULL	NULL	NULL	NULL	NULL	NULL	NULL	NULL
5427	Minor Void Magic Aptitude	NULL	NULL	NULL	NULL	NULL	NULL	NULL	NULL
5428	Major Void Magic Aptitude	NULL	NULL	NULL	NULL	NULL	NULL	NULL	NULL
5429	Epic Void Magic Aptitude	NULL	NULL	NULL	NULL	NULL	NULL	NULL	NULL
5430	Moderate Void Magic Aptitude	NULL	NULL	NULL	NULL	NULL	NULL	NULL	NULL
5431	Novice Shadow's Void Magic Aptitude	NULL	NULL	NULL	NULL	NULL	NULL	NULL	NULL
5432	Apprentice Voidlock's Void Magic Aptitude	NULL	NULL	NULL	NULL	NULL	NULL	NULL	NULL
5433	Journeyman Voidlock's Void Magic Aptitude	NULL	NULL	NULL	NULL	NULL	NULL	NULL	NULL
5434	Master Voidlock's Void Magic Aptitude	NULL	NULL	NULL	NULL	NULL	NULL	NULL	NULL
5435	Spectral Void Magic Mastery	NULL	NULL	NULL	NULL	NULL	NULL	NULL	NULL
5436	Prodigal Void Magic Mastery	NULL	NULL	NULL	NULL	NULL	NULL	NULL	NULL
5437	Corruptor's Boon	NULL	NULL	NULL	NULL	NULL	NULL	NULL	NULL
5438	Corruptor's Boon	NULL	NULL	NULL	NULL	NULL	NULL	NULL	NULL
5439	Acid Spit Streak 1	32	NULL	NULL	NULL	NULL	NULL	NULL	NULL
5440	Acid Spit 1	32	NULL	NULL	NULL	NULL	NULL	NULL	NULL
5441	Acid Spit 2	32	NULL	NULL	NULL	NULL	NULL	NULL	NULL
5442	Acid Spit Arc 1	32	NULL	NULL	NULL	NULL	NULL	NULL	NULL
5443	Acid Spit Arc 2	32	NULL	NULL	NULL	NULL	NULL	NULL	NULL
5444	Acid Spit Blast 1	32	NULL	NULL	NULL	NULL	NULL	NULL	NULL
5445	Acid Spit Blast 2	32	NULL	NULL	NULL	NULL	NULL	NULL	NULL
5446	Acid Spit Volley 1	32	NULL	NULL	NULL	NULL	NULL	NULL	NULL
5447	Acid Spit Volley 2	32	NULL	NULL	NULL	NULL	NULL	NULL	NULL
5448	Acid Spit Streak	32	NULL	NULL	NULL	NULL	NULL	NULL	NULL
5449	Surging Strength	NULL	NULL	NULL	NULL	NULL	NULL	NULL	NULL
5450	Towering Defense	NULL	NULL	NULL	NULL	NULL	NULL	NULL	NULL
5451	Luminous Vitality	NULL	NULL	NULL	NULL	NULL	NULL	NULL	NULL
5452	Queen's Willpower	NULL	NULL	NULL	NULL	NULL	NULL	NULL	NULL
5453	Queen's Armor	NULL	NULL	NULL	NULL	NULL	NULL	NULL	NULL
5454	Queen's Coordination	NULL	NULL	NULL	NULL	NULL	NULL	NULL	NULL
5455	Queen's Endurance	NULL	NULL	NULL	NULL	NULL	NULL	NULL	NULL
5456	Queen's Focus	NULL	NULL	NULL	NULL	NULL	NULL	NULL	NULL
5457	Queen's Quickness	NULL	NULL	NULL	NULL	NULL	NULL	NULL	NULL
5458	Queen's Strength	NULL	NULL	NULL	NULL	NULL	NULL	NULL	NULL
5459	Queen's Piercing Protection	NULL	NULL	NULL	NULL	NULL	NULL	NULL	NULL
5460	Queen's Acid Protection	NULL	NULL	NULL	NULL	NULL	NULL	NULL	NULL
5461	Queen's Blade Protection	NULL	NULL	NULL	NULL	NULL	NULL	NULL	NULL
5462	Queen's Bludgeoning Protection	NULL	NULL	NULL	NULL	NULL	NULL	NULL	NULL
5463	Queen's Cold Protection	NULL	NULL	NULL	NULL	NULL	NULL	NULL	NULL
5464	Queen's Fire Protection	NULL	NULL	NULL	NULL	NULL	NULL	NULL	NULL
5465	Queen's Lightning Protection	NULL	NULL	NULL	NULL	NULL	NULL	NULL	NULL
5466	Queen's Rejuvenation	NULL	NULL	NULL	NULL	NULL	NULL	NULL	NULL
5467	Queen's Mana Renewal	NULL	NULL	NULL	NULL	NULL	NULL	NULL	NULL
5468	Queen's Regeneration	NULL	NULL	NULL	NULL	NULL	NULL	NULL	NULL
5469	Queen's Impregnability Other	NULL	NULL	NULL	NULL	NULL	NULL	NULL	NULL
5470	Queen's Invulnerability Other	NULL	NULL	NULL	NULL	NULL	NULL	NULL	NULL
5471	Queen's Magic Resistance	NULL	NULL	NULL	NULL	NULL	NULL	NULL	NULL
5472	Queen's Mana Conversion Mastery	NULL	NULL	NULL	NULL	NULL	NULL	NULL	NULL
5473	Queen's Salvaging Mastery Other	NULL	NULL	NULL	NULL	NULL	NULL	NULL	NULL
5474	Queen's Sprint	NULL	NULL	NULL	NULL	NULL	NULL	NULL	NULL
5475	Queen's Light Weapon Mastery	NULL	NULL	NULL	NULL	NULL	NULL	NULL	NULL
5476	Queen's War Magic Mastery	NULL	NULL	NULL	NULL	NULL	NULL	NULL	NULL
5477	Critical Damage Metamorphi I	NULL	NULL	NULL	NULL	NULL	NULL	NULL	NULL
5478	Critical Damage Metamorphi II	NULL	NULL	NULL	NULL	NULL	NULL	NULL	NULL
5479	Critical Damage Metamorphi III	NULL	NULL	NULL	NULL	NULL	NULL	NULL	NULL
5480	Critical Damage Metamorphi IV	NULL	NULL	NULL	NULL	NULL	NULL	NULL	NULL
5481	Critical Damage Metamorphi V	NULL	NULL	NULL	NULL	NULL	NULL	NULL	NULL
5482	Critical Damage Metamorphi VI	NULL	NULL	NULL	NULL	NULL	NULL	NULL	NULL
5483	Critical Damage Metamorphi VII	NULL	NULL	NULL	NULL	NULL	NULL	NULL	NULL
5484	Critical Damage Metamorphi VIII	NULL	NULL	NULL	NULL	NULL	NULL	NULL	NULL
5485	Critical Damage Metamorphi IX	NULL	NULL	NULL	NULL	NULL	NULL	NULL	NULL
5486	Critical Damage Metamorphi X	NULL	NULL	NULL	NULL	NULL	NULL	NULL	NULL
5487	Critical Damage Metamorphi XI	NULL	NULL	NULL	NULL	NULL	NULL	NULL	NULL
5489	Critical Damage Reduction Metamorphi I	NULL	NULL	NULL	NULL	NULL	NULL	NULL	NULL
5490	Critical Damage Reduction Metamorphi II	NULL	NULL	NULL	NULL	NULL	NULL	NULL	NULL
5491	Critical Damage Reduction Metamorphi III	NULL	NULL	NULL	NULL	NULL	NULL	NULL	NULL
5492	Critical Damage Reduction Metamorphi IV	NULL	NULL	NULL	NULL	NULL	NULL	NULL	NULL
5493	Critical Damage Reduction Metamorphi V	NULL	NULL	NULL	NULL	NULL	NULL	NULL	NULL
5494	Critical Damage Reduction Metamorphi VI	NULL	NULL	NULL	NULL	NULL	NULL	NULL	NULL
5495	Critical Damage Reduction Metamorphi VII	NULL	NULL	NULL	NULL	NULL	NULL	NULL	NULL
5496	Critical Damage Reduction Metamorphi VIII	NULL	NULL	NULL	NULL	NULL	NULL	NULL	NULL
5497	Critical Damage Reduction Metamorphi IX	NULL	NULL	NULL	NULL	NULL	NULL	NULL	NULL
5498	Critical Damage Reduction Metamorphi X	NULL	NULL	NULL	NULL	NULL	NULL	NULL	NULL
5499	Critical Damage Reduction Metamorphi XI	NULL	NULL	NULL	NULL	NULL	NULL	NULL	NULL
5500	Damage Metamorphi I	NULL	NULL	NULL	NULL	NULL	NULL	NULL	NULL
5501	Damage Metamorphi II	NULL	NULL	NULL	NULL	NULL	NULL	NULL	NULL
5502	Damage Metamorphi III	NULL	NULL	NULL	NULL	NULL	NULL	NULL	NULL
5503	Damage Metamorphi IV	NULL	NULL	NULL	NULL	NULL	NULL	NULL	NULL
5504	Damage Metamorphi V	NULL	NULL	NULL	NULL	NULL	NULL	NULL	NULL
5505	Damage Metamorphi VI	NULL	NULL	NULL	NULL	NULL	NULL	NULL	NULL
5506	Damage Metamorphi VII	NULL	NULL	NULL	NULL	NULL	NULL	NULL	NULL
5507	Damage Metamorphi VIII	NULL	NULL	NULL	NULL	NULL	NULL	NULL	NULL
5508	Damage Metamorphi IX	NULL	NULL	NULL	NULL	NULL	NULL	NULL	NULL
5509	Damage Metamorphi X	NULL	NULL	NULL	NULL	NULL	NULL	NULL	NULL
5510	Damage Metamorphi XI	NULL	NULL	NULL	NULL	NULL	NULL	NULL	NULL
5511	Damage Reduction Metamorphi I	NULL	NULL	NULL	NULL	NULL	NULL	NULL	NULL
5512	Damage Reduction Metamorphi II	NULL	NULL	NULL	NULL	NULL	NULL	NULL	NULL
5513	Damage Reduction Metamorphi III	NULL	NULL	NULL	NULL	NULL	NULL	NULL	NULL
5514	Damage Reduction Metamorphi IV	NULL	NULL	NULL	NULL	NULL	NULL	NULL	NULL
5515	Damage Reduction Metamorphi V	NULL	NULL	NULL	NULL	NULL	NULL	NULL	NULL
5516	Damage Reduction Metamorphi VI	NULL	NULL	NULL	NULL	NULL	NULL	NULL	NULL
5517	Damage Reduction Metamorphi VII	NULL	NULL	NULL	NULL	NULL	NULL	NULL	NULL
5518	Damage Reduction Metamorphi VIII	NULL	NULL	NULL	NULL	NULL	NULL	NULL	NULL
5519	Damage Reduction Metamorphi IX	NULL	NULL	NULL	NULL	NULL	NULL	NULL	NULL
5520	Damage Reduction Metamorphi X	NULL	NULL	NULL	NULL	NULL	NULL	NULL	NULL
5521	Damage Reduction Metamorphi XI	NULL	NULL	NULL	NULL	NULL	NULL	NULL	NULL
5522	Acid Spit Vulnerability 1	NULL	NULL	NULL	NULL	NULL	NULL	NULL	NULL
5523	Acid Spit Vulnerability 2	NULL	NULL	NULL	NULL	NULL	NULL	NULL	NULL
5524	Falling stalactite	2	NULL	NULL	NULL	NULL	NULL	NULL	NULL
5525	Bloodstone Bolt I	128	NULL	NULL	NULL	NULL	NULL	NULL	NULL
5526	Bloodstone Bolt II	128	NULL	NULL	NULL	NULL	NULL	NULL	NULL
5527	Bloodstone Bolt III	128	NULL	NULL	NULL	NULL	NULL	NULL	NULL
5528	Bloodstone Bolt IV	128	NULL	NULL	NULL	NULL	NULL	NULL	NULL
5529	Bloodstone Bolt V	128	NULL	NULL	NULL	NULL	NULL	NULL	NULL
5530	Bloodstone Bolt VI	128	NULL	NULL	NULL	NULL	NULL	NULL	NULL
5531	Bloodstone Bolt VII	128	NULL	NULL	NULL	NULL	NULL	NULL	NULL
5532	Incantation of Bloodstone Bolt	128	NULL	NULL	NULL	NULL	NULL	NULL	NULL
5533	Entering Lord Kastellar's Lab	NULL	NULL	NULL	NULL	NULL	NULL	NULL	NULL
5534	Entering the Bloodstone Factory	NULL	NULL	NULL	NULL	NULL	NULL	NULL	NULL
5535	Acidic Blood	32	NULL	NULL	NULL	NULL	NULL	NULL	NULL
5536	Acidic Blood	32	NULL	NULL	NULL	NULL	NULL	NULL	NULL
5537	Acidic Blood	32	NULL	NULL	NULL	NULL	NULL	NULL	NULL
5538	Darkened Heart	NULL	NULL	NULL	NULL	NULL	NULL	NULL	NULL
5539	Warded Cavern Passage	NULL	NULL	NULL	NULL	NULL	NULL	NULL	NULL
5540	Warded Dungeon Passage	NULL	NULL	NULL	NULL	NULL	NULL	NULL	NULL
5541	Lost City of Neftet Recall	NULL	NULL	NULL	NULL	NULL	NULL	NULL	NULL
5542	Burning Sands Infliction	NULL	NULL	NULL	NULL	NULL	NULL	NULL	NULL
5543	Curse of the Burning Sands	NULL	NULL	NULL	NULL	NULL	NULL	NULL	NULL
5544	Nether Blast I	1024	NULL	NULL	NULL	NULL	NULL	NULL	NULL
5545	Nether Blast II	1024	NULL	NULL	NULL	NULL	NULL	NULL	NULL
5546	Nether Blast III	1024	NULL	NULL	NULL	NULL	NULL	NULL	NULL
5547	Nether Blast IV	1024	NULL	NULL	NULL	NULL	NULL	NULL	NULL
5548	Nether Blast V	1024	NULL	NULL	NULL	NULL	NULL	NULL	NULL
5549	Nether Blast VI	1024	NULL	NULL	NULL	NULL	NULL	NULL	NULL
5550	Nether Blast VII	1024	NULL	NULL	NULL	NULL	NULL	NULL	NULL
5551	Incantation of Nether Blast	1024	NULL	NULL	NULL	NULL	NULL	NULL	NULL
5552	Sigil of Purity IX	NULL	NULL	NULL	NULL	NULL	NULL	NULL	NULL
5553	Sigil of Perserverance I	NULL	NULL	NULL	NULL	NULL	NULL	NULL	NULL
5554	Sigil of Perserverance X	NULL	NULL	NULL	NULL	NULL	NULL	NULL	NULL
5555	Sigil of Perserverance XI	NULL	NULL	NULL	NULL	NULL	NULL	NULL	NULL
5556	Sigil of Perserverance XII	NULL	NULL	NULL	NULL	NULL	NULL	NULL	NULL
5557	Sigil of Perserverance XIII	NULL	NULL	NULL	NULL	NULL	NULL	NULL	NULL
5558	Sigil of Perserverance XIV	NULL	NULL	NULL	NULL	NULL	NULL	NULL	NULL
5559	Sigil of Perserverance XV	NULL	NULL	NULL	NULL	NULL	NULL	NULL	NULL
5560	Sigil of Perserverance II	NULL	NULL	NULL	NULL	NULL	NULL	NULL	NULL
5561	Sigil of Perserverance III	NULL	NULL	NULL	NULL	NULL	NULL	NULL	NULL
5562	Sigil of Perserverance IV	NULL	NULL	NULL	NULL	NULL	NULL	NULL	NULL
5563	Sigil of Perserverance V	NULL	NULL	NULL	NULL	NULL	NULL	NULL	NULL
5564	Sigil of Perserverance VI	NULL	NULL	NULL	NULL	NULL	NULL	NULL	NULL
5565	Sigil of Perserverance VII	NULL	NULL	NULL	NULL	NULL	NULL	NULL	NULL
5566	Sigil of Perserverance VIII	NULL	NULL	NULL	NULL	NULL	NULL	NULL	NULL
5567	Sigil of Perserverance IX	NULL	NULL	NULL	NULL	NULL	NULL	NULL	NULL
5568	Sigil of Purity I	NULL	NULL	NULL	NULL	NULL	NULL	NULL	NULL
5569	Sigil of Purity X	NULL	NULL	NULL	NULL	NULL	NULL	NULL	NULL
5570	Sigil of Purity XI	NULL	NULL	NULL	NULL	NULL	NULL	NULL	NULL
5571	Sigil of Purity XII	NULL	NULL	NULL	NULL	NULL	NULL	NULL	NULL
5572	Sigil of Purity XIII	NULL	NULL	NULL	NULL	NULL	NULL	NULL	NULL
5573	Sigil of Purity XIV	NULL	NULL	NULL	NULL	NULL	NULL	NULL	NULL
5574	Sigil of Purity XV	NULL	NULL	NULL	NULL	NULL	NULL	NULL	NULL
5575	Sigil of Purity II	NULL	NULL	NULL	NULL	NULL	NULL	NULL	NULL
5576	Sigil of Purity III	NULL	NULL	NULL	NULL	NULL	NULL	NULL	NULL
5577	Sigil of Purity IV	NULL	NULL	NULL	NULL	NULL	NULL	NULL	NULL
5578	Sigil of Purity V	NULL	NULL	NULL	NULL	NULL	NULL	NULL	NULL
5579	Sigil of Purity VI	NULL	NULL	NULL	NULL	NULL	NULL	NULL	NULL
5580	Sigil of Purity VII	NULL	NULL	NULL	NULL	NULL	NULL	NULL	NULL
5581	Sigil of Purity VIII	NULL	NULL	NULL	NULL	NULL	NULL	NULL	NULL
5582	Nullify All Rares	NULL	NULL	NULL	NULL	NULL	600	600	0
5583	Weave of Alchemy I	NULL	NULL	NULL	NULL	NULL	NULL	NULL	NULL
5584	Weave of Alchemy II	NULL	NULL	NULL	NULL	NULL	NULL	NULL	NULL
5585	Weave of Alchemy III	NULL	NULL	NULL	NULL	NULL	NULL	NULL	NULL
5586	Weave of Alchemy IV	NULL	NULL	NULL	NULL	NULL	NULL	NULL	NULL
5587	Weave of Alchemy V	NULL	NULL	NULL	NULL	NULL	NULL	NULL	NULL
5588	Weave of Arcane Lore I	NULL	NULL	NULL	NULL	NULL	NULL	NULL	NULL
5589	Weave of Arcane Lore II	NULL	NULL	NULL	NULL	NULL	NULL	NULL	NULL
5590	Weave of Arcane Lore III	NULL	NULL	NULL	NULL	NULL	NULL	NULL	NULL
5591	Weave of Arcane Lore IV	NULL	NULL	NULL	NULL	NULL	NULL	NULL	NULL
5592	Weave of Arcane Lore V	NULL	NULL	NULL	NULL	NULL	NULL	NULL	NULL
5593	Weave of Armor Tinkering I	NULL	NULL	NULL	NULL	NULL	NULL	NULL	NULL
5594	Weave of Armor Tinkering II	NULL	NULL	NULL	NULL	NULL	NULL	NULL	NULL
5595	Weave of Armor Tinkering III	NULL	NULL	NULL	NULL	NULL	NULL	NULL	NULL
5596	Weave of Armor Tinkering IV	NULL	NULL	NULL	NULL	NULL	NULL	NULL	NULL
5597	Weave of Armor Tinkering V	NULL	NULL	NULL	NULL	NULL	NULL	NULL	NULL
5598	Weave of Person Attunement I	NULL	NULL	NULL	NULL	NULL	NULL	NULL	NULL
5599	Weave of Person Attunement II	NULL	NULL	NULL	NULL	NULL	NULL	NULL	NULL
5600	Weave of Person Attunement III	NULL	NULL	NULL	NULL	NULL	NULL	NULL	NULL
5601	Weave of Person Attunement IV	NULL	NULL	NULL	NULL	NULL	NULL	NULL	NULL
5602	Weave of the Person Attunement V	NULL	NULL	NULL	NULL	NULL	NULL	NULL	NULL
5603	Weave of Light Weapons I	NULL	NULL	NULL	NULL	NULL	NULL	NULL	NULL
5604	Weave of Light Weapons II	NULL	NULL	NULL	NULL	NULL	NULL	NULL	NULL
5605	Weave of Light Weapons III	NULL	NULL	NULL	NULL	NULL	NULL	NULL	NULL
5606	Weave of Light Weapons IV	NULL	NULL	NULL	NULL	NULL	NULL	NULL	NULL
5607	Weave of Light Weapons V	NULL	NULL	NULL	NULL	NULL	NULL	NULL	NULL
5608	Weave of Missile Weapons I	NULL	NULL	NULL	NULL	NULL	NULL	NULL	NULL
5609	Weave of Missile Weapons II	NULL	NULL	NULL	NULL	NULL	NULL	NULL	NULL
5610	Weave of Missile Weapons III	NULL	NULL	NULL	NULL	NULL	NULL	NULL	NULL
5611	Weave of Missile Weapons IV	NULL	NULL	NULL	NULL	NULL	NULL	NULL	NULL
5612	Weave of Missile Weapons V	NULL	NULL	NULL	NULL	NULL	NULL	NULL	NULL
5613	Weave of Cooking I	NULL	NULL	NULL	NULL	NULL	NULL	NULL	NULL
5614	Weave of Cooking II	NULL	NULL	NULL	NULL	NULL	NULL	NULL	NULL
5615	Weave of Cooking III	NULL	NULL	NULL	NULL	NULL	NULL	NULL	NULL
5616	Weave of Cooking IV	NULL	NULL	NULL	NULL	NULL	NULL	NULL	NULL
5617	Weave of the Cooking V	NULL	NULL	NULL	NULL	NULL	NULL	NULL	NULL
5618	Weave of Creature Enchantment I	NULL	NULL	NULL	NULL	NULL	NULL	NULL	NULL
5619	Weave of Creature Enchantment II	NULL	NULL	NULL	NULL	NULL	NULL	NULL	NULL
5620	Weave of Creature Enchantment III	NULL	NULL	NULL	NULL	NULL	NULL	NULL	NULL
5621	Weave of Creature Enchantment IV	NULL	NULL	NULL	NULL	NULL	NULL	NULL	NULL
5622	Weave of the Creature Enchantment V	NULL	NULL	NULL	NULL	NULL	NULL	NULL	NULL
5623	Weave of Missile Weapons I	NULL	NULL	NULL	NULL	NULL	NULL	NULL	NULL
5624	Weave of Missile Weapons II	NULL	NULL	NULL	NULL	NULL	NULL	NULL	NULL
5625	Weave of Missile Weapons III	NULL	NULL	NULL	NULL	NULL	NULL	NULL	NULL
5626	Weave of Missile Weapons IV	NULL	NULL	NULL	NULL	NULL	NULL	NULL	NULL
5627	Weave of Missile Weapons V	NULL	NULL	NULL	NULL	NULL	NULL	NULL	NULL
5628	Weave of Finesse Weapons I	NULL	NULL	NULL	NULL	NULL	NULL	NULL	NULL
5629	Weave of Finesse Weapons II	NULL	NULL	NULL	NULL	NULL	NULL	NULL	NULL
5630	Weave of Finesse Weapons III	NULL	NULL	NULL	NULL	NULL	NULL	NULL	NULL
5631	Weave of Finesse Weapons IV	NULL	NULL	NULL	NULL	NULL	NULL	NULL	NULL
5632	Weave of Finesse Weapons V	NULL	NULL	NULL	NULL	NULL	NULL	NULL	NULL
5633	Weave of Deception I	NULL	NULL	NULL	NULL	NULL	NULL	NULL	NULL
5634	Weave of the Deception II	NULL	NULL	NULL	NULL	NULL	NULL	NULL	NULL
5635	Weave of the Deception III	NULL	NULL	NULL	NULL	NULL	NULL	NULL	NULL
5636	Weave of the Deception IV	NULL	NULL	NULL	NULL	NULL	NULL	NULL	NULL
5637	Weave of the Deception V	NULL	NULL	NULL	NULL	NULL	NULL	NULL	NULL
5638	Weave of Fletching I	NULL	NULL	NULL	NULL	NULL	NULL	NULL	NULL
5639	Weave of the Fletching II	NULL	NULL	NULL	NULL	NULL	NULL	NULL	NULL
5640	Weave of the Fletching III	NULL	NULL	NULL	NULL	NULL	NULL	NULL	NULL
5641	Weave of the Fletching IV	NULL	NULL	NULL	NULL	NULL	NULL	NULL	NULL
5642	Weave of the Fletching V	NULL	NULL	NULL	NULL	NULL	NULL	NULL	NULL
5643	Weave of Healing I	NULL	NULL	NULL	NULL	NULL	NULL	NULL	NULL
5644	Weave of the Healing II	NULL	NULL	NULL	NULL	NULL	NULL	NULL	NULL
5645	Weave of the Healing III	NULL	NULL	NULL	NULL	NULL	NULL	NULL	NULL
5646	Weave of the Healing IV	NULL	NULL	NULL	NULL	NULL	NULL	NULL	NULL
5647	Weave of the Healing V	NULL	NULL	NULL	NULL	NULL	NULL	NULL	NULL
5648	Weave of Item Enchantment I	NULL	NULL	NULL	NULL	NULL	NULL	NULL	NULL
5649	Weave of Item Enchantment II	NULL	NULL	NULL	NULL	NULL	NULL	NULL	NULL
5650	Weave of Item Enchantment III	NULL	NULL	NULL	NULL	NULL	NULL	NULL	NULL
5651	Weave of Item Enchantment IV	NULL	NULL	NULL	NULL	NULL	NULL	NULL	NULL
5652	Weave of the Item Enchantment V	NULL	NULL	NULL	NULL	NULL	NULL	NULL	NULL
5653	Weave of Item Tinkering I	NULL	NULL	NULL	NULL	NULL	NULL	NULL	NULL
5654	Weave of Item Tinkering II	NULL	NULL	NULL	NULL	NULL	NULL	NULL	NULL
5655	Weave of Item Tinkering III	NULL	NULL	NULL	NULL	NULL	NULL	NULL	NULL
5656	Weave of Item Tinkering IV	NULL	NULL	NULL	NULL	NULL	NULL	NULL	NULL
5657	Weave of the Item Tinkering V	NULL	NULL	NULL	NULL	NULL	NULL	NULL	NULL
5658	Weave of Leadership I	NULL	NULL	NULL	NULL	NULL	NULL	NULL	NULL
5659	Weave of Leadership II	NULL	NULL	NULL	NULL	NULL	NULL	NULL	NULL
5660	Weave of Leadership III	NULL	NULL	NULL	NULL	NULL	NULL	NULL	NULL
5661	Weave of Leadership IV	NULL	NULL	NULL	NULL	NULL	NULL	NULL	NULL
5662	Weave of Leadership V	NULL	NULL	NULL	NULL	NULL	NULL	NULL	NULL
5663	Weave of Life Magic I	NULL	NULL	NULL	NULL	NULL	NULL	NULL	NULL
5664	Weave of Life Magic II	NULL	NULL	NULL	NULL	NULL	NULL	NULL	NULL
5665	Weave of Life Magic III	NULL	NULL	NULL	NULL	NULL	NULL	NULL	NULL
5666	Weave of Life Magic IV	NULL	NULL	NULL	NULL	NULL	NULL	NULL	NULL
5667	Weave of Life Magic V	NULL	NULL	NULL	NULL	NULL	NULL	NULL	NULL
5668	Weave of Fealty I	NULL	NULL	NULL	NULL	NULL	NULL	NULL	NULL
5669	Weave of Fealty II	NULL	NULL	NULL	NULL	NULL	NULL	NULL	NULL
5670	Weave of Fealty III	NULL	NULL	NULL	NULL	NULL	NULL	NULL	NULL
5671	Weave of Fealty IV	NULL	NULL	NULL	NULL	NULL	NULL	NULL	NULL
5672	Weave of Fealty V	NULL	NULL	NULL	NULL	NULL	NULL	NULL	NULL
5673	Weave of Light Weapons I	NULL	NULL	NULL	NULL	NULL	NULL	NULL	NULL
5674	Weave of Light Weapons II	NULL	NULL	NULL	NULL	NULL	NULL	NULL	NULL
5675	Weave of Light Weapons III	NULL	NULL	NULL	NULL	NULL	NULL	NULL	NULL
5676	Weave of Light Weapons IV	NULL	NULL	NULL	NULL	NULL	NULL	NULL	NULL
5677	Weave of Light Weapons V	NULL	NULL	NULL	NULL	NULL	NULL	NULL	NULL
5678	Weave of Magic Resistance I	NULL	NULL	NULL	NULL	NULL	NULL	NULL	NULL
5679	Weave of Magic Resistance II	NULL	NULL	NULL	NULL	NULL	NULL	NULL	NULL
5680	Weave of Magic Resistance III	NULL	NULL	NULL	NULL	NULL	NULL	NULL	NULL
5681	Weave of Magic Resistance IV	NULL	NULL	NULL	NULL	NULL	NULL	NULL	NULL
5682	Weave of the Magic Resistance V	NULL	NULL	NULL	NULL	NULL	NULL	NULL	NULL
5683	Weave of Magic Item Tinkering I	NULL	NULL	NULL	NULL	NULL	NULL	NULL	NULL
5684	Weave of Magic Item Tinkering II	NULL	NULL	NULL	NULL	NULL	NULL	NULL	NULL
5685	Weave of Magic Item Tinkering III	NULL	NULL	NULL	NULL	NULL	NULL	NULL	NULL
5686	Weave of Magic Item Tinkering IV	NULL	NULL	NULL	NULL	NULL	NULL	NULL	NULL
5687	Weave of the Magic Item Tinkering V	NULL	NULL	NULL	NULL	NULL	NULL	NULL	NULL
5688	Weave of Mana Conversion I	NULL	NULL	NULL	NULL	NULL	NULL	NULL	NULL
5689	Weave of Mana Conversion II	NULL	NULL	NULL	NULL	NULL	NULL	NULL	NULL
5690	Weave of Mana Conversion III	NULL	NULL	NULL	NULL	NULL	NULL	NULL	NULL
5691	Weave of Mana Conversion IV	NULL	NULL	NULL	NULL	NULL	NULL	NULL	NULL
5692	Weave of Mana Conversion V	NULL	NULL	NULL	NULL	NULL	NULL	NULL	NULL
5693	Weave of Invulnerability I	NULL	NULL	NULL	NULL	NULL	NULL	NULL	NULL
5694	Weave of Invulnerability II	NULL	NULL	NULL	NULL	NULL	NULL	NULL	NULL
5695	Weave of Invulnerability III	NULL	NULL	NULL	NULL	NULL	NULL	NULL	NULL
5696	Weave of Invulnerability IV	NULL	NULL	NULL	NULL	NULL	NULL	NULL	NULL
5697	Weave of the Invulnerability V	NULL	NULL	NULL	NULL	NULL	NULL	NULL	NULL
5698	Weave of Impregnability I	NULL	NULL	NULL	NULL	NULL	NULL	NULL	NULL
5699	Weave of Impregnability II	NULL	NULL	NULL	NULL	NULL	NULL	NULL	NULL
5700	Weave of Impregnability III	NULL	NULL	NULL	NULL	NULL	NULL	NULL	NULL
5701	Weave of Impregnability IV	NULL	NULL	NULL	NULL	NULL	NULL	NULL	NULL
5702	Weave of the Impregnability V	NULL	NULL	NULL	NULL	NULL	NULL	NULL	NULL
5703	Weave of Salvaging I	NULL	NULL	NULL	NULL	NULL	NULL	NULL	NULL
5704	Weave of Salvaging II	NULL	NULL	NULL	NULL	NULL	NULL	NULL	NULL
5705	Weave of Salvaging III	NULL	NULL	NULL	NULL	NULL	NULL	NULL	NULL
5706	Weave of Salvaging IV	NULL	NULL	NULL	NULL	NULL	NULL	NULL	NULL
5707	Weave of Salvaging V	NULL	NULL	NULL	NULL	NULL	NULL	NULL	NULL
5708	Weave of Light Weapons I	NULL	NULL	NULL	NULL	NULL	NULL	NULL	NULL
5709	Weave of Light Weapons II	NULL	NULL	NULL	NULL	NULL	NULL	NULL	NULL
5710	Weave of Light Weapons III	NULL	NULL	NULL	NULL	NULL	NULL	NULL	NULL
5711	Weave of Light Weapons IV	NULL	NULL	NULL	NULL	NULL	NULL	NULL	NULL
5712	Weave of Light Weapons V	NULL	NULL	NULL	NULL	NULL	NULL	NULL	NULL
5713	Weave of Light Weapons I	NULL	NULL	NULL	NULL	NULL	NULL	NULL	NULL
5714	Weave of Light Weapons II	NULL	NULL	NULL	NULL	NULL	NULL	NULL	NULL
5715	Weave of Light Weapons III	NULL	NULL	NULL	NULL	NULL	NULL	NULL	NULL
5716	Weave of Light Weapons IV	NULL	NULL	NULL	NULL	NULL	NULL	NULL	NULL
5717	Weave of Light Weapons V	NULL	NULL	NULL	NULL	NULL	NULL	NULL	NULL
5718	Weave of Heavy Weapons I	NULL	NULL	NULL	NULL	NULL	NULL	NULL	NULL
5719	Weave of Heavy Weapons II	NULL	NULL	NULL	NULL	NULL	NULL	NULL	NULL
5720	Weave of Heavy Weapons III	NULL	NULL	NULL	NULL	NULL	NULL	NULL	NULL
5721	Weave of Heavy Weapons IV	NULL	NULL	NULL	NULL	NULL	NULL	NULL	NULL
5722	Weave of Heavy Weapons V	NULL	NULL	NULL	NULL	NULL	NULL	NULL	NULL
5723	Weave of Missile Weapons I	NULL	NULL	NULL	NULL	NULL	NULL	NULL	NULL
5724	Weave of Missile Weapons II	NULL	NULL	NULL	NULL	NULL	NULL	NULL	NULL
5725	Weave of Missile Weapons III	NULL	NULL	NULL	NULL	NULL	NULL	NULL	NULL
5726	Weave of Missile Weapons IV	NULL	NULL	NULL	NULL	NULL	NULL	NULL	NULL
5727	Weave of Missile Weapons V	NULL	NULL	NULL	NULL	NULL	NULL	NULL	NULL
5728	Weave of Two Handed Combat I	NULL	NULL	NULL	NULL	NULL	NULL	NULL	NULL
5729	Weave of Two Handed Combat II	NULL	NULL	NULL	NULL	NULL	NULL	NULL	NULL
5730	Weave of Two Handed Combat III	NULL	NULL	NULL	NULL	NULL	NULL	NULL	NULL
5731	Weave of Two Handed Combat IV	NULL	NULL	NULL	NULL	NULL	NULL	NULL	NULL
5732	Weave of Two Handed Combat V	NULL	NULL	NULL	NULL	NULL	NULL	NULL	NULL
5733	Weave of Light Weapons I	NULL	NULL	NULL	NULL	NULL	NULL	NULL	NULL
5734	Weave of Light Weapons II	NULL	NULL	NULL	NULL	NULL	NULL	NULL	NULL
5735	Weave of Light Weapons III	NULL	NULL	NULL	NULL	NULL	NULL	NULL	NULL
5736	Weave of Light Weapons IV	NULL	NULL	NULL	NULL	NULL	NULL	NULL	NULL
5737	Weave of Light Weapons V	NULL	NULL	NULL	NULL	NULL	NULL	NULL	NULL
5738	Weave of Void Magic I	NULL	NULL	NULL	NULL	NULL	NULL	NULL	NULL
5739	Weave of Void Magic II	NULL	NULL	NULL	NULL	NULL	NULL	NULL	NULL
5740	Weave of Void Magic III	NULL	NULL	NULL	NULL	NULL	NULL	NULL	NULL
5741	Weave of Void Magic IV	NULL	NULL	NULL	NULL	NULL	NULL	NULL	NULL
5742	Weave of Void Magic V	NULL	NULL	NULL	NULL	NULL	NULL	NULL	NULL
5743	Weave of War Magic I	NULL	NULL	NULL	NULL	NULL	NULL	NULL	NULL
5744	Weave of War Magic II	NULL	NULL	NULL	NULL	NULL	NULL	NULL	NULL
5745	Weave of War Magic III	NULL	NULL	NULL	NULL	NULL	NULL	NULL	NULL
5746	Weave of War Magic IV	NULL	NULL	NULL	NULL	NULL	NULL	NULL	NULL
5747	Weave of War Magic V	NULL	NULL	NULL	NULL	NULL	NULL	NULL	NULL
5748	Weave of Weapon Tinkering I	NULL	NULL	NULL	NULL	NULL	NULL	NULL	NULL
5749	Weave of Weapon Tinkering II	NULL	NULL	NULL	NULL	NULL	NULL	NULL	NULL
5750	Weave of Weapon Tinkering III	NULL	NULL	NULL	NULL	NULL	NULL	NULL	NULL
5751	Weave of Weapon Tinkering IV	NULL	NULL	NULL	NULL	NULL	NULL	NULL	NULL
5752	Weave of the Weapon Tinkering V	NULL	NULL	NULL	NULL	NULL	NULL	NULL	NULL
5753	Cloaked in Skill	NULL	NULL	NULL	NULL	NULL	NULL	NULL	NULL
5754	Shroud of Darkness (Magic)	1	NULL	NULL	NULL	NULL	NULL	NULL	NULL
5755	Shroud of Darkness (Melee)	1	NULL	NULL	NULL	NULL	NULL	NULL	NULL
5756	Shroud of Darkness (Missile)	1	NULL	NULL	NULL	NULL	NULL	NULL	NULL
5757	Weave of Creature Attunement III	NULL	NULL	NULL	NULL	NULL	NULL	NULL	NULL
5758	Weave of Creature Attunement IV	NULL	NULL	NULL	NULL	NULL	NULL	NULL	NULL
5759	Weave of the Creature Attunement V	NULL	NULL	NULL	NULL	NULL	NULL	NULL	NULL
5760	Weave of Creature Attunement I	NULL	NULL	NULL	NULL	NULL	NULL	NULL	NULL
5761	Weave of Creature Attunement II	NULL	NULL	NULL	NULL	NULL	NULL	NULL	NULL
5762	Rolling Death	8	NULL	NULL	NULL	NULL	NULL	NULL	NULL
5763	Dirty Fighting Ineptitude Other I	NULL	NULL	NULL	NULL	NULL	NULL	NULL	NULL
5764	Dirty Fighting Ineptitude Other II	NULL	NULL	NULL	NULL	NULL	NULL	NULL	NULL
5765	Dirty Fighting Ineptitude Other III	NULL	NULL	NULL	NULL	NULL	NULL	NULL	NULL
5766	Dirty Fighting Ineptitude Other IV	NULL	NULL	NULL	NULL	NULL	NULL	NULL	NULL
5767	Dirty Fighting Ineptitude Other V	NULL	NULL	NULL	NULL	NULL	NULL	NULL	NULL
5768	Dirty Fighting Ineptitude Other VI	NULL	NULL	NULL	NULL	NULL	NULL	NULL	NULL
5769	Dirty Fighting Ineptitude Other VII	NULL	NULL	NULL	NULL	NULL	NULL	NULL	NULL
5770	Incantation of Dirty Fighting Ineptitude Other	NULL	NULL	NULL	NULL	NULL	NULL	NULL	NULL
5771	Dirty Fighting Mastery Other I	NULL	NULL	NULL	NULL	NULL	NULL	NULL	NULL
5772	Dirty Fighting Mastery Other II	NULL	NULL	NULL	NULL	NULL	NULL	NULL	NULL
5773	Dirty Fighting Mastery Other III	NULL	NULL	NULL	NULL	NULL	NULL	NULL	NULL
5774	Dirty Fighting Mastery Other IV	NULL	NULL	NULL	NULL	NULL	NULL	NULL	NULL
5775	Dirty Fighting Mastery Other V	NULL	NULL	NULL	NULL	NULL	NULL	NULL	NULL
5776	Dirty Fighting Mastery Other VI	NULL	NULL	NULL	NULL	NULL	NULL	NULL	NULL
5777	Dirty Fighting Mastery Other VII	NULL	NULL	NULL	NULL	NULL	NULL	NULL	NULL
5778	Incantation of Dirty Fighting Mastery Other	NULL	NULL	NULL	NULL	NULL	NULL	NULL	NULL
5779	Dirty Fighting Mastery Self I	NULL	NULL	NULL	NULL	NULL	NULL	NULL	NULL
5780	Dirty Fighting Mastery Self II	NULL	NULL	NULL	NULL	NULL	NULL	NULL	NULL
5781	Dirty Fighting Mastery Self III	NULL	NULL	NULL	NULL	NULL	NULL	NULL	NULL
5782	Dirty Fighting Mastery Self IV	NULL	NULL	NULL	NULL	NULL	NULL	NULL	NULL
5783	Dirty Fighting Mastery Self V	NULL	NULL	NULL	NULL	NULL	NULL	NULL	NULL
5784	Dirty Fighting Mastery Self VI	NULL	NULL	NULL	NULL	NULL	NULL	NULL	NULL
5785	Dirty Fighting Mastery Self VII	NULL	NULL	NULL	NULL	NULL	NULL	NULL	NULL
5786	Incantation of Dirty Fighting Mastery Self	NULL	NULL	NULL	NULL	NULL	NULL	NULL	NULL
5787	Dual Wield Ineptitude Other I	NULL	NULL	NULL	NULL	NULL	NULL	NULL	NULL
5788	Dual Wield Ineptitude Other II	NULL	NULL	NULL	NULL	NULL	NULL	NULL	NULL
5789	Dual Wield Ineptitude Other III	NULL	NULL	NULL	NULL	NULL	NULL	NULL	NULL
5790	Dual Wield Ineptitude Other IV	NULL	NULL	NULL	NULL	NULL	NULL	NULL	NULL
5791	Dual Wield Ineptitude Other V	NULL	NULL	NULL	NULL	NULL	NULL	NULL	NULL
5792	Dual Wield Ineptitude Other VI	NULL	NULL	NULL	NULL	NULL	NULL	NULL	NULL
5793	Dual Wield Ineptitude Other VII	NULL	NULL	NULL	NULL	NULL	NULL	NULL	NULL
5794	Incantation of Dual Wield Ineptitude Other	NULL	NULL	NULL	NULL	NULL	NULL	NULL	NULL
5795	Dual Wield Mastery Other I	NULL	NULL	NULL	NULL	NULL	NULL	NULL	NULL
5796	Dual Wield Mastery Other II	NULL	NULL	NULL	NULL	NULL	NULL	NULL	NULL
5797	Dual Wield Mastery Other III	NULL	NULL	NULL	NULL	NULL	NULL	NULL	NULL
5798	Dual Wield Mastery Other IV	NULL	NULL	NULL	NULL	NULL	NULL	NULL	NULL
5799	Dual Wield Mastery Other V	NULL	NULL	NULL	NULL	NULL	NULL	NULL	NULL
5800	Dual Wield Mastery Other VI	NULL	NULL	NULL	NULL	NULL	NULL	NULL	NULL
5801	Dual Wield Mastery Other VII	NULL	NULL	NULL	NULL	NULL	NULL	NULL	NULL
5802	Incantation of Dual Wield Mastery Other	NULL	NULL	NULL	NULL	NULL	NULL	NULL	NULL
5803	Dual Wield Mastery Self I	NULL	NULL	NULL	NULL	NULL	NULL	NULL	NULL
5804	Dual Wield Mastery Self II	NULL	NULL	NULL	NULL	NULL	NULL	NULL	NULL
5805	Dual Wield Mastery Self III	NULL	NULL	NULL	NULL	NULL	NULL	NULL	NULL
5806	Dual Wield Mastery Self IV	NULL	NULL	NULL	NULL	NULL	NULL	NULL	NULL
5807	Dual Wield Mastery Self V	NULL	NULL	NULL	NULL	NULL	NULL	NULL	NULL
5808	Dual Wield Mastery Self VI	NULL	NULL	NULL	NULL	NULL	NULL	NULL	NULL
5809	Dual Wield Mastery Self VII	NULL	NULL	NULL	NULL	NULL	NULL	NULL	NULL
5810	Incantation of Dual Wield Mastery Self	NULL	NULL	NULL	NULL	NULL	NULL	NULL	NULL
5811	Recklessness Ineptitude Other I	NULL	NULL	NULL	NULL	NULL	NULL	NULL	NULL
5812	Recklessness Ineptitude Other II	NULL	NULL	NULL	NULL	NULL	NULL	NULL	NULL
5813	Recklessness Ineptitude Other III	NULL	NULL	NULL	NULL	NULL	NULL	NULL	NULL
5814	Recklessness Ineptitude Other IV	NULL	NULL	NULL	NULL	NULL	NULL	NULL	NULL
5815	Recklessness Ineptitude Other V	NULL	NULL	NULL	NULL	NULL	NULL	NULL	NULL
5816	Recklessness Ineptitude Other VI	NULL	NULL	NULL	NULL	NULL	NULL	NULL	NULL
5817	Recklessness Ineptitude Other VII	NULL	NULL	NULL	NULL	NULL	NULL	NULL	NULL
5818	Incantation of Recklessness Ineptitude Other	NULL	NULL	NULL	NULL	NULL	NULL	NULL	NULL
5819	Recklessness Mastery Other I	NULL	NULL	NULL	NULL	NULL	NULL	NULL	NULL
5820	Recklessness Mastery Other II	NULL	NULL	NULL	NULL	NULL	NULL	NULL	NULL
5821	Recklessness Mastery Other III	NULL	NULL	NULL	NULL	NULL	NULL	NULL	NULL
5822	Recklessness Mastery Other IV	NULL	NULL	NULL	NULL	NULL	NULL	NULL	NULL
5823	Recklessness Mastery Other V	NULL	NULL	NULL	NULL	NULL	NULL	NULL	NULL
5824	Recklessness Mastery Other VI	NULL	NULL	NULL	NULL	NULL	NULL	NULL	NULL
5825	Recklessness Mastery Other VII	NULL	NULL	NULL	NULL	NULL	NULL	NULL	NULL
5826	Incantation of Recklessness Mastery Other	NULL	NULL	NULL	NULL	NULL	NULL	NULL	NULL
5827	Recklessness Mastery Self I	NULL	NULL	NULL	NULL	NULL	NULL	NULL	NULL
5828	Recklessness Mastery Self II	NULL	NULL	NULL	NULL	NULL	NULL	NULL	NULL
5829	Recklessness Mastery Self III	NULL	NULL	NULL	NULL	NULL	NULL	NULL	NULL
5830	Recklessness Mastery Self IV	NULL	NULL	NULL	NULL	NULL	NULL	NULL	NULL
5831	Recklessness Mastery Self V	NULL	NULL	NULL	NULL	NULL	NULL	NULL	NULL
5832	Recklessness Mastery Self VI	NULL	NULL	NULL	NULL	NULL	NULL	NULL	NULL
5833	Recklessness Mastery Self VII	NULL	NULL	NULL	NULL	NULL	NULL	NULL	NULL
5834	Incantation of Recklessness Mastery Self	NULL	NULL	NULL	NULL	NULL	NULL	NULL	NULL
5835	Shield Ineptitude Other I	NULL	NULL	NULL	NULL	NULL	NULL	NULL	NULL
5836	Shield Ineptitude Other II	NULL	NULL	NULL	NULL	NULL	NULL	NULL	NULL
5837	Shield Ineptitude Other III	NULL	NULL	NULL	NULL	NULL	NULL	NULL	NULL
5838	Shield Ineptitude Other IV	NULL	NULL	NULL	NULL	NULL	NULL	NULL	NULL
5839	Shield Ineptitude Other V	NULL	NULL	NULL	NULL	NULL	NULL	NULL	NULL
5840	Shield Ineptitude Other VI	NULL	NULL	NULL	NULL	NULL	NULL	NULL	NULL
5841	Shield Ineptitude Other VII	NULL	NULL	NULL	NULL	NULL	NULL	NULL	NULL
5842	Incantation of Shield Ineptitude Other	NULL	NULL	NULL	NULL	NULL	NULL	NULL	NULL
5843	Shield Mastery Other I	NULL	NULL	NULL	NULL	NULL	NULL	NULL	NULL
5844	Shield Mastery Other II	NULL	NULL	NULL	NULL	NULL	NULL	NULL	NULL
5845	Shield Mastery Other III	NULL	NULL	NULL	NULL	NULL	NULL	NULL	NULL
5846	Shield Mastery Other IV	NULL	NULL	NULL	NULL	NULL	NULL	NULL	NULL
5847	Shield Mastery Other V	NULL	NULL	NULL	NULL	NULL	NULL	NULL	NULL
5848	Shield Mastery Other VI	NULL	NULL	NULL	NULL	NULL	NULL	NULL	NULL
5849	Shield Mastery Other VII	NULL	NULL	NULL	NULL	NULL	NULL	NULL	NULL
5850	Incantation of Shield Mastery Other	NULL	NULL	NULL	NULL	NULL	NULL	NULL	NULL
5851	Shield Mastery Self I	NULL	NULL	NULL	NULL	NULL	NULL	NULL	NULL
5852	Shield Mastery Self II	NULL	NULL	NULL	NULL	NULL	NULL	NULL	NULL
5853	Shield Mastery Self III	NULL	NULL	NULL	NULL	NULL	NULL	NULL	NULL
5854	Shield Mastery Self IV	NULL	NULL	NULL	NULL	NULL	NULL	NULL	NULL
5855	Shield Mastery Self V	NULL	NULL	NULL	NULL	NULL	NULL	NULL	NULL
5856	Shield Mastery Self VI	NULL	NULL	NULL	NULL	NULL	NULL	NULL	NULL
5857	Shield Mastery Self VII	NULL	NULL	NULL	NULL	NULL	NULL	NULL	NULL
5858	Incantation of Shield Mastery Self	NULL	NULL	NULL	NULL	NULL	NULL	NULL	NULL
5859	Sneak Attack Ineptitude Other I	NULL	NULL	NULL	NULL	NULL	NULL	NULL	NULL
5860	Sneak Attack Ineptitude Other II	NULL	NULL	NULL	NULL	NULL	NULL	NULL	NULL
5861	Sneak Attack Ineptitude Other III	NULL	NULL	NULL	NULL	NULL	NULL	NULL	NULL
5862	Sneak Attack Ineptitude Other IV	NULL	NULL	NULL	NULL	NULL	NULL	NULL	NULL
5863	Sneak Attack Ineptitude Other V	NULL	NULL	NULL	NULL	NULL	NULL	NULL	NULL
5864	Sneak Attack Ineptitude Other VI	NULL	NULL	NULL	NULL	NULL	NULL	NULL	NULL
5865	Sneak Attack Ineptitude Other VII	NULL	NULL	NULL	NULL	NULL	NULL	NULL	NULL
5866	Incantation of Sneak Attack Ineptitude Other	NULL	NULL	NULL	NULL	NULL	NULL	NULL	NULL
5867	Sneak Attack Mastery Other I	NULL	NULL	NULL	NULL	NULL	NULL	NULL	NULL
5868	Sneak Attack Mastery Other II	NULL	NULL	NULL	NULL	NULL	NULL	NULL	NULL
5869	Sneak Attack Mastery Other III	NULL	NULL	NULL	NULL	NULL	NULL	NULL	NULL
5870	Sneak Attack Mastery Other IV	NULL	NULL	NULL	NULL	NULL	NULL	NULL	NULL
5871	Sneak Attack Mastery Other V	NULL	NULL	NULL	NULL	NULL	NULL	NULL	NULL
5872	Sneak Attack Mastery Other VI	NULL	NULL	NULL	NULL	NULL	NULL	NULL	NULL
5873	Sneak Attack Mastery Other VII	NULL	NULL	NULL	NULL	NULL	NULL	NULL	NULL
5874	Incantation of Sneak Attack Mastery Other	NULL	NULL	NULL	NULL	NULL	NULL	NULL	NULL
5875	Sneak Attack Mastery Self I	NULL	NULL	NULL	NULL	NULL	NULL	NULL	NULL
5876	Sneak Attack Mastery Self II	NULL	NULL	NULL	NULL	NULL	NULL	NULL	NULL
5877	Sneak Attack Mastery Self III	NULL	NULL	NULL	NULL	NULL	NULL	NULL	NULL
5878	Sneak Attack Mastery Self IV	NULL	NULL	NULL	NULL	NULL	NULL	NULL	NULL
5879	Sneak Attack Mastery Self V	NULL	NULL	NULL	NULL	NULL	NULL	NULL	NULL
5880	Sneak Attack Mastery Self VI	NULL	NULL	NULL	NULL	NULL	NULL	NULL	NULL
5881	Sneak Attack Mastery Self VII	NULL	NULL	NULL	NULL	NULL	NULL	NULL	NULL
5882	Incantation of Sneak Attack Mastery Self	NULL	NULL	NULL	NULL	NULL	NULL	NULL	NULL
5883	Minor Dirty Fighting Prowess	NULL	NULL	NULL	NULL	NULL	NULL	NULL	NULL
5884	Minor Dual Wield Aptitude	NULL	NULL	NULL	NULL	NULL	NULL	NULL	NULL
5885	Minor Recklessness Prowess	NULL	NULL	NULL	NULL	NULL	NULL	NULL	NULL
5886	Minor Shield Aptitude	NULL	NULL	NULL	NULL	NULL	NULL	NULL	NULL
5887	Minor Sneak Attack Prowess	NULL	NULL	NULL	NULL	NULL	NULL	NULL	NULL
5888	Major Dirty Fighting Prowess	NULL	NULL	NULL	NULL	NULL	NULL	NULL	NULL
5889	Major Dual Wield Aptitude	NULL	NULL	NULL	NULL	NULL	NULL	NULL	NULL
5890	Major Recklessness Prowess	NULL	NULL	NULL	NULL	NULL	NULL	NULL	NULL
5891	Major Shield Aptitude	NULL	NULL	NULL	NULL	NULL	NULL	NULL	NULL
5892	Major Sneak Attack Prowess	NULL	NULL	NULL	NULL	NULL	NULL	NULL	NULL
5893	Epic Dirty Fighting Prowess	NULL	NULL	NULL	NULL	NULL	NULL	NULL	NULL
5894	Epic Dual Wield Aptitude	NULL	NULL	NULL	NULL	NULL	NULL	NULL	NULL
5895	Epic Recklessness Prowess	NULL	NULL	NULL	NULL	NULL	NULL	NULL	NULL
5896	Epic Shield Aptitude	NULL	NULL	NULL	NULL	NULL	NULL	NULL	NULL
5897	Epic Sneak Attack Prowess	NULL	NULL	NULL	NULL	NULL	NULL	NULL	NULL
5898	Moderate Dirty Fighting Prowess	NULL	NULL	NULL	NULL	NULL	NULL	NULL	NULL
5899	Moderate Dual Wield Aptitude	NULL	NULL	NULL	NULL	NULL	NULL	NULL	NULL
5900	Moderate Recklessness Prowess	NULL	NULL	NULL	NULL	NULL	NULL	NULL	NULL
5901	Moderate Shield Aptitude	NULL	NULL	NULL	NULL	NULL	NULL	NULL	NULL
5902	Moderate Sneak Attack Prowess	NULL	NULL	NULL	NULL	NULL	NULL	NULL	NULL
5903	Prodigal Dual Wield Mastery	NULL	NULL	NULL	NULL	NULL	NULL	NULL	NULL
5904	Spectral Dual Wield Mastery	NULL	NULL	NULL	NULL	NULL	NULL	NULL	NULL
5905	Prodigal Recklessness Mastery	NULL	NULL	NULL	NULL	NULL	NULL	NULL	NULL
5906	Spectral Recklessness Mastery	NULL	NULL	NULL	NULL	NULL	NULL	NULL	NULL
5907	Prodigal Shield Mastery	NULL	NULL	NULL	NULL	NULL	NULL	NULL	NULL
5908	Spectral Shield Mastery	NULL	NULL	NULL	NULL	NULL	NULL	NULL	NULL
5909	Prodigal Sneak Attack Mastery	NULL	NULL	NULL	NULL	NULL	NULL	NULL	NULL
5910	Spectral Sneak Attack Mastery	NULL	NULL	NULL	NULL	NULL	NULL	NULL	NULL
5911	Prodigal Dirty Fighting Mastery	NULL	NULL	NULL	NULL	NULL	NULL	NULL	NULL
5912	Spectral Dirty Fighting Mastery	NULL	NULL	NULL	NULL	NULL	NULL	NULL	NULL
5913	Weave of Dirty Fighting I	NULL	NULL	NULL	NULL	NULL	NULL	NULL	NULL
5914	Weave of Dirty Fighting II	NULL	NULL	NULL	NULL	NULL	NULL	NULL	NULL
5915	Weave of Dirty Fighting III	NULL	NULL	NULL	NULL	NULL	NULL	NULL	NULL
5916	Weave of Dirty Fighting IV	NULL	NULL	NULL	NULL	NULL	NULL	NULL	NULL
5917	Weave of Dirty Fighting V	NULL	NULL	NULL	NULL	NULL	NULL	NULL	NULL
5918	Weave of Dual Wield I	NULL	NULL	NULL	NULL	NULL	NULL	NULL	NULL
5919	Weave of Dual Wield II	NULL	NULL	NULL	NULL	NULL	NULL	NULL	NULL
5920	Weave of Dual Wield III	NULL	NULL	NULL	NULL	NULL	NULL	NULL	NULL
5921	Weave of Dual Wield IV	NULL	NULL	NULL	NULL	NULL	NULL	NULL	NULL
5922	Weave of Dual Wield V	NULL	NULL	NULL	NULL	NULL	NULL	NULL	NULL
5923	Weave of Recklessness I	NULL	NULL	NULL	NULL	NULL	NULL	NULL	NULL
5924	Weave of Recklessness II	NULL	NULL	NULL	NULL	NULL	NULL	NULL	NULL
5925	Weave of Recklessness III	NULL	NULL	NULL	NULL	NULL	NULL	NULL	NULL
5926	Weave of Recklessness IV	NULL	NULL	NULL	NULL	NULL	NULL	NULL	NULL
5927	Weave of Recklessness V	NULL	NULL	NULL	NULL	NULL	NULL	NULL	NULL
5928	Weave of Shield I	NULL	NULL	NULL	NULL	NULL	NULL	NULL	NULL
5929	Weave of Shield II	NULL	NULL	NULL	NULL	NULL	NULL	NULL	NULL
5930	Weave of Shield III	NULL	NULL	NULL	NULL	NULL	NULL	NULL	NULL
5931	Weave of Shield IV	NULL	NULL	NULL	NULL	NULL	NULL	NULL	NULL
5932	Weave of Shield V	NULL	NULL	NULL	NULL	NULL	NULL	NULL	NULL
5933	Weave of Sneak Attack I	NULL	NULL	NULL	NULL	NULL	NULL	NULL	NULL
5934	Weave of Sneak Attack II	NULL	NULL	NULL	NULL	NULL	NULL	NULL	NULL
5935	Weave of Sneak Attack III	NULL	NULL	NULL	NULL	NULL	NULL	NULL	NULL
5936	Weave of Sneak Attack IV	NULL	NULL	NULL	NULL	NULL	NULL	NULL	NULL
5937	Weave of Sneak Attack V	NULL	NULL	NULL	NULL	NULL	NULL	NULL	NULL
5938	Blinding Assault	NULL	NULL	NULL	NULL	NULL	NULL	NULL	NULL
5939	Bleeding Assault	NULL	NULL	NULL	NULL	NULL	NULL	NULL	NULL
5940	Unbalancing Assault	NULL	NULL	NULL	NULL	NULL	NULL	NULL	NULL
5941	Traumatic Assault	NULL	NULL	NULL	NULL	NULL	NULL	NULL	NULL
5942	Blinding Blow	NULL	NULL	NULL	NULL	NULL	NULL	NULL	NULL
5943	Bleeding Blow	NULL	NULL	NULL	NULL	NULL	NULL	NULL	NULL
5944	Unbalancing Blow	NULL	NULL	NULL	NULL	NULL	NULL	NULL	NULL
5945	Traumatic Blow	NULL	NULL	NULL	NULL	NULL	NULL	NULL	NULL
5946	Novice Soldier's Dirty Fighting Aptitude	NULL	NULL	NULL	NULL	NULL	NULL	NULL	NULL
5947	Apprentice Soldier's Dirty Fighting Aptitude	NULL	NULL	NULL	NULL	NULL	NULL	NULL	NULL
5948	Journeyman Soldier's Dirty Fighting Aptitude	NULL	NULL	NULL	NULL	NULL	NULL	NULL	NULL
5949	Master Soldier's Dirty Fighting Aptitude	NULL	NULL	NULL	NULL	NULL	NULL	NULL	NULL
5950	Novice Soldier's Dual Wield Aptitude	NULL	NULL	NULL	NULL	NULL	NULL	NULL	NULL
5951	Apprentice Soldier's Dual Wield Aptitude	NULL	NULL	NULL	NULL	NULL	NULL	NULL	NULL
5952	Journeyman Soldier's Dual Wield Aptitude	NULL	NULL	NULL	NULL	NULL	NULL	NULL	NULL
5953	Master Soldier's Dual Wield Aptitude	NULL	NULL	NULL	NULL	NULL	NULL	NULL	NULL
5954	Novice Soldier's Recklessness Aptitude	NULL	NULL	NULL	NULL	NULL	NULL	NULL	NULL
5955	Apprentice Soldier's Recklessness Aptitude	NULL	NULL	NULL	NULL	NULL	NULL	NULL	NULL
5956	Journeyman Soldier's Recklessness Aptitude	NULL	NULL	NULL	NULL	NULL	NULL	NULL	NULL
5957	Master Soldier's Recklessness Aptitude	NULL	NULL	NULL	NULL	NULL	NULL	NULL	NULL
5958	Novice Soldier's Shield Aptitude	NULL	NULL	NULL	NULL	NULL	NULL	NULL	NULL
5959	Apprentice Soldier's Shield Aptitude	NULL	NULL	NULL	NULL	NULL	NULL	NULL	NULL
5960	Journeyman Soldier's Shield Aptitude	NULL	NULL	NULL	NULL	NULL	NULL	NULL	NULL
5961	Master Soldier's Shield Aptitude	NULL	NULL	NULL	NULL	NULL	NULL	NULL	NULL
5962	Novice Soldier's Sneak Attack Aptitude	NULL	NULL	NULL	NULL	NULL	NULL	NULL	NULL
5963	Apprentice Soldier's Sneak Attack Aptitude	NULL	NULL	NULL	NULL	NULL	NULL	NULL	NULL
5964	Journeyman Soldier's Sneak Attack Aptitude	NULL	NULL	NULL	NULL	NULL	NULL	NULL	NULL
5965	Master Soldier's Sneak Attack Aptitude	NULL	NULL	NULL	NULL	NULL	NULL	NULL	NULL
5966	Vigor of Mhoire	NULL	NULL	NULL	NULL	NULL	NULL	NULL	NULL
5967	Galvanic Arc	64	NULL	NULL	NULL	NULL	NULL	NULL	NULL
5968	Galvanic Blast	64	NULL	NULL	NULL	NULL	NULL	NULL	NULL
5969	Galvanic Strike	64	NULL	NULL	NULL	NULL	NULL	NULL	NULL
5970	Galvanic Streak	64	NULL	NULL	NULL	NULL	NULL	NULL	NULL
5971	Galvanic Volley	64	NULL	NULL	NULL	NULL	NULL	NULL	NULL
5972	Galvanic Bomb	64	NULL	NULL	NULL	NULL	NULL	NULL	NULL
5973	Protection of Mouf	NULL	NULL	NULL	NULL	NULL	NULL	NULL	NULL
5974	Rare Armor Damage Boost I	NULL	NULL	NULL	NULL	NULL	NULL	NULL	NULL
5975	Rare Armor Damage Boost II	NULL	NULL	NULL	NULL	NULL	NULL	NULL	NULL
5976	Rare Armor Damage Boost III	NULL	NULL	NULL	NULL	NULL	NULL	NULL	NULL
5977	Rare Armor Damage Boost IV	NULL	NULL	NULL	NULL	NULL	NULL	NULL	NULL
5978	Rare Armor Damage Boost V	NULL	NULL	NULL	NULL	NULL	NULL	NULL	NULL
5979	Blighted Touch	NULL	NULL	NULL	NULL	NULL	NULL	NULL	NULL
5980	Corrupted Touch	NULL	NULL	NULL	NULL	NULL	NULL	NULL	NULL
5981	Sath'tik's Curse	NULL	NULL	NULL	NULL	NULL	NULL	NULL	NULL
5982	Aura of Hermetic Link Other I	NULL	NULL	NULL	NULL	NULL	NULL	NULL	NULL
5983	Aura of Hermetic Link Other II	NULL	NULL	NULL	NULL	NULL	NULL	NULL	NULL
5984	Aura of Hermetic Link Other III	NULL	NULL	NULL	NULL	NULL	NULL	NULL	NULL
5985	Aura of Hermetic Link Other IV	NULL	NULL	NULL	NULL	NULL	NULL	NULL	NULL
5986	Aura of Hermetic Link Other V	NULL	NULL	NULL	NULL	NULL	NULL	NULL	NULL
5987	Aura of Hermetic Link Other VI	NULL	NULL	NULL	NULL	NULL	NULL	NULL	NULL
5988	Aura of Hermetic Link Other VII	NULL	NULL	NULL	NULL	NULL	NULL	NULL	NULL
5989	Aura of Incantation of Hermetic Link Other	NULL	NULL	NULL	NULL	NULL	NULL	NULL	NULL
5990	Aura of Blood Drinker Other I	NULL	NULL	NULL	NULL	NULL	NULL	NULL	NULL
5991	Aura of Blood Drinker Other II	NULL	NULL	NULL	NULL	NULL	NULL	NULL	NULL
5992	Aura of Blood Drinker Other III	NULL	NULL	NULL	NULL	NULL	NULL	NULL	NULL
5993	Aura of Blood Drinker Other IV	NULL	NULL	NULL	NULL	NULL	NULL	NULL	NULL
5994	Aura of Blood Drinker Other V	NULL	NULL	NULL	NULL	NULL	NULL	NULL	NULL
5995	Aura of Blood Drinker Other VI	NULL	NULL	NULL	NULL	NULL	NULL	NULL	NULL
5996	Aura of Blood Drinker Other VII	NULL	NULL	NULL	NULL	NULL	NULL	NULL	NULL
5997	Aura of Incantation of Blood Drinker Other	NULL	NULL	NULL	NULL	NULL	NULL	NULL	NULL
5998	Aura of Incantation of Blood Drinker Other	NULL	NULL	NULL	NULL	NULL	NULL	NULL	NULL
5999	Aura of Defender Other I	NULL	NULL	NULL	NULL	NULL	NULL	NULL	NULL
6000	Aura of Defender Other II	NULL	NULL	NULL	NULL	NULL	NULL	NULL	NULL
6001	Aura of Defender Other III	NULL	NULL	NULL	NULL	NULL	NULL	NULL	NULL
6002	Aura of Defender Other IV	NULL	NULL	NULL	NULL	NULL	NULL	NULL	NULL
6003	Aura of Defender Other V	NULL	NULL	NULL	NULL	NULL	NULL	NULL	NULL
6004	Aura of Defender Other VI	NULL	NULL	NULL	NULL	NULL	NULL	NULL	NULL
6005	Aura of Defender Other VII	NULL	NULL	NULL	NULL	NULL	NULL	NULL	NULL
6006	Aura of Incantation of Defender Other	NULL	NULL	NULL	NULL	NULL	NULL	NULL	NULL
6007	Aura of Heart Seeker Other I	NULL	NULL	NULL	NULL	NULL	NULL	NULL	NULL
6008	Aura of Heart Seeker Other II	NULL	NULL	NULL	NULL	NULL	NULL	NULL	NULL
6009	Aura of Heart Seeker Other III	NULL	NULL	NULL	NULL	NULL	NULL	NULL	NULL
6010	Aura of Heart Seeker Other IV	NULL	NULL	NULL	NULL	NULL	NULL	NULL	NULL
6011	Aura of Heart Seeker Other V	NULL	NULL	NULL	NULL	NULL	NULL	NULL	NULL
6012	Aura of Heart Seeker Other VI	NULL	NULL	NULL	NULL	NULL	NULL	NULL	NULL
6013	Aura of Heart Seeker Other VII	NULL	NULL	NULL	NULL	NULL	NULL	NULL	NULL
6014	Aura of Incantation of Heart Seeker Other	NULL	NULL	NULL	NULL	NULL	NULL	NULL	NULL
6015	Aura of Spirit Drinker Other I	NULL	NULL	NULL	NULL	NULL	NULL	NULL	NULL
6016	Aura of Spirit Drinker Other II	NULL	NULL	NULL	NULL	NULL	NULL	NULL	NULL
6017	Aura of Spirit Drinker Other III	NULL	NULL	NULL	NULL	NULL	NULL	NULL	NULL
6018	Aura of Spirit Drinker Other IV	NULL	NULL	NULL	NULL	NULL	NULL	NULL	NULL
6019	Aura of Spirit Drinker Other V	NULL	NULL	NULL	NULL	NULL	NULL	NULL	NULL
6020	Aura of Spirit Drinker Other VI	NULL	NULL	NULL	NULL	NULL	NULL	NULL	NULL
6021	Aura of Spirit Drinker Other VII	NULL	NULL	NULL	NULL	NULL	NULL	NULL	NULL
6022	Aura of Incantation of Spirit Drinker Other	NULL	NULL	NULL	NULL	NULL	NULL	NULL	NULL
6023	Aura of Incantation of Spirit Drinker Other	NULL	NULL	NULL	NULL	NULL	NULL	NULL	NULL
6024	Aura of Swift Killer Other I	NULL	NULL	NULL	NULL	NULL	NULL	NULL	NULL
6025	Aura of Swift Killer Other II	NULL	NULL	NULL	NULL	NULL	NULL	NULL	NULL
6026	Aura of Swift Killer Other III	NULL	NULL	NULL	NULL	NULL	NULL	NULL	NULL
6027	Aura of Swift Killer Other IV	NULL	NULL	NULL	NULL	NULL	NULL	NULL	NULL
6028	Aura of Swift Killer Other V	NULL	NULL	NULL	NULL	NULL	NULL	NULL	NULL
6029	Aura of Swift Killer Other VI	NULL	NULL	NULL	NULL	NULL	NULL	NULL	NULL
6030	Aura of Swift Killer Other VII	NULL	NULL	NULL	NULL	NULL	NULL	NULL	NULL
6031	Aura of Incantation of Swift Killer Other	NULL	NULL	NULL	NULL	NULL	NULL	NULL	NULL
6032	Imprisoned	NULL	NULL	NULL	NULL	NULL	NULL	NULL	NULL
6033	Impudence	NULL	NULL	NULL	NULL	NULL	NULL	NULL	NULL
6034	Proving Grounds Rolling Death	NULL	NULL	NULL	NULL	NULL	NULL	NULL	NULL
6035	Spirit of Izexi	NULL	NULL	NULL	NULL	NULL	NULL	NULL	NULL
6036	No Escape	NULL	NULL	NULL	NULL	NULL	NULL	NULL	NULL
6037	Fleeting Will	NULL	NULL	NULL	NULL	NULL	NULL	NULL	NULL
6038	Warm and Fuzzy	NULL	NULL	NULL	NULL	NULL	NULL	NULL	NULL
6039	Legendary Weapon Tinkering Expertise	NULL	NULL	NULL	NULL	NULL	NULL	NULL	NULL
6040	Legendary Alchemical Prowess	NULL	NULL	NULL	NULL	NULL	NULL	NULL	NULL
6041	Legendary Arcane Prowess	NULL	NULL	NULL	NULL	NULL	NULL	NULL	NULL
6042	Legendary Armor Tinkering Expertise	NULL	NULL	NULL	NULL	NULL	NULL	NULL	NULL
6043	Legendary Light Weapon Aptitude	NULL	NULL	NULL	NULL	NULL	NULL	NULL	NULL
6044	Legendary Missile Weapon Aptitude	NULL	NULL	NULL	NULL	NULL	NULL	NULL	NULL
6045	Legendary Cooking Prowess	NULL	NULL	NULL	NULL	NULL	NULL	NULL	NULL
6046	Legendary Creature Enchantment Aptitude	NULL	NULL	NULL	NULL	NULL	NULL	NULL	NULL
6047	Legendary Finesse Weapon Aptitude	NULL	NULL	NULL	NULL	NULL	NULL	NULL	NULL
6048	Legendary Deception Prowess	NULL	NULL	NULL	NULL	NULL	NULL	NULL	NULL
6049	Legendary Dirty Fighting Prowess	NULL	NULL	NULL	NULL	NULL	NULL	NULL	NULL
6050	Legendary Dual Wield Aptitude	NULL	NULL	NULL	NULL	NULL	NULL	NULL	NULL
6051	Legendary Fealty	NULL	NULL	NULL	NULL	NULL	NULL	NULL	NULL
6052	Legendary Fletching Prowess	NULL	NULL	NULL	NULL	NULL	NULL	NULL	NULL
6053	Legendary Healing Prowess	NULL	NULL	NULL	NULL	NULL	NULL	NULL	NULL
6054	Legendary Impregnability	NULL	NULL	NULL	NULL	NULL	NULL	NULL	NULL
6055	Legendary Invulnerability	NULL	NULL	NULL	NULL	NULL	NULL	NULL	NULL
6056	Legendary Item Enchantment Aptitude	NULL	NULL	NULL	NULL	NULL	NULL	NULL	NULL
6057	Legendary Item Tinkering Expertise	NULL	NULL	NULL	NULL	NULL	NULL	NULL	NULL
6058	Legendary Jumping Prowess	NULL	NULL	NULL	NULL	NULL	NULL	NULL	NULL
6059	Legendary Leadership	NULL	NULL	NULL	NULL	NULL	NULL	NULL	NULL
6060	Legendary Life Magic Aptitude	NULL	NULL	NULL	NULL	NULL	NULL	NULL	NULL
6061	Legendary Lockpick Prowess	NULL	NULL	NULL	NULL	NULL	NULL	NULL	NULL
6062	Legendary Magic Item Tinkering Expertise	NULL	NULL	NULL	NULL	NULL	NULL	NULL	NULL
6063	Legendary Magic Resistance	NULL	NULL	NULL	NULL	NULL	NULL	NULL	NULL
6064	Legendary Mana Conversion Prowess	NULL	NULL	NULL	NULL	NULL	NULL	NULL	NULL
6065	Legendary Monster Attunement	NULL	NULL	NULL	NULL	NULL	NULL	NULL	NULL
6066	Legendary Person Attunement	NULL	NULL	NULL	NULL	NULL	NULL	NULL	NULL
6067	Legendary Recklessness Prowess	NULL	NULL	NULL	NULL	NULL	NULL	NULL	NULL
6068	Legendary Salvaging Aptitude	NULL	NULL	NULL	NULL	NULL	NULL	NULL	NULL
6069	Legendary Shield Aptitude	NULL	NULL	NULL	NULL	NULL	NULL	NULL	NULL
6070	Legendary Sneak Attack Prowess	NULL	NULL	NULL	NULL	NULL	NULL	NULL	NULL
6071	Legendary Sprint	NULL	NULL	NULL	NULL	NULL	NULL	NULL	NULL
6072	Legendary Heavy Weapon Aptitude	NULL	NULL	NULL	NULL	NULL	NULL	NULL	NULL
6073	Legendary Two Handed Combat Aptitude	NULL	NULL	NULL	NULL	NULL	NULL	NULL	NULL
6074	Legendary Void Magic Aptitude	NULL	NULL	NULL	NULL	NULL	NULL	NULL	NULL
6075	Legendary War Magic Aptitude	NULL	NULL	NULL	NULL	NULL	NULL	NULL	NULL
6076	Legendary Stamina Gain	NULL	NULL	NULL	NULL	NULL	NULL	NULL	NULL
6077	Legendary Health Gain	NULL	NULL	NULL	NULL	NULL	NULL	NULL	NULL
6078	Legendary Mana Gain	NULL	NULL	NULL	NULL	NULL	NULL	NULL	NULL
6079	Legendary Storm Ward	NULL	NULL	NULL	NULL	NULL	NULL	NULL	NULL
6080	Legendary Acid Ward	NULL	NULL	NULL	NULL	NULL	NULL	NULL	NULL
6081	Legendary Bludgeoning Ward	NULL	NULL	NULL	NULL	NULL	NULL	NULL	NULL
6082	Legendary Flame Ward	NULL	NULL	NULL	NULL	NULL	NULL	NULL	NULL
6083	Legendary Frost Ward	NULL	NULL	NULL	NULL	NULL	NULL	NULL	NULL
6084	Legendary Piercing Ward	NULL	NULL	NULL	NULL	NULL	NULL	NULL	NULL
6085	Legendary Slashing Ward	NULL	NULL	NULL	NULL	NULL	NULL	NULL	NULL
6086	Epic Hermetic Link	NULL	NULL	NULL	NULL	NULL	NULL	NULL	NULL
6087	Legendary Hermetic Link	NULL	NULL	NULL	NULL	NULL	NULL	NULL	NULL
6088	Legendary Acid Bane	NULL	NULL	NULL	NULL	NULL	NULL	NULL	NULL
6089	Legendary Blood Thirst	NULL	NULL	NULL	NULL	NULL	NULL	NULL	NULL
6090	Legendary Bludgeoning Bane	NULL	NULL	NULL	NULL	NULL	NULL	NULL	NULL
6091	Legendary Defender	NULL	NULL	NULL	NULL	NULL	NULL	NULL	NULL
6092	Legendary Flame Bane	NULL	NULL	NULL	NULL	NULL	NULL	NULL	NULL
6093	Legendary Frost Bane	NULL	NULL	NULL	NULL	NULL	NULL	NULL	NULL
6094	Legendary Heart Thirst	NULL	NULL	NULL	NULL	NULL	NULL	NULL	NULL
6095	Legendary Impenetrability	NULL	NULL	NULL	NULL	NULL	NULL	NULL	NULL
6096	Legendary Piercing Bane	NULL	NULL	NULL	NULL	NULL	NULL	NULL	NULL
6097	Legendary Slashing Bane	NULL	NULL	NULL	NULL	NULL	NULL	NULL	NULL
6098	Legendary Spirit Thirst	NULL	NULL	NULL	NULL	NULL	NULL	NULL	NULL
6099	Legendary Storm Bane	NULL	NULL	NULL	NULL	NULL	NULL	NULL	NULL
6100	Legendary Swift Hunter	NULL	NULL	NULL	NULL	NULL	NULL	NULL	NULL
6101	Legendary Willpower	NULL	NULL	NULL	NULL	NULL	NULL	NULL	NULL
6102	Legendary Armor	NULL	NULL	NULL	NULL	NULL	NULL	NULL	NULL
6103	Legendary Coordination	NULL	NULL	NULL	NULL	NULL	NULL	NULL	NULL
6104	Legendary Endurance	NULL	NULL	NULL	NULL	NULL	NULL	NULL	NULL
6105	Legendary Focus	NULL	NULL	NULL	NULL	NULL	NULL	NULL	NULL
6106	Legendary Quickness	NULL	NULL	NULL	NULL	NULL	NULL	NULL	NULL
6107	Legendary Strength	NULL	NULL	NULL	NULL	NULL	NULL	NULL	NULL
6108	Summoning Mastery Other I	NULL	NULL	NULL	NULL	NULL	NULL	NULL	NULL
6109	Summoning Mastery Other II	NULL	NULL	NULL	NULL	NULL	NULL	NULL	NULL
6110	Summoning Mastery Other III	NULL	NULL	NULL	NULL	NULL	NULL	NULL	NULL
6111	Summoning Mastery Other IV	NULL	NULL	NULL	NULL	NULL	NULL	NULL	NULL
6112	Summoning Mastery Other V	NULL	NULL	NULL	NULL	NULL	NULL	NULL	NULL
6113	Summoning Mastery Other VI	NULL	NULL	NULL	NULL	NULL	NULL	NULL	NULL
6114	Summoning Mastery Other VII	NULL	NULL	NULL	NULL	NULL	NULL	NULL	NULL
6115	Incantation of Summoning Mastery Other	NULL	NULL	NULL	NULL	NULL	NULL	NULL	NULL
6116	Summoning Mastery Self I	NULL	NULL	NULL	NULL	NULL	NULL	NULL	NULL
6117	Summoning Mastery Self II	NULL	NULL	NULL	NULL	NULL	NULL	NULL	NULL
6118	Summoning Mastery Self III	NULL	NULL	NULL	NULL	NULL	NULL	NULL	NULL
6119	Summoning Mastery Self IV	NULL	NULL	NULL	NULL	NULL	NULL	NULL	NULL
6120	Summoning Mastery Self V	NULL	NULL	NULL	NULL	NULL	NULL	NULL	NULL
6121	Summoning Mastery Self VI	NULL	NULL	NULL	NULL	NULL	NULL	NULL	NULL
6122	Summoning Mastery Self VII	NULL	NULL	NULL	NULL	NULL	NULL	NULL	NULL
6123	Incantation of Summoning Mastery Self	NULL	NULL	NULL	NULL	NULL	NULL	NULL	NULL
6124	Epic Summoning Prowess	NULL	NULL	NULL	NULL	NULL	NULL	NULL	NULL
6125	Legendary Summoning Prowess	NULL	NULL	NULL	NULL	NULL	NULL	NULL	NULL
6126	Major Summoning Prowess	NULL	NULL	NULL	NULL	NULL	NULL	NULL	NULL
6127	Minor Summoning Prowess	NULL	NULL	NULL	NULL	NULL	NULL	NULL	NULL
6128	Moderate Summoning Prowess	NULL	NULL	NULL	NULL	NULL	NULL	NULL	NULL
6129	Summoning Ineptitude Other I	NULL	NULL	NULL	NULL	NULL	NULL	NULL	NULL
6130	Summoning Ineptitude Other II	NULL	NULL	NULL	NULL	NULL	NULL	NULL	NULL
6131	Summoning Ineptitude Other III	NULL	NULL	NULL	NULL	NULL	NULL	NULL	NULL
6132	Summoning Ineptitude Other IV	NULL	NULL	NULL	NULL	NULL	NULL	NULL	NULL
6133	Summoning Ineptitude Other V	NULL	NULL	NULL	NULL	NULL	NULL	NULL	NULL
6134	Summoning Ineptitude Other VI	NULL	NULL	NULL	NULL	NULL	NULL	NULL	NULL
6135	Summoning Ineptitude Other VII	NULL	NULL	NULL	NULL	NULL	NULL	NULL	NULL
6136	Incantation of Summoning Ineptitude Other	NULL	NULL	NULL	NULL	NULL	NULL	NULL	NULL
6137	Weave of Summoning II	NULL	NULL	NULL	NULL	NULL	NULL	NULL	NULL
6138	Weave of Summoning III	NULL	NULL	NULL	NULL	NULL	NULL	NULL	NULL
6139	Weave of Summoning IV	NULL	NULL	NULL	NULL	NULL	NULL	NULL	NULL
6140	Weave of Summoning V	NULL	NULL	NULL	NULL	NULL	NULL	NULL	NULL
6141	Weave of Summoning I	NULL	NULL	NULL	NULL	NULL	NULL	NULL	NULL
6142	Novice Invoker's Summoning Aptitude	NULL	NULL	NULL	NULL	NULL	NULL	NULL	NULL
6143	Apprentice Invoker's Summoning Aptitude	NULL	NULL	NULL	NULL	NULL	NULL	NULL	NULL
6144	Journeyman Invoker's Summoning Aptitude	NULL	NULL	NULL	NULL	NULL	NULL	NULL	NULL
6145	Master Invoker's Summoning Aptitude	NULL	NULL	NULL	NULL	NULL	NULL	NULL	NULL
6146	Ride The Lightning	NULL	NULL	NULL	NULL	NULL	NULL	NULL	NULL
6147	Entrance to the Frozen Valley	NULL	NULL	NULL	NULL	NULL	NULL	NULL	NULL
6148	Begone and Be Afraid	NULL	NULL	NULL	NULL	NULL	NULL	NULL	NULL
6149	Rynthid Vision	NULL	NULL	NULL	NULL	NULL	NULL	NULL	NULL
6150	Rynthid Recall	NULL	NULL	NULL	NULL	NULL	NULL	NULL	NULL
6151	Crimson Storm	64	NULL	NULL	NULL	NULL	NULL	NULL	NULL
6152	Rocky Shrapnel	4	NULL	NULL	NULL	NULL	NULL	NULL	NULL
6153	Tryptophan Coma	NULL	NULL	NULL	NULL	NULL	NULL	NULL	NULL
6154	Entering the Basement	NULL	NULL	NULL	NULL	NULL	NULL	NULL	NULL
6155	Earthen Stomp	4	NULL	NULL	NULL	NULL	NULL	NULL	NULL
6156	Viridian Ring	4	NULL	NULL	NULL	NULL	NULL	NULL	NULL
6157	Withering Ring	4	NULL	NULL	NULL	NULL	NULL	NULL	NULL
6158	Poison Breath	4	NULL	NULL	NULL	NULL	NULL	NULL	NULL
6159	Thorn Volley	2	NULL	NULL	NULL	NULL	NULL	NULL	NULL
6160	Thorns	2	NULL	NULL	NULL	NULL	NULL	NULL	NULL
6161	Acidic Thorns	32	NULL	NULL	NULL	NULL	NULL	NULL	NULL
6162	Thorn Arc	2	NULL	NULL	NULL	NULL	NULL	NULL	NULL
6163	Ring of Thorns	2	NULL	NULL	NULL	NULL	NULL	NULL	NULL
6164	Deadly Ring of Thorns	2	NULL	NULL	NULL	NULL	NULL	NULL	NULL
6165	Deadly Thorn Volley	2	NULL	NULL	NULL	NULL	NULL	NULL	NULL
6166	Poisoned Wounds	NULL	NULL	NULL	NULL	NULL	NULL	NULL	NULL
6167	Poisoned Vitality	NULL	NULL	NULL	NULL	NULL	NULL	NULL	NULL
6168	Deadly Ring of Lightning	64	NULL	NULL	NULL	NULL	NULL	NULL	NULL
6169	Deadly Lightning Volley	64	NULL	NULL	NULL	NULL	NULL	NULL	NULL
6170	Honeyed Life Mead	NULL	NULL	NULL	NULL	NULL	NULL	NULL	NULL
6171	Honeyed Mana Mead	NULL	NULL	NULL	NULL	NULL	NULL	NULL	NULL
6172	Honeyed Vigor Mead	NULL	NULL	NULL	NULL	NULL	NULL	NULL	NULL
6173	Raging Heart	NULL	NULL	NULL	NULL	NULL	NULL	NULL	NULL
6174	Twisting Wounds	NULL	NULL	NULL	NULL	NULL	NULL	NULL	NULL
6175	Increasing Pain	NULL	NULL	NULL	NULL	NULL	NULL	NULL	NULL
6176	Genius	NULL	NULL	NULL	NULL	NULL	NULL	NULL	NULL
6177	Gauntlet Item Mastery	NULL	NULL	NULL	NULL	NULL	NULL	NULL	NULL
6178	Gauntlet Weapon Mastery	NULL	NULL	NULL	NULL	NULL	NULL	NULL	NULL
6179	Gauntlet Magic Item Mastery	NULL	NULL	NULL	NULL	NULL	NULL	NULL	NULL
6180	Gauntlet Armor Mastery	NULL	NULL	NULL	NULL	NULL	NULL	NULL	NULL
6181	Singeing Flames	16	NULL	NULL	NULL	NULL	NULL	NULL	NULL
6182	Over-Exerted	NULL	NULL	NULL	NULL	NULL	NULL	NULL	NULL
6183	Return to the Stronghold	NULL	NULL	NULL	NULL	NULL	NULL	NULL	NULL
6184	Return to the Stronghold	NULL	NULL	NULL	NULL	NULL	NULL	NULL	NULL
6185	Return to the Stronghold	NULL	NULL	NULL	NULL	NULL	NULL	NULL	NULL
6186	Deafening Wail	4	NULL	NULL	NULL	NULL	NULL	NULL	NULL
6187	Screeching Howl	2	NULL	NULL	NULL	NULL	NULL	NULL	NULL
6188	Earthquake	4	NULL	NULL	NULL	NULL	NULL	NULL	NULL
6189	Searing Disc II	32	NULL	NULL	NULL	NULL	NULL	NULL	NULL
6190	Horizon's Blades II	1	NULL	NULL	NULL	NULL	NULL	NULL	NULL
6191	Cassius' Ring of Fire II	16	NULL	NULL	NULL	NULL	NULL	NULL	NULL
6192	Nuhmudira's Spines II	2	NULL	NULL	NULL	NULL	NULL	NULL	NULL
6193	Halo of Frost II	8	NULL	NULL	NULL	NULL	NULL	NULL	NULL
6194	Eye of the Storm II	64	NULL	NULL	NULL	NULL	NULL	NULL	NULL
6195	Clouded Soul II	1024	NULL	NULL	NULL	NULL	NULL	NULL	NULL
6196	Tectonic Rifts II	4	NULL	NULL	NULL	NULL	NULL	NULL	NULL
6197	Eye of the Storm II	64	NULL	NULL	NULL	NULL	NULL	NULL	NULL
6198	Incantation of Lightning Bolt	64	NULL	NULL	NULL	NULL	NULL	NULL	NULL
6199	Incantation of Lightning Arc	64	NULL	NULL	NULL	NULL	NULL	NULL	NULL
6200	Paragon's Dual Wield Mastery V	NULL	NULL	NULL	NULL	NULL	NULL	NULL	NULL
6201	Paragon's Finesse Weapon Mastery I	NULL	NULL	NULL	NULL	NULL	NULL	NULL	NULL
6202	Paragon's Finesse Weapon Mastery II	NULL	NULL	NULL	NULL	NULL	NULL	NULL	NULL
6203	Paragon's Finesse Weapon Mastery III	NULL	NULL	NULL	NULL	NULL	NULL	NULL	NULL
6204	Paragon's Finesse Weapon Mastery IV	NULL	NULL	NULL	NULL	NULL	NULL	NULL	NULL
6205	Paragon's Finesse Weapon Mastery V	NULL	NULL	NULL	NULL	NULL	NULL	NULL	NULL
6206	Paragon's Heavy Weapon Mastery I	NULL	NULL	NULL	NULL	NULL	NULL	NULL	NULL
6207	Paragon's Heavy Weapon Mastery II	NULL	NULL	NULL	NULL	NULL	NULL	NULL	NULL
6208	Paragon's Heavy Weapon Mastery III	NULL	NULL	NULL	NULL	NULL	NULL	NULL	NULL
6209	Paragon's Heavy Weapon Mastery IV	NULL	NULL	NULL	NULL	NULL	NULL	NULL	NULL
6210	Paragon's Heavy Weapon Mastery V	NULL	NULL	NULL	NULL	NULL	NULL	NULL	NULL
6211	Paragon's Life Magic Mastery I	NULL	NULL	NULL	NULL	NULL	NULL	NULL	NULL
6212	Paragon's Life Magic Mastery II	NULL	NULL	NULL	NULL	NULL	NULL	NULL	NULL
6213	Paragon's Life Magic Mastery III	NULL	NULL	NULL	NULL	NULL	NULL	NULL	NULL
6214	Paragon's Life Magic Mastery IV	NULL	NULL	NULL	NULL	NULL	NULL	NULL	NULL
6215	Paragon's Life Magic Mastery V	NULL	NULL	NULL	NULL	NULL	NULL	NULL	NULL
6216	Paragon's Light Weapon Mastery I	NULL	NULL	NULL	NULL	NULL	NULL	NULL	NULL
6217	Paragon's Light Weapon Mastery II	NULL	NULL	NULL	NULL	NULL	NULL	NULL	NULL
6218	Paragon's Light Weapon Mastery III	NULL	NULL	NULL	NULL	NULL	NULL	NULL	NULL
6219	Paragon's Light Weapon Mastery IV	NULL	NULL	NULL	NULL	NULL	NULL	NULL	NULL
6220	Paragon's Light Weapon Mastery V	NULL	NULL	NULL	NULL	NULL	NULL	NULL	NULL
6221	Paragon's Missile Weapon Mastery I	NULL	NULL	NULL	NULL	NULL	NULL	NULL	NULL
6222	Paragon's Missile Weapon Mastery II	NULL	NULL	NULL	NULL	NULL	NULL	NULL	NULL
6223	Paragon's Missile Weapon Mastery III	NULL	NULL	NULL	NULL	NULL	NULL	NULL	NULL
6224	Paragon's Missile Weapon Mastery IV	NULL	NULL	NULL	NULL	NULL	NULL	NULL	NULL
6225	Paragon's Missile Weapon Mastery V	NULL	NULL	NULL	NULL	NULL	NULL	NULL	NULL
6226	Paragon's Recklessness Mastery I	NULL	NULL	NULL	NULL	NULL	NULL	NULL	NULL
6227	Paragon's Recklessness Mastery II	NULL	NULL	NULL	NULL	NULL	NULL	NULL	NULL
6228	Paragon's Recklessness Mastery III	NULL	NULL	NULL	NULL	NULL	NULL	NULL	NULL
6229	Paragon's Recklessness Mastery IV	NULL	NULL	NULL	NULL	NULL	NULL	NULL	NULL
6230	Paragon's Recklessness Mastery V	NULL	NULL	NULL	NULL	NULL	NULL	NULL	NULL
6231	Paragon's Sneak Attack Mastery I	NULL	NULL	NULL	NULL	NULL	NULL	NULL	NULL
6232	Paragon's Sneak Attack Mastery II	NULL	NULL	NULL	NULL	NULL	NULL	NULL	NULL
6233	Paragon's Sneak Attack Mastery III	NULL	NULL	NULL	NULL	NULL	NULL	NULL	NULL
6234	Paragon's Sneak Attack Mastery IV	NULL	NULL	NULL	NULL	NULL	NULL	NULL	NULL
6235	Paragon's Sneak Attack Mastery V	NULL	NULL	NULL	NULL	NULL	NULL	NULL	NULL
6236	Paragon's Two Handed Combat Mastery I	NULL	NULL	NULL	NULL	NULL	NULL	NULL	NULL
6237	Paragon's Two Handed Combat Mastery II	NULL	NULL	NULL	NULL	NULL	NULL	NULL	NULL
6238	Paragon's Two Handed Combat Mastery III	NULL	NULL	NULL	NULL	NULL	NULL	NULL	NULL
6239	Paragon's Two Handed Combat Mastery IV	NULL	NULL	NULL	NULL	NULL	NULL	NULL	NULL
6240	Paragon's Two Handed Combat Mastery V	NULL	NULL	NULL	NULL	NULL	NULL	NULL	NULL
6241	Paragon's Void Magic Mastery I	NULL	NULL	NULL	NULL	NULL	NULL	NULL	NULL
6242	Paragon's Void Magic Mastery II	NULL	NULL	NULL	NULL	NULL	NULL	NULL	NULL
6243	Paragon's Void Magic Mastery III	NULL	NULL	NULL	NULL	NULL	NULL	NULL	NULL
6244	Paragon's Void Magic Mastery IV	NULL	NULL	NULL	NULL	NULL	NULL	NULL	NULL
6245	Paragon's Void Magic Mastery V	NULL	NULL	NULL	NULL	NULL	NULL	NULL	NULL
6246	Paragon's War Magic Mastery I	NULL	NULL	NULL	NULL	NULL	NULL	NULL	NULL
6247	Paragon's War Magic Mastery II	NULL	NULL	NULL	NULL	NULL	NULL	NULL	NULL
6248	Paragon's War Magic Mastery III	NULL	NULL	NULL	NULL	NULL	NULL	NULL	NULL
6249	Paragon's War Magic Mastery IV	NULL	NULL	NULL	NULL	NULL	NULL	NULL	NULL
6250	Paragon's War Magic Mastery V	NULL	NULL	NULL	NULL	NULL	NULL	NULL	NULL
6251	Paragon's Dirty Fighting Mastery I	NULL	NULL	NULL	NULL	NULL	NULL	NULL	NULL
6252	Paragon's Dirty Fighting Mastery II	NULL	NULL	NULL	NULL	NULL	NULL	NULL	NULL
6253	Paragon's Dirty Fighting Mastery III	NULL	NULL	NULL	NULL	NULL	NULL	NULL	NULL
6254	Paragon's Dirty Fighting Mastery IV	NULL	NULL	NULL	NULL	NULL	NULL	NULL	NULL
6255	Paragon's Dirty Fighting Mastery V	NULL	NULL	NULL	NULL	NULL	NULL	NULL	NULL
6256	Paragon's Dual Wield Mastery I	NULL	NULL	NULL	NULL	NULL	NULL	NULL	NULL
6257	Paragon's Dual Wield Mastery II	NULL	NULL	NULL	NULL	NULL	NULL	NULL	NULL
6258	Paragon's Dual Wield Mastery III	NULL	NULL	NULL	NULL	NULL	NULL	NULL	NULL
6259	Paragon's Dual Wield Mastery IV	NULL	NULL	NULL	NULL	NULL	NULL	NULL	NULL
6260	Paragon's Willpower V	NULL	NULL	NULL	NULL	NULL	NULL	NULL	NULL
6261	Paragon's Coordination I	NULL	NULL	NULL	NULL	NULL	NULL	NULL	NULL
6262	Paragon's Coordination II	NULL	NULL	NULL	NULL	NULL	NULL	NULL	NULL
6263	Paragon's Coordination III	NULL	NULL	NULL	NULL	NULL	NULL	NULL	NULL
6264	Paragon's Coordination IV	NULL	NULL	NULL	NULL	NULL	NULL	NULL	NULL
6265	Paragon's Coordination V	NULL	NULL	NULL	NULL	NULL	NULL	NULL	NULL
6266	Paragon's Endurance I	NULL	NULL	NULL	NULL	NULL	NULL	NULL	NULL
6267	Paragon's Endurance II	NULL	NULL	NULL	NULL	NULL	NULL	NULL	NULL
6268	Paragon's Endurance III	NULL	NULL	NULL	NULL	NULL	NULL	NULL	NULL
6269	Paragon's Endurance IV	NULL	NULL	NULL	NULL	NULL	NULL	NULL	NULL
6270	Paragon's Endurance V	NULL	NULL	NULL	NULL	NULL	NULL	NULL	NULL
6271	Paragon's Focus I	NULL	NULL	NULL	NULL	NULL	NULL	NULL	NULL
6272	Paragon's Focus II	NULL	NULL	NULL	NULL	NULL	NULL	NULL	NULL
6273	Paragon's Focus III	NULL	NULL	NULL	NULL	NULL	NULL	NULL	NULL
6274	Paragon's Focus IV	NULL	NULL	NULL	NULL	NULL	NULL	NULL	NULL
6275	Paragon's Focus V	NULL	NULL	NULL	NULL	NULL	NULL	NULL	NULL
6276	Paragon Quickness I	NULL	NULL	NULL	NULL	NULL	NULL	NULL	NULL
6277	Paragon Quickness II	NULL	NULL	NULL	NULL	NULL	NULL	NULL	NULL
6278	Paragon Quickness III	NULL	NULL	NULL	NULL	NULL	NULL	NULL	NULL
6279	Paragon Quickness IV	NULL	NULL	NULL	NULL	NULL	NULL	NULL	NULL
6280	Paragon Quickness V	NULL	NULL	NULL	NULL	NULL	NULL	NULL	NULL
6281	Paragon's Strength I	NULL	NULL	NULL	NULL	NULL	NULL	NULL	NULL
6282	Paragon's Strength II	NULL	NULL	NULL	NULL	NULL	NULL	NULL	NULL
6283	Paragon's Strength III	NULL	NULL	NULL	NULL	NULL	NULL	NULL	NULL
6284	Paragon's Strength IV	NULL	NULL	NULL	NULL	NULL	NULL	NULL	NULL
6285	Paragon's Strength V	NULL	NULL	NULL	NULL	NULL	NULL	NULL	NULL
6286	Paragon's Willpower I	NULL	NULL	NULL	NULL	NULL	NULL	NULL	NULL
6287	Paragon's Willpower II	NULL	NULL	NULL	NULL	NULL	NULL	NULL	NULL
6288	Paragon's Willpower III	NULL	NULL	NULL	NULL	NULL	NULL	NULL	NULL
6289	Paragon's Willpower IV	NULL	NULL	NULL	NULL	NULL	NULL	NULL	NULL
6290	Paragon's Stamina V	NULL	NULL	NULL	NULL	NULL	NULL	NULL	NULL
6291	Paragon's Critical Boost I	NULL	NULL	NULL	NULL	NULL	NULL	NULL	NULL
6292	Paragon's Critical Damage Boost II	NULL	NULL	NULL	NULL	NULL	NULL	NULL	NULL
6293	Paragon's Critical Damage Boost III	NULL	NULL	NULL	NULL	NULL	NULL	NULL	NULL
6294	Paragon's Critical Damage Boost IV	NULL	NULL	NULL	NULL	NULL	NULL	NULL	NULL
6295	Paragon's Critical Damage Boost V	NULL	NULL	NULL	NULL	NULL	NULL	NULL	NULL
6296	Paragon's Critical Damage Reduction I	NULL	NULL	NULL	NULL	NULL	NULL	NULL	NULL
6297	Paragon's Critical Damage Reduction II	NULL	NULL	NULL	NULL	NULL	NULL	NULL	NULL
6298	Paragon's Critical Damage Reduction III	NULL	NULL	NULL	NULL	NULL	NULL	NULL	NULL
6299	Paragon's Critical Damage Reduction IV	NULL	NULL	NULL	NULL	NULL	NULL	NULL	NULL
6300	Paragon's Critical Damage Reduction V	NULL	NULL	NULL	NULL	NULL	NULL	NULL	NULL
6301	Paragon's Damage Boost I	NULL	NULL	NULL	NULL	NULL	NULL	NULL	NULL
6302	Paragon's Damage Boost II	NULL	NULL	NULL	NULL	NULL	NULL	NULL	NULL
6303	Paragon's Damage Boost III	NULL	NULL	NULL	NULL	NULL	NULL	NULL	NULL
6304	Paragon's Damage Boost IV	NULL	NULL	NULL	NULL	NULL	NULL	NULL	NULL
6305	Paragon's Damage Boost V	NULL	NULL	NULL	NULL	NULL	NULL	NULL	NULL
6306	Paragon's Damage Reduction I	NULL	NULL	NULL	NULL	NULL	NULL	NULL	NULL
6307	Paragon's Damage Reduction II	NULL	NULL	NULL	NULL	NULL	NULL	NULL	NULL
6308	Paragon's Damage Reduction III	NULL	NULL	NULL	NULL	NULL	NULL	NULL	NULL
6309	Paragon's Damage Reduction IV	NULL	NULL	NULL	NULL	NULL	NULL	NULL	NULL
6310	Paragon's Damage Reduction V	NULL	NULL	NULL	NULL	NULL	NULL	NULL	NULL
6311	Paragon's Mana I	NULL	NULL	NULL	NULL	NULL	NULL	NULL	NULL
6312	Paragon's Mana II	NULL	NULL	NULL	NULL	NULL	NULL	NULL	NULL
6313	Paragon's Mana III	NULL	NULL	NULL	NULL	NULL	NULL	NULL	NULL
6314	Paragon's Mana IV	NULL	NULL	NULL	NULL	NULL	NULL	NULL	NULL
6315	Paragon's Mana V	NULL	NULL	NULL	NULL	NULL	NULL	NULL	NULL
6316	Paragon's Stamina I	NULL	NULL	NULL	NULL	NULL	NULL	NULL	NULL
6317	Paragon's Stamina II	NULL	NULL	NULL	NULL	NULL	NULL	NULL	NULL
6318	Paragon's Stamina III	NULL	NULL	NULL	NULL	NULL	NULL	NULL	NULL
6319	Paragon's Stamina IV	NULL	NULL	NULL	NULL	NULL	NULL	NULL	NULL
6320	Ring of Skulls II	1024	NULL	NULL	NULL	NULL	NULL	NULL	NULL
6321	Viridian Rise Recall	NULL	NULL	NULL	NULL	NULL	NULL	NULL	NULL
6322	Viridian Rise Great Tree Recall	NULL	NULL	NULL	NULL	NULL	NULL	NULL	NULL
6323	Gauntlet Imperil Self	NULL	NULL	NULL	NULL	NULL	NULL	NULL	NULL
6324	Gauntlet Vulnerability Self	NULL	NULL	NULL	NULL	NULL	NULL	NULL	NULL
6325	Celestial Hand Stronghold Recall	NULL	NULL	NULL	NULL	NULL	NULL	NULL	NULL
6326	Eldrytch Web Stronghold Recall	NULL	NULL	NULL	NULL	NULL	NULL	NULL	NULL
6327	Radiant Blood Stronghold Recall	NULL	NULL	NULL	NULL	NULL	NULL	NULL	NULL
6328	Gauntlet Critical Damage Boost I	NULL	NULL	NULL	NULL	NULL	NULL	NULL	NULL
6329	Gauntlet Critical Damage Boost II	NULL	NULL	NULL	NULL	NULL	NULL	NULL	NULL
6330	Gauntlet Damage Boost I	NULL	NULL	NULL	NULL	NULL	NULL	NULL	NULL
6331	Gauntlet Damage Boost II	NULL	NULL	NULL	NULL	NULL	NULL	NULL	NULL
6332	Gauntlet Damage Reduction I	NULL	NULL	NULL	NULL	NULL	NULL	NULL	NULL
6333	Gauntlet Damage Reduction II	NULL	NULL	NULL	NULL	NULL	NULL	NULL	NULL
6334	Gauntlet Critical Damage Reduction I	NULL	NULL	NULL	NULL	NULL	NULL	NULL	NULL
6335	Gauntlet Critical Damage Reduction II	NULL	NULL	NULL	NULL	NULL	NULL	NULL	NULL
6336	Gauntlet Healing Boost I	NULL	NULL	NULL	NULL	NULL	NULL	NULL	NULL
6337	Gauntlet Healing Boost II	NULL	NULL	NULL	NULL	NULL	NULL	NULL	NULL
6338	Gauntlet Vitality I	NULL	NULL	NULL	NULL	NULL	NULL	NULL	NULL
6339	Gauntlet Vitality II	NULL	NULL	NULL	NULL	NULL	NULL	NULL	NULL
6340	Gauntlet Vitality III	NULL	NULL	NULL	NULL	NULL	NULL	NULL	NULL
